date,latitude,longitude,magnitude,depth_km,damage_occurred,city,province,deaths
2020-01-01,36.2504,74.2021,3.0,34.5,0,Gilgit,GB,0
2020-01-06,27.7105,67.109,1.7,32.6,0,Khuzdar,Balochistan,0
2020-01-08,33.15,73.75,4.3,16.5,0,Mirpur,AJK,0
2020-01-11,34.8159,73.6909,2.4,23.0,0,Muzaffarabad,AJK,0
2020-01-15,30.1798,66.975,3.7,20.5,0,Quetta,Balochistan,0
2020-01-16,29.6802,67.0704,1.8,25.1,0,Quetta,Balochistan,0
2020-01-21,33.4746,72.8329,2.8,49.5,0,Rawalpindi,Punjab,0
2020-01-26,34.0077,71.5711,3.1,53.7,0,Peshawar,KPK,0
2020-01-31,34.9711,72.178,2.4,30.8,0,Swat,KPK,0
2020-02-05,33.3301,72.8528,1.9,30.4,0,Rawalpindi,Punjab,0
2020-02-10,33.7823,72.0236,1.5,38.2,0,Peshawar,KPK,0
2020-02-11,34.0151,71.5249,4.2,30.2,0,Peshawar,KPK,0
2020-02-15,35.1902,72.3148,1.8,8.1,0,Swat,KPK,0
2020-02-20,34.2113,73.3305,2.3,48.6,0,Islamabad,ICT,0
2020-02-25,35.7198,74.2452,3.1,42.4,0,Gilgit,GB,0
2020-03-01,35.9309,74.6699,3.1,8.1,0,Gilgit,GB,0
2020-03-06,27.7241,67.0048,2.5,51.2,0,Khuzdar,Balochistan,0
2020-03-11,34.86,73.1946,3.3,49.2,0,Muzaffarabad,AJK,0
2020-03-16,30.0901,66.7673,3.1,17.6,0,Quetta,Balochistan,0
2020-03-21,33.8267,72.9335,3.3,45.7,0,Rawalpindi,Punjab,0
2020-03-25,35.9221,74.3082,4.7,44.5,0,Gilgit,GB,0
2020-03-26,33.9655,71.8649,2.3,46.2,0,Peshawar,KPK,0
2020-03-31,35.3125,72.7684,1.9,33.3,0,Swat,KPK,0
2020-04-05,33.9488,73.2456,2.6,50.9,0,Rawalpindi,Punjab,0
2020-04-10,33.8015,71.4479,2.1,65.1,0,Peshawar,KPK,0
2020-04-15,35.7201,72.7905,2.9,62.6,0,Swat,KPK,0
2020-04-18,34.37,73.47,5.1,12.7,1,Muzaffarabad,AJK,2
2020-04-20,34.4809,73.4586,3.6,10.8,0,Muzaffarabad,AJK,0
2020-04-20,33.3865,73.0478,2.8,10.0,0,Islamabad,ICT,0
2020-04-25,36.2111,73.9875,2.1,48.6,0,Gilgit,GB,0
2020-04-30,27.4526,66.7744,2.0,54.2,0,Khuzdar,Balochistan,0
2020-05-02,34.2417,73.3061,3.3,18.3,0,Muzaffarabad,AJK,0
2020-05-04,34.2645,73.3169,3.1,13.1,0,Muzaffarabad,AJK,0
2020-05-05,33.4977,73.3994,1.7,13.0,0,Rawalpindi,Punjab,0
2020-05-05,34.3653,73.6142,3.7,12.7,0,Muzaffarabad,AJK,0
2020-05-06,34.1795,73.2753,3.5,12.1,0,Muzaffarabad,AJK,0
2020-05-06,35.2227,72.4258,4.5,25.1,0,Swat,KPK,0
2020-05-10,33.5247,71.0425,1.5,57.9,0,Peshawar,KPK,0
2020-05-15,35.2504,72.3932,2.8,61.6,0,Swat,KPK,0
2020-05-20,34.1031,72.6589,2.5,66.0,0,Islamabad,ICT,0
2020-05-25,35.4432,74.0159,3.3,48.9,0,Gilgit,GB,0
2020-05-30,28.1229,66.5187,2.4,58.5,0,Khuzdar,Balochistan,0
2020-06-01,30.1798,66.975,3.5,18.8,0,Quetta,Balochistan,0
2020-06-04,33.373,73.2853,2.2,41.4,0,Islamabad,ICT,0
2020-06-09,35.7305,74.0158,2.8,35.7,0,Gilgit,GB,0
2020-06-14,27.8434,66.3168,2.0,56.3,0,Khuzdar,Balochistan,0
2020-06-19,34.1481,73.7983,3.1,12.0,0,Muzaffarabad,AJK,0
2020-06-24,29.9766,66.9959,1.9,20.4,0,Quetta,Balochistan,0
2020-06-29,33.5749,73.0227,1.6,10.9,0,Rawalpindi,Punjab,0
2020-07-04,34.0955,72.7532,2.4,35.4,0,Islamabad,ICT,0
2020-07-09,36.0168,74.0399,2.9,24.4,0,Gilgit,GB,0
2020-07-14,27.5863,66.9749,2.3,11.1,0,Khuzdar,Balochistan,0
2020-07-14,34.209,71.086,4.9,34.7,1,Khyber,KPK,1
2020-07-19,34.3194,73.6319,2.0,69.2,0,Muzaffarabad,AJK,0
2020-07-24,30.1728,66.8151,3.2,56.0,0,Quetta,Balochistan,0
2020-07-29,33.5436,72.603,2.8,34.2,0,Rawalpindi,Punjab,0
2020-08-03,34.1213,73.0914,3.4,8.7,0,Muzaffarabad,AJK,0
2020-08-08,30.0023,67.135,2.9,67.1,0,Quetta,Balochistan,0
2020-08-13,33.5036,73.498,2.0,26.1,0,Rawalpindi,Punjab,0
2020-08-18,33.6418,71.0755,1.7,5.1,0,Peshawar,KPK,0
2020-08-22,30.92,66.45,5.1,19.4,1,Chaman,Balochistan,3
2020-08-23,35.4754,72.666,1.5,47.9,0,Swat,KPK,0
2020-08-25,30.7243,66.2424,3.9,28.4,0,Chaman,Balochistan,0
2020-08-25,30.7962,66.5286,4.1,21.5,0,Chaman,Balochistan,0
2020-08-28,33.4531,73.0979,1.8,52.1,0,Islamabad,ICT,0
2020-09-02,34.0889,71.9532,3.0,47.4,0,Peshawar,KPK,0
2020-09-04,31.1865,66.4511,3.1,18.3,0,Chaman,Balochistan,0
2020-09-06,30.9184,66.56,2.6,15.2,0,Chaman,Balochistan,0
2020-09-07,35.1158,72.8589,2.6,46.8,0,Swat,KPK,0
2020-09-10,35.9221,74.3082,4.4,48.6,0,Gilgit,GB,0
2020-09-12,33.4588,73.0712,2.8,32.0,0,Islamabad,ICT,0
2020-09-17,35.4855,74.4107,3.2,28.9,0,Gilgit,GB,0
2020-09-22,27.6956,66.9531,2.7,61.0,0,Khuzdar,Balochistan,0
2020-09-27,34.0836,73.5686,2.3,57.1,0,Muzaffarabad,AJK,0
2020-10-02,33.996,71.4445,2.4,37.5,0,Peshawar,KPK,0
2020-10-03,33.5651,73.0169,4.1,27.4,0,Rawalpindi,Punjab,0
2020-10-07,34.8395,72.8468,2.4,47.5,0,Swat,KPK,0
2020-10-12,33.3101,72.7887,1.9,11.0,0,Islamabad,ICT,0
2020-10-17,36.3219,74.1429,2.0,13.8,0,Gilgit,GB,0
2020-10-22,28.1434,66.3698,1.9,6.4,0,Khuzdar,Balochistan,0
2020-10-27,34.67,73.1916,2.5,47.8,0,Muzaffarabad,AJK,0
2020-11-01,35.5165,74.143,3.2,27.9,0,Gilgit,GB,0
2020-11-06,27.812,66.904,3.4,23.1,0,Khuzdar,Balochistan,0
2020-11-11,33.9719,73.2621,2.4,64.2,0,Muzaffarabad,AJK,0
2020-11-16,29.7005,66.7998,2.6,41.3,0,Quetta,Balochistan,0
2020-11-19,30.1,67.94,5.5,16.6,1,Harnai,Balochistan,10
2020-11-21,33.8264,72.5304,2.9,31.6,0,Rawalpindi,Punjab,0
2020-11-22,30.1516,68.0149,3.6,22.4,0,Harnai,Balochistan,0
2020-11-25,29.9397,67.9021,3.5,16.7,0,Harnai,Balochistan,0
2020-11-26,34.3276,71.6371,1.5,20.9,0,Peshawar,KPK,0
2020-11-28,29.8651,67.947,3.2,13.9,0,Harnai,Balochistan,0
2020-12-01,35.9927,73.9438,2.8,25.4,0,Gilgit,GB,0
2020-12-03,30.1567,67.9741,4.3,11.0,0,Harnai,Balochistan,0
2020-12-04,30.2582,67.7862,4.3,17.5,0,Harnai,Balochistan,0
2020-12-06,27.5257,67.0671,1.9,16.6,0,Khuzdar,Balochistan,0
2020-12-07,30.1618,67.967,4.1,13.8,0,Harnai,Balochistan,0
2020-12-07,30.1125,67.7361,3.2,24.3,0,Harnai,Balochistan,0
2020-12-07,30.58,66.99,4.3,23.0,0,Pishin,Balochistan,0
2020-12-07,30.2136,68.1616,4.3,16.3,0,Harnai,Balochistan,0
2020-12-11,34.334,73.263,2.2,60.1,0,Muzaffarabad,AJK,0
2020-12-16,30.6515,66.6393,2.4,47.8,0,Quetta,Balochistan,0
2020-12-21,33.0821,73.2543,2.3,46.9,0,Rawalpindi,Punjab,0
2020-12-25,34.37,73.47,3.9,17.0,0,Muzaffarabad,AJK,0
2020-12-26,34.1487,71.0995,3.0,20.2,0,Peshawar,KPK,0
2020-12-31,35.5742,72.6352,3.0,64.5,0,Swat,KPK,0
2021-01-05,33.367,72.6293,1.7,12.5,0,Rawalpindi,Punjab,0
2021-01-10,33.912,71.8185,2.7,62.8,0,Peshawar,KPK,0
2021-01-12,30.1798,66.975,4.5,21.7,0,Quetta,Balochistan,0
2021-01-15,35.4158,72.6908,2.9,52.8,0,Swat,KPK,0
2021-01-20,33.7817,73.5004,2.1,48.6,0,Islamabad,ICT,0
2021-01-25,35.6506,74.2067,1.6,25.7,0,Gilgit,GB,0
2021-01-30,27.3595,66.1967,2.4,27.7,0,Khuzdar,Balochistan,0
2021-02-04,33.4525,72.857,3.3,52.2,0,Islamabad,ICT,0
2021-02-08,35.2227,72.4258,3.8,30.4,0,Swat,KPK,0
2021-02-09,36.1898,74.1934,2.7,47.1,0,Gilgit,GB,0
2021-02-14,27.7528,66.8107,2.1,37.2,0,Khuzdar,Balochistan,0
2021-02-19,34.3369,73.915,3.4,5.6,0,Muzaffarabad,AJK,0
2021-02-24,30.3078,66.9203,1.5,44.5,0,Quetta,Balochistan,0
2021-03-01,35.7516,74.5098,2.8,20.1,0,Gilgit,GB,0
2021-03-06,27.4517,66.3822,1.7,43.1,0,Khuzdar,Balochistan,0
2021-03-11,34.4895,73.0088,2.8,61.5,0,Muzaffarabad,AJK,0
2021-03-16,30.6514,66.7379,2.9,39.1,0,Quetta,Balochistan,0
2021-03-18,31.3416,69.4482,4.8,26.5,0,Zhob,Balochistan,0
2021-03-21,33.32,72.559,2.1,30.5,0,Rawalpindi,Punjab,0
2021-03-26,34.4598,71.3136,3.4,64.5,0,Peshawar,KPK,0
2021-03-31,35.1226,72.1098,2.9,54.4,0,Swat,KPK,0
2021-04-05,33.15,73.75,5.1,15.6,1,Mirpur,AJK,2
2021-04-05,33.2646,72.8087,3.1,49.9,0,Rawalpindi,Punjab,0
2021-04-10,33.4051,73.955,3.4,9.7,0,Mirpur,AJK,0
2021-04-10,34.0109,71.2046,3.3,54.8,0,Peshawar,KPK,0
2021-04-15,34.7914,72.3474,1.7,55.2,0,Swat,KPK,0
2021-04-18,32.8846,73.4758,2.7,15.9,0,Mirpur,AJK,0
2021-04-18,33.0781,73.7795,3.2,12.7,0,Mirpur,AJK,0
2021-04-19,32.8677,73.7812,3.6,22.8,0,Mirpur,AJK,0
2021-04-20,33.9622,73.353,1.7,13.1,0,Islamabad,ICT,0
2021-04-25,35.7947,74.2076,2.9,47.0,0,Gilgit,GB,0
2021-04-30,28.0264,66.8913,3.0,13.0,0,Khuzdar,Balochistan,0
2021-05-02,35.9221,74.3082,4.2,45.9,0,Gilgit,GB,0
2021-05-05,33.5744,73.125,2.2,44.7,0,Rawalpindi,Punjab,0
2021-05-10,33.7468,71.9473,2.5,68.9,0,Peshawar,KPK,0
2021-05-15,35.6016,72.2511,1.6,67.8,0,Swat,KPK,0
2021-05-20,33.6433,73.4687,3.0,46.0,0,Islamabad,ICT,0
2021-05-25,35.7629,74.5829,2.5,43.4,0,Gilgit,GB,0
2021-05-30,27.7419,66.1581,2.1,21.8,0,Khuzdar,Balochistan,0
2021-06-04,33.4234,73.0909,1.8,18.8,0,Islamabad,ICT,0
2021-06-09,35.6558,74.2807,3.3,38.1,0,Gilgit,GB,0
2021-06-10,30.1,67.94,5.9,14.0,1,Harnai,Balochistan,20
2021-06-12,30.2521,68.0851,4.8,18.5,0,Harnai,Balochistan,0
2021-06-12,30.0871,67.9527,4.0,13.6,0,Harnai,Balochistan,0
2021-06-14,27.6349,66.6617,2.7,45.3,0,Khuzdar,Balochistan,0
2021-06-15,29.8165,68.1304,4.6,9.2,0,Harnai,Balochistan,0
2021-06-15,30.0289,68.1244,3.6,19.8,0,Harnai,Balochistan,0
2021-06-16,30.393,68.1832,4.6,12.6,0,Harnai,Balochistan,0
2021-06-19,34.5907,73.4323,3.4,16.9,0,Muzaffarabad,AJK,0
2021-06-21,29.9159,67.8162,3.7,14.8,0,Harnai,Balochistan,0
2021-06-22,30.0366,68.0786,4.8,14.9,0,Harnai,Balochistan,0
2021-06-23,29.9901,67.8526,4.7,19.5,0,Harnai,Balochistan,0
2021-06-24,29.7194,66.8415,2.4,12.8,0,Quetta,Balochistan,0
2021-06-25,29.9694,67.8175,4.1,19.5,0,Harnai,Balochistan,0
2021-06-25,30.2957,67.6793,5.0,19.2,0,Harnai,Balochistan,0
2021-06-28,30.1992,67.7068,3.8,21.3,0,Harnai,Balochistan,0
2021-06-29,33.4768,72.523,1.6,24.2,0,Rawalpindi,Punjab,0
2021-07-01,34.0151,71.5249,4.2,33.5,0,Peshawar,KPK,0
2021-07-04,34.0649,73.3852,2.7,24.4,0,Islamabad,ICT,0
2021-07-09,35.9048,74.738,1.6,21.7,0,Gilgit,GB,0
2021-07-14,27.3676,66.2792,1.8,26.9,0,Khuzdar,Balochistan,0
2021-07-19,34.5735,73.2624,2.6,48.2,0,Muzaffarabad,AJK,0
2021-07-22,30.92,66.45,4.7,17.1,1,Chaman,Balochistan,1
2021-07-24,30.2539,66.5044,2.2,12.0,0,Quetta,Balochistan,0
2021-07-29,33.2932,73.1856,2.6,20.6,0,Rawalpindi,Punjab,0
2021-08-03,34.1504,73.1568,2.3,14.5,0,Muzaffarabad,AJK,0
2021-08-08,30.5236,66.6608,1.8,20.2,0,Quetta,Balochistan,0
2021-08-13,33.4308,73.3301,3.2,41.2,0,Rawalpindi,Punjab,0
2021-08-15,33.5651,73.0169,3.9,27.8,0,Rawalpindi,Punjab,0
2021-08-18,34.3117,71.7204,1.6,52.7,0,Peshawar,KPK,0
2021-08-23,35.5883,72.5615,1.8,69.5,0,Swat,KPK,0
2021-08-28,34.0297,72.9643,3.0,39.3,0,Islamabad,ICT,0
2021-09-02,34.255,71.7697,2.9,6.6,0,Peshawar,KPK,0
2021-09-07,34.7339,72.9105,2.9,58.7,0,Swat,KPK,0
2021-09-12,33.3527,72.8623,3.4,7.4,0,Islamabad,ICT,0
2021-09-17,36.1169,73.9728,2.2,65.0,0,Gilgit,GB,0
2021-09-18,34.37,73.47,5.4,12.9,1,Muzaffarabad,AJK,5
2021-09-22,27.8004,66.8819,1.6,29.3,0,Khuzdar,Balochistan,0
2021-09-23,34.5856,73.6629,3.0,7.7,0,Muzaffarabad,AJK,0
2021-09-25,34.1209,73.5196,3.1,11.0,0,Muzaffarabad,AJK,0
2021-09-27,34.312,73.2787,4.2,15.4,0,Muzaffarabad,AJK,0
2021-09-27,34.153,73.4096,3.7,13.4,0,Muzaffarabad,AJK,0
2021-09-27,33.8854,73.849,2.9,13.4,0,Muzaffarabad,AJK,0
2021-09-27,34.104,73.2642,3.8,14.2,0,Muzaffarabad,AJK,0
2021-10-02,33.9559,71.1464,2.6,63.4,0,Peshawar,KPK,0
2021-10-05,34.1908,73.657,3.7,17.3,0,Muzaffarabad,AJK,0
2021-10-07,30.1,67.94,6.2,10.8,1,Harnai,Balochistan,26
2021-10-07,35.6907,72.3949,3.1,54.9,0,Swat,KPK,0
2021-10-08,30.1,67.94,5.1,11.9,1,Harnai,Balochistan,3
2021-10-08,30.2307,67.8674,4.2,5.9,0,Harnai,Balochistan,0
2021-10-08,29.8703,68.1108,4.3,8.6,0,Harnai,Balochistan,0
2021-10-10,30.1013,67.8282,5.0,10.3,0,Harnai,Balochistan,0
2021-10-10,29.8633,67.7795,3.8,14.3,0,Harnai,Balochistan,0
2021-10-11,30.0799,68.0442,4.5,16.5,0,Harnai,Balochistan,0
2021-10-11,30.1126,67.9276,3.7,10.9,0,Harnai,Balochistan,0
2021-10-12,33.2339,72.7153,1.9,10.9,0,Islamabad,ICT,0
2021-10-14,29.9034,68.0504,4.3,12.8,0,Harnai,Balochistan,0
2021-10-15,30.1383,67.7195,3.3,11.8,0,Harnai,Balochistan,0
2021-10-15,29.9812,68.2283,4.4,12.3,0,Harnai,Balochistan,0
2021-10-17,30.0677,67.6646,4.7,11.9,0,Harnai,Balochistan,0
2021-10-17,35.7054,74.1492,2.3,64.6,0,Gilgit,GB,0
2021-10-18,29.8349,67.9928,4.1,12.8,0,Harnai,Balochistan,0
2021-10-18,30.1492,68.0675,3.2,20.6,0,Harnai,Balochistan,0
2021-10-21,30.0065,68.0477,5.0,16.5,0,Harnai,Balochistan,0
2021-10-22,30.1967,67.6695,3.9,13.9,0,Harnai,Balochistan,0
2021-10-22,30.1933,67.9176,4.3,10.4,0,Harnai,Balochistan,0
2021-10-22,27.8255,66.2632,2.4,38.4,0,Khuzdar,Balochistan,0
2021-10-23,29.9249,67.906,3.1,12.0,0,Harnai,Balochistan,0
2021-10-24,30.1931,68.0886,4.3,6.6,0,Harnai,Balochistan,0
2021-10-27,34.182,73.5663,2.1,23.3,0,Muzaffarabad,AJK,0
2021-11-01,36.2962,74.2148,2.5,45.1,0,Gilgit,GB,0
2021-11-06,27.9298,66.7426,3.0,23.4,0,Khuzdar,Balochistan,0
2021-11-11,34.6639,73.5115,3.2,65.9,0,Muzaffarabad,AJK,0
2021-11-13,35.9221,74.3082,4.4,41.2,0,Gilgit,GB,0
2021-11-16,29.7478,66.8966,3.2,34.9,0,Quetta,Balochistan,0
2021-11-21,33.9759,72.5334,2.5,24.0,0,Rawalpindi,Punjab,0
2021-11-26,33.734,71.461,3.4,22.4,0,Peshawar,KPK,0
2021-12-01,36.2873,74.0326,2.9,25.2,0,Gilgit,GB,0
2021-12-06,27.3666,67.0122,2.5,66.8,0,Khuzdar,Balochistan,0
2021-12-11,34.5825,73.1809,2.8,53.3,0,Muzaffarabad,AJK,0
2021-12-16,30.5535,67.2444,2.8,19.7,0,Quetta,Balochistan,0
2021-12-20,30.1798,66.975,3.6,19.4,0,Quetta,Balochistan,0
2021-12-21,33.1084,72.7515,2.1,36.3,0,Rawalpindi,Punjab,0
2021-12-26,33.9466,71.33,2.7,19.9,0,Peshawar,KPK,0
2021-12-31,35.5522,72.7883,3.1,11.4,0,Swat,KPK,0
2022-01-05,33.8576,73.2817,2.5,46.5,0,Rawalpindi,Punjab,0
2022-01-05,27.812,66.627,4.4,22.7,0,Khuzdar,Balochistan,0
2022-01-10,34.3752,71.075,2.2,22.0,0,Peshawar,KPK,0
2022-01-15,35.1026,71.9785,2.8,66.1,0,Swat,KPK,0
2022-01-20,33.5296,73.4496,1.8,14.5,0,Islamabad,ICT,0
2022-01-25,35.9671,74.0894,2.6,31.2,0,Gilgit,GB,0
2022-01-30,28.2136,66.2634,2.2,55.2,0,Khuzdar,Balochistan,0
2022-02-04,33.3782,73.0896,2.9,39.0,0,Islamabad,ICT,0
2022-02-09,36.3251,74.252,2.0,25.2,0,Gilgit,GB,0
2022-02-14,28.1161,66.9623,2.9,13.9,0,Khuzdar,Balochistan,0
2022-02-14,35.2227,72.4258,4.0,28.8,0,Swat,KPK,0
2022-02-19,34.3641,73.739,1.7,35.9,0,Muzaffarabad,AJK,0
2022-02-24,30.5605,66.6013,2.4,15.6,0,Quetta,Balochistan,0
2022-03-01,36.2839,73.9781,1.6,18.1,0,Gilgit,GB,0
2022-03-06,27.848,67.0078,1.7,69.8,0,Khuzdar,Balochistan,0
2022-03-11,34.8275,73.0719,3.2,69.2,0,Muzaffarabad,AJK,0
2022-03-16,30.6338,66.8622,2.6,11.9,0,Quetta,Balochistan,0
2022-03-21,33.7504,72.7328,1.8,23.8,0,Rawalpindi,Punjab,0
2022-03-22,33.7215,73.0433,4.5,24.4,0,Islamabad,ICT,0
2022-03-26,33.9297,71.3646,2.6,9.4,0,Peshawar,KPK,0
2022-03-31,34.9826,72.3305,2.6,33.6,0,Swat,KPK,0
2022-04-05,33.5162,72.9591,3.0,17.7,0,Rawalpindi,Punjab,0
2022-04-07,34.37,73.47,5.0,13.7,1,Muzaffarabad,AJK,3
2022-04-08,34.4285,73.3459,3.3,7.9,0,Muzaffarabad,AJK,0
2022-04-10,34.412,71.3672,3.2,14.3,0,Peshawar,KPK,0
2022-04-12,34.2874,73.1736,3.7,15.5,0,Muzaffarabad,AJK,0
2022-04-15,35.5231,71.9674,3.3,68.1,0,Swat,KPK,0
2022-04-16,34.461,73.7423,3.4,22.3,0,Muzaffarabad,AJK,0
2022-04-20,33.2723,73.3462,1.8,48.9,0,Islamabad,ICT,0
2022-04-23,34.2292,73.6275,2.9,14.1,0,Muzaffarabad,AJK,0
2022-04-25,36.3327,74.7155,1.9,12.0,0,Gilgit,GB,0
2022-04-30,27.9647,66.7999,2.1,69.1,0,Khuzdar,Balochistan,0
2022-05-05,33.2237,72.7088,2.3,43.1,0,Rawalpindi,Punjab,0
2022-05-10,34.3619,71.9644,1.5,63.3,0,Peshawar,KPK,0
2022-05-15,35.0589,72.0374,2.1,63.2,0,Swat,KPK,0
2022-05-19,30.1798,66.975,4.7,16.7,0,Quetta,Balochistan,0
2022-05-20,33.5554,72.8795,2.7,48.7,0,Islamabad,ICT,0
2022-05-25,35.9459,74.7952,3.3,57.2,0,Gilgit,GB,0
2022-05-30,28.0843,66.275,1.7,68.0,0,Khuzdar,Balochistan,0
2022-06-04,33.2996,73.3492,1.6,16.6,0,Islamabad,ICT,0
2022-06-09,35.8403,74.7786,2.3,14.0,0,Gilgit,GB,0
2022-06-14,27.4862,66.7903,3.4,9.1,0,Khuzdar,Balochistan,0
2022-06-19,34.7443,73.4964,1.8,42.2,0,Muzaffarabad,AJK,0
2022-06-21,30.38,67.72,5.0,17.2,1,Ziarat,Balochistan,2
2022-06-24,30.3794,67.0868,3.3,46.8,0,Quetta,Balochistan,0
2022-06-24,30.2463,67.7437,3.9,20.1,0,Ziarat,Balochistan,0
2022-06-29,30.644,67.9196,2.8,14.1,0,Ziarat,Balochistan,0
2022-06-29,33.4853,72.8113,2.2,21.8,0,Rawalpindi,Punjab,0
2022-06-29,30.2153,67.9451,3.5,16.8,0,Ziarat,Balochistan,0
2022-07-04,30.3379,67.9437,3.6,21.6,0,Ziarat,Balochistan,0
2022-07-04,33.6503,72.9005,2.4,9.2,0,Islamabad,ICT,0
2022-07-08,35.9221,74.3082,4.2,47.7,0,Gilgit,GB,0
2022-07-09,36.3173,74.6543,2.6,64.2,0,Gilgit,GB,0
2022-07-14,27.6716,66.943,1.9,68.1,0,Khuzdar,Balochistan,0
2022-07-19,34.2577,73.5593,1.9,43.2,0,Muzaffarabad,AJK,0
2022-07-24,29.9004,67.3374,3.2,14.5,0,Quetta,Balochistan,0
2022-07-29,33.585,73.2482,2.1,31.9,0,Rawalpindi,Punjab,0
2022-08-03,33.9802,73.3029,2.5,53.7,0,Muzaffarabad,AJK,0
2022-08-08,29.8463,67.274,1.9,55.1,0,Quetta,Balochistan,0
2022-08-13,33.2392,73.2384,3.2,16.6,0,Rawalpindi,Punjab,0
2022-08-18,34.1898,71.5547,2.3,50.8,0,Peshawar,KPK,0
2022-08-23,35.4207,72.2638,2.2,55.0,0,Swat,KPK,0
2022-08-25,30.92,66.45,4.8,21.4,1,Chaman,Balochistan,1
2022-08-28,34.0123,73.5365,3.3,65.7,0,Islamabad,ICT,0
2022-09-02,34.4479,71.8568,2.8,13.5,0,Peshawar,KPK,0
2022-09-07,35.0131,72.8524,3.3,53.2,0,Swat,KPK,0
2022-09-12,33.283,73.3977,1.8,53.2,0,Islamabad,ICT,0
2022-09-14,34.0151,71.5249,4.2,27.8,0,Peshawar,KPK,0
2022-09-17,35.7418,73.9736,1.8,13.1,0,Gilgit,GB,0
2022-09-22,28.3102,66.6447,2.3,18.5,0,Khuzdar,Balochistan,0
2022-09-27,34.2868,73.8392,1.8,37.7,0,Muzaffarabad,AJK,0
2022-10-02,34.0511,71.8741,2.0,22.7,0,Peshawar,KPK,0
2022-10-05,33.15,73.75,5.4,11.5,1,Mirpur,AJK,8
2022-10-06,33.3524,73.6605,2.9,9.7,0,Mirpur,AJK,0
2022-10-07,35.139,71.9356,1.7,50.3,0,Swat,KPK,0
2022-10-08,33.1836,73.7503,4.3,13.0,0,Mirpur,AJK,0
2022-10-12,33.7894,72.6108,2.3,32.4,0,Islamabad,ICT,0
2022-10-12,33.2388,73.6286,3.2,12.3,0,Mirpur,AJK,0
2022-10-13,33.227,74.0305,4.1,10.4,0,Mirpur,AJK,0
2022-10-13,33.2876,73.5066,3.3,16.9,0,Mirpur,AJK,0
2022-10-13,33.3852,73.4707,3.8,4.5,0,Mirpur,AJK,0
2022-10-17,36.3503,74.4496,2.9,24.8,0,Gilgit,GB,0
2022-10-22,27.5416,67.0981,2.1,68.8,0,Khuzdar,Balochistan,0
2022-10-24,33.4021,73.8585,2.9,13.9,0,Mirpur,AJK,0
2022-10-27,34.0066,73.751,2.6,62.8,0,Muzaffarabad,AJK,0
2022-11-01,35.7303,73.9311,3.4,31.4,0,Gilgit,GB,0
2022-11-06,27.7787,66.6506,2.5,32.6,0,Khuzdar,Balochistan,0
2022-11-11,34.7907,73.1191,2.7,35.4,0,Muzaffarabad,AJK,0
2022-11-16,30.4383,67.2862,2.1,54.9,0,Quetta,Balochistan,0
2022-11-17,30.1,67.94,4.8,16.0,1,Harnai,Balochistan,0
2022-11-21,33.4084,72.8758,3.3,15.4,0,Rawalpindi,Punjab,0
2022-11-26,34.3196,71.948,1.6,57.9,0,Peshawar,KPK,0
2022-12-01,35.9151,73.8719,3.4,60.2,0,Gilgit,GB,0
2022-12-06,27.5155,67.0732,2.4,8.3,0,Khuzdar,Balochistan,0
2022-12-09,30.1798,66.975,3.8,22.4,0,Quetta,Balochistan,0
2022-12-11,34.4437,73.2515,2.2,27.4,0,Muzaffarabad,AJK,0
2022-12-16,30.161,67.0888,2.3,8.5,0,Quetta,Balochistan,0
2022-12-21,33.8293,72.9959,2.3,53.3,0,Rawalpindi,Punjab,0
2022-12-26,33.9336,71.265,1.6,41.1,0,Peshawar,KPK,0
2022-12-31,34.9506,72.3847,1.5,15.3,0,Swat,KPK,0
2023-01-05,33.4503,73.2353,3.0,27.8,0,Rawalpindi,Punjab,0
2023-01-10,34.503,71.714,3.3,5.8,0,Peshawar,KPK,0
2023-01-15,34.9084,72.1373,3.4,24.1,0,Swat,KPK,0
2023-01-16,33.7215,73.0433,4.1,27.6,0,Islamabad,ICT,0
2023-01-20,34.0896,73.4729,2.6,29.5,0,Islamabad,ICT,0
2023-01-25,36.2097,74.2708,2.1,66.3,0,Gilgit,GB,0
2023-01-30,27.3992,66.2577,2.2,25.0,0,Khuzdar,Balochistan,0
2023-02-04,33.8578,72.6605,2.8,40.6,0,Islamabad,ICT,0
2023-02-08,35.9221,74.3082,4.5,41.3,0,Gilgit,GB,0
2023-02-09,35.7,73.8128,3.2,45.2,0,Gilgit,GB,0
2023-02-14,28.1634,66.6568,2.4,47.2,0,Khuzdar,Balochistan,0
2023-02-19,34.011,73.5845,2.4,8.2,0,Muzaffarabad,AJK,0
2023-02-24,30.343,66.9452,2.0,16.0,0,Quetta,Balochistan,0
2023-03-01,36.323,73.8209,2.9,67.2,0,Gilgit,GB,0
2023-03-06,27.396,66.6353,2.3,23.6,0,Khuzdar,Balochistan,0
2023-03-11,34.5252,73.0744,3.0,45.2,0,Muzaffarabad,AJK,0
2023-03-14,27.812,66.627,5.0,19.2,1,Khuzdar,Balochistan,4
2023-03-16,30.6651,66.7892,2.7,69.4,0,Quetta,Balochistan,0
2023-03-21,33.5978,73.2085,2.3,12.6,0,Rawalpindi,Punjab,0
2023-03-22,27.7138,66.5233,2.7,24.6,0,Khuzdar,Balochistan,0
2023-03-22,27.6926,66.4142,3.8,20.1,0,Khuzdar,Balochistan,0
2023-03-25,27.7959,66.6281,2.8,20.5,0,Khuzdar,Balochistan,0
2023-03-26,34.3611,71.833,2.9,34.7,0,Peshawar,KPK,0
2023-03-30,27.9197,66.7592,3.1,20.6,0,Khuzdar,Balochistan,0
2023-03-31,34.8375,72.3807,3.3,49.7,0,Swat,KPK,0
2023-04-02,35.2227,72.4258,4.2,31.5,0,Swat,KPK,0
2023-04-05,33.0913,72.8217,2.4,60.7,0,Rawalpindi,Punjab,0
2023-04-10,33.7309,71.059,2.8,57.0,0,Peshawar,KPK,0
2023-04-15,35.1568,72.5529,2.7,56.6,0,Swat,KPK,0
2023-04-20,33.5417,72.7543,2.4,67.1,0,Islamabad,ICT,0
2023-04-25,35.5377,74.3287,3.4,37.9,0,Gilgit,GB,0
2023-04-30,28.2581,66.9382,3.3,35.2,0,Khuzdar,Balochistan,0
2023-05-05,33.3951,72.9774,2.5,17.6,0,Rawalpindi,Punjab,0
2023-05-10,34.1051,71.8542,3.1,60.5,0,Peshawar,KPK,0
2023-05-11,30.1798,66.975,4.7,20.5,0,Quetta,Balochistan,0
2023-05-15,35.4365,72.1295,1.7,47.6,0,Swat,KPK,0
2023-05-20,33.5246,73.0811,1.8,12.3,0,Islamabad,ICT,0
2023-05-25,36.341,74.4652,2.8,6.3,0,Gilgit,GB,0
2023-05-30,27.6704,66.6838,1.6,15.7,0,Khuzdar,Balochistan,0
2023-06-04,33.9517,72.8477,1.8,8.2,0,Islamabad,ICT,0
2023-06-05,34.37,73.47,5.2,11.8,1,Muzaffarabad,AJK,3
2023-06-08,34.3812,73.417,4.2,10.3,0,Muzaffarabad,AJK,0
2023-06-09,35.4922,74.1603,1.5,50.1,0,Gilgit,GB,0
2023-06-10,34.1518,73.2775,3.3,14.5,0,Muzaffarabad,AJK,0
2023-06-14,28.3006,66.2137,2.8,24.9,0,Khuzdar,Balochistan,0
2023-06-15,34.4184,73.5474,3.4,17.1,0,Muzaffarabad,AJK,0
2023-06-19,34.371,73.4296,3.2,39.9,0,Muzaffarabad,AJK,0
2023-06-21,34.1902,73.6623,3.4,17.6,0,Muzaffarabad,AJK,0
2023-06-23,34.6583,73.2428,4.0,14.2,0,Muzaffarabad,AJK,0
2023-06-24,29.7373,66.6086,2.0,21.4,0,Quetta,Balochistan,0
2023-06-29,33.2573,73.2252,2.8,44.9,0,Rawalpindi,Punjab,0
2023-07-04,33.7037,72.796,1.9,33.8,0,Islamabad,ICT,0
2023-07-09,36.4001,74.6798,2.7,50.3,0,Gilgit,GB,0
2023-07-14,27.4423,67.0997,1.7,15.4,0,Khuzdar,Balochistan,0
2023-07-19,34.079,73.8287,2.0,65.3,0,Muzaffarabad,AJK,0
2023-07-19,34.0151,71.5249,4.0,29.4,0,Peshawar,KPK,0
2023-07-24,30.5253,67.1931,3.0,37.5,0,Quetta,Balochistan,0
2023-07-29,33.2107,73.0378,2.9,13.9,0,Rawalpindi,Punjab,0
2023-08-03,34.6653,73.0546,3.4,47.2,0,Muzaffarabad,AJK,0
2023-08-04,31.3416,69.4482,4.6,23.8,0,Zhob,Balochistan,0
2023-08-08,30.5602,66.7612,2.4,33.1,0,Quetta,Balochistan,0
2023-08-13,33.3478,72.9731,2.9,37.3,0,Rawalpindi,Punjab,0
2023-08-18,34.398,71.3585,3.1,38.9,0,Peshawar,KPK,0
2023-08-23,35.5737,72.1831,2.4,30.8,0,Swat,KPK,0
2023-08-28,33.9283,73.1905,2.1,26.5,0,Islamabad,ICT,0
2023-09-02,34.2798,71.7942,3.3,26.9,0,Peshawar,KPK,0
2023-09-07,35.1584,72.0637,2.3,18.0,0,Swat,KPK,0
2023-09-12,34.0963,73.1096,3.4,62.3,0,Islamabad,ICT,0
2023-09-12,30.1,67.94,5.5,12.3,1,Harnai,Balochistan,12
2023-09-16,29.9938,68.2233,3.0,12.4,0,Harnai,Balochistan,0
2023-09-17,35.5478,74.5966,1.8,56.0,0,Gilgit,GB,0
2023-09-19,30.0738,67.8079,3.2,12.7,0,Harnai,Balochistan,0
2023-09-20,29.8406,67.9545,3.4,13.8,0,Harnai,Balochistan,0
2023-09-21,30.1771,67.8977,4.3,13.1,0,Harnai,Balochistan,0
2023-09-22,30.1672,67.7637,4.2,12.4,0,Harnai,Balochistan,0
2023-09-22,29.983,67.9305,3.1,9.8,0,Harnai,Balochistan,0
2023-09-22,27.5858,66.1787,2.1,35.6,0,Khuzdar,Balochistan,0
2023-09-25,30.0163,67.7664,3.8,10.4,0,Harnai,Balochistan,0
2023-09-27,34.2541,73.1533,2.7,18.3,0,Muzaffarabad,AJK,0
2023-10-01,29.8244,67.8397,3.1,17.0,0,Harnai,Balochistan,0
2023-10-02,34.0944,71.7095,3.4,10.6,0,Peshawar,KPK,0
2023-10-07,34.8819,72.6085,3.0,22.5,0,Swat,KPK,0
2023-10-07,33.5651,73.0169,3.9,30.2,0,Rawalpindi,Punjab,0
2023-10-12,33.4364,73.311,2.2,43.7,0,Islamabad,ICT,0
2023-10-17,35.8589,74.1743,2.2,68.4,0,Gilgit,GB,0
2023-10-21,30.38,67.72,4.9,16.9,1,Ziarat,Balochistan,1
2023-10-22,28.138,66.326,2.6,44.6,0,Khuzdar,Balochistan,0
2023-10-27,34.0903,73.8457,2.7,68.3,0,Muzaffarabad,AJK,0
2023-11-01,36.3084,74.5679,2.9,37.6,0,Gilgit,GB,0
2023-11-06,28.2388,66.379,2.9,69.6,0,Khuzdar,Balochistan,0
2023-11-11,34.7887,73.2857,3.1,47.1,0,Muzaffarabad,AJK,0
2023-11-15,35.9221,74.3082,4.3,43.5,0,Gilgit,GB,0
2023-11-16,30.2679,66.5513,3.1,47.3,0,Quetta,Balochistan,0
2023-11-21,33.407,73.1151,3.0,17.4,0,Rawalpindi,Punjab,0
2023-11-26,34.3195,71.7664,2.6,56.3,0,Peshawar,KPK,0
2023-12-01,36.0321,74.3693,3.4,42.2,0,Gilgit,GB,0
2023-12-06,27.8217,66.5949,2.4,41.9,0,Khuzdar,Balochistan,0
2023-12-08,30.1798,66.975,3.7,19.3,0,Quetta,Balochistan,0
2023-12-11,34.6293,73.051,1.9,69.4,0,Muzaffarabad,AJK,0
2023-12-16,30.4298,67.1879,1.8,19.9,0,Quetta,Balochistan,0
2023-12-21,33.4948,72.6375,3.4,14.4,0,Rawalpindi,Punjab,0
2023-12-26,34.2338,71.6332,2.7,14.9,0,Peshawar,KPK,0
2023-12-31,35.2437,72.6507,2.2,12.1,0,Swat,KPK,0
2024-01-05,33.8024,73.0365,1.5,11.1,0,Rawalpindi,Punjab,0
2024-01-10,33.782,72.0108,1.6,36.7,0,Peshawar,KPK,0
2024-01-15,35.2244,72.7096,2.4,33.9,0,Swat,KPK,0
2024-01-20,33.896,72.8264,2.9,15.5,0,Islamabad,ICT,0
2024-01-22,33.7215,73.0433,4.4,26.9,0,Islamabad,ICT,0
2024-01-25,36.1324,73.9285,1.7,8.9,0,Gilgit,GB,0
2024-01-30,28.0764,66.9987,3.3,46.8,0,Khuzdar,Balochistan,0
2024-02-04,33.3297,72.7501,1.5,45.7,0,Islamabad,ICT,0
2024-02-05,34.37,73.47,4.9,13.8,1,Muzaffarabad,AJK,2
2024-02-09,35.6543,74.6619,3.3,15.2,0,Gilgit,GB,0
2024-02-13,34.1196,73.3282,3.7,14.0,0,Muzaffarabad,AJK,0
2024-02-14,34.2932,73.691,3.7,9.5,0,Muzaffarabad,AJK,0
2024-02-14,27.6639,67.0065,2.9,21.3,0,Khuzdar,Balochistan,0
2024-02-17,34.4094,73.624,3.9,14.4,0,Muzaffarabad,AJK,0
2024-02-19,33.8936,73.7042,2.3,64.1,0,Muzaffarabad,AJK,0
2024-02-20,34.0839,73.1805,3.3,18.8,0,Muzaffarabad,AJK,0
2024-02-24,30.2489,67.0378,3.3,24.3,0,Quetta,Balochistan,0
2024-02-29,33.5064,73.4987,1.9,63.5,0,Rawalpindi,Punjab,0
2024-03-05,33.2658,72.981,3.0,32.8,0,Rawalpindi,Punjab,0
2024-03-10,33.952,71.7947,2.6,32.0,0,Peshawar,KPK,0
2024-03-15,35.3349,72.7516,2.1,17.2,0,Swat,KPK,0
2024-03-18,30.1798,66.975,4.6,20.2,0,Quetta,Balochistan,0
2024-03-20,34.2004,73.2015,1.9,29.3,0,Islamabad,ICT,0
2024-03-25,35.5069,74.2304,1.5,69.5,0,Gilgit,GB,0
2024-03-30,28.2964,66.6481,1.7,21.6,0,Khuzdar,Balochistan,0
2024-04-04,33.8616,73.2014,1.8,39.3,0,Islamabad,ICT,0
2024-04-09,36.073,73.9309,2.3,50.7,0,Gilgit,GB,0
2024-04-10,35.2227,72.4258,4.2,33.7,0,Swat,KPK,0
2024-04-14,27.767,66.2214,3.1,11.0,0,Khuzdar,Balochistan,0
2024-04-19,34.5569,73.1437,2.5,30.7,0,Muzaffarabad,AJK,0
2024-04-24,30.4972,66.6102,2.9,21.3,0,Quetta,Balochistan,0
2024-04-29,33.2824,73.258,2.3,69.7,0,Rawalpindi,Punjab,0
2024-05-02,27.812,66.627,4.9,19.5,1,Khuzdar,Balochistan,1
2024-05-04,34.0503,73.0106,2.0,34.3,0,Islamabad,ICT,0
2024-05-09,35.4515,74.6123,1.6,11.0,0,Gilgit,GB,0
2024-05-14,27.6994,66.3708,2.9,27.0,0,Khuzdar,Balochistan,0
2024-05-19,34.7709,73.8403,2.8,34.8,0,Muzaffarabad,AJK,0
2024-05-24,30.0871,67.0777,2.2,58.5,0,Quetta,Balochistan,0
2024-05-29,33.7746,73.3829,1.5,24.8,0,Rawalpindi,Punjab,0
2024-06-03,33.8927,73.9231,3.2,29.7,0,Muzaffarabad,AJK,0
2024-06-08,30.2546,67.3366,2.5,38.1,0,Quetta,Balochistan,0
2024-06-13,34.0131,72.6234,3.4,42.5,0,Rawalpindi,Punjab,0
2024-06-14,30.1,67.94,5.2,13.2,1,Harnai,Balochistan,7
2024-06-18,34.4295,71.9972,3.2,57.7,0,Peshawar,KPK,0
2024-06-18,30.3994,67.6644,3.4,9.1,0,Harnai,Balochistan,0
2024-06-23,29.8376,68.034,4.1,19.6,0,Harnai,Balochistan,0
2024-06-23,35.4539,72.778,2.1,13.1,0,Swat,KPK,0
2024-06-24,30.3417,67.8506,3.7,14.2,0,Harnai,Balochistan,0
2024-06-28,33.2602,73.055,1.9,58.6,0,Islamabad,ICT,0
2024-07-01,30.3907,67.7939,3.6,15.4,0,Harnai,Balochistan,0
2024-07-03,30.0804,67.8651,3.6,18.6,0,Harnai,Balochistan,0
2024-07-03,29.9398,68.1047,4.2,10.3,0,Harnai,Balochistan,0
2024-07-03,34.1505,73.3645,2.0,17.9,0,Muzaffarabad,AJK,0
2024-07-06,35.9221,74.3082,4.2,47.4,0,Gilgit,GB,0
2024-07-08,30.558,66.9791,2.6,44.1,0,Quetta,Balochistan,0
2024-07-13,33.702,73.0336,1.7,29.9,0,Rawalpindi,Punjab,0
2024-07-18,33.6069,71.9701,3.2,32.0,0,Peshawar,KPK,0
2024-07-23,35.4264,72.2615,2.5,21.1,0,Swat,KPK,0
2024-07-28,33.9392,72.6336,2.9,15.7,0,Islamabad,ICT,0
2024-08-02,33.842,71.4098,2.2,29.8,0,Peshawar,KPK,0
2024-08-07,35.3828,72.3869,2.3,63.0,0,Swat,KPK,0
2024-08-12,34.1411,73.1494,2.6,46.3,0,Islamabad,ICT,0
2024-08-17,36.2469,74.6097,3.0,34.6,0,Gilgit,GB,0
2024-08-19,34.0151,71.5249,4.1,28.2,0,Peshawar,KPK,0
2024-08-22,28.2719,66.255,1.7,12.5,0,Khuzdar,Balochistan,0
2024-08-27,34.1687,73.6864,2.5,25.1,0,Muzaffarabad,AJK,0
2024-09-01,33.15,73.75,5.0,11.8,1,Mirpur,AJK,4
2024-09-01,35.4292,74.5082,3.3,8.5,0,Gilgit,GB,0
2024-09-04,33.3915,73.5833,4.0,18.8,0,Mirpur,AJK,0
2024-09-06,27.4532,66.401,2.5,29.6,0,Khuzdar,Balochistan,0
2024-09-09,32.999,73.8184,3.3,9.5,0,Mirpur,AJK,0
2024-09-09,33.2569,73.4811,3.6,12.9,0,Mirpur,AJK,0
2024-09-11,34.4946,73.364,3.4,55.3,0,Muzaffarabad,AJK,0
2024-09-16,30.6721,66.7116,2.9,21.2,0,Quetta,Balochistan,0
2024-09-16,33.2221,73.6486,3.9,9.3,0,Mirpur,AJK,0
2024-09-21,33.5074,72.6226,2.0,11.8,0,Rawalpindi,Punjab,0
2024-09-26,33.9659,71.9917,2.8,44.5,0,Peshawar,KPK,0
2024-10-01,35.5598,73.8606,3.4,40.3,0,Gilgit,GB,0
2024-10-06,27.7939,67.029,1.6,17.1,0,Khuzdar,Balochistan,0
2024-10-11,34.6349,73.2657,1.9,56.1,0,Muzaffarabad,AJK,0
2024-10-14,30.92,66.45,4.7,19.7,1,Chaman,Balochistan,0
2024-10-16,30.6245,66.8409,2.2,49.1,0,Quetta,Balochistan,0
2024-10-21,33.3553,73.1231,2.5,37.8,0,Rawalpindi,Punjab,0
2024-10-26,34.2945,71.5676,2.1,40.1,0,Peshawar,KPK,0
2024-10-31,35.5853,72.6987,3.2,18.0,0,Swat,KPK,0
2024-11-05,34.0208,72.6053,2.1,58.2,0,Rawalpindi,Punjab,0
2024-11-08,33.5651,73.0169,3.8,29.3,0,Rawalpindi,Punjab,0
2024-11-10,34.0935,71.6569,3.3,26.7,0,Peshawar,KPK,0
2024-11-15,35.3074,72.2721,3.2,32.0,0,Swat,KPK,0
2024-11-20,33.7243,73.4173,3.0,6.7,0,Islamabad,ICT,0
2024-11-25,35.4997,73.9052,2.6,24.3,0,Gilgit,GB,0
2024-11-30,27.4285,66.7195,2.2,55.8,0,Khuzdar,Balochistan,0
2024-12-05,33.7596,73.0899,2.5,42.6,0,Rawalpindi,Punjab,0
2024-12-10,33.6251,71.3544,1.6,14.2,0,Peshawar,KPK,0
2024-12-15,34.8444,72.3165,2.6,13.7,0,Swat,KPK,0
2024-12-20,34.0269,73.4235,3.3,35.0,0,Islamabad,ICT,0
2024-12-21,30.1798,66.975,4.3,20.3,0,Quetta,Balochistan,0
2024-12-25,36.2996,74.7135,2.3,69.4,0,Gilgit,GB,0
2024-12-30,27.3846,66.34,2.6,5.4,0,Khuzdar,Balochistan,0
2025-01-04,33.5565,73.1896,3.4,59.2,0,Islamabad,ICT,0
2025-01-09,35.9221,74.3082,4.6,38.6,0,Gilgit,GB,0
2025-01-09,36.3453,73.8459,1.6,57.2,0,Gilgit,GB,0
2025-01-14,27.8823,66.5277,2.7,15.6,0,Khuzdar,Balochistan,0
2025-01-19,34.0958,73.9495,2.9,68.6,0,Muzaffarabad,AJK,0
2025-01-24,30.5377,66.8671,3.3,14.3,0,Quetta,Balochistan,0
2025-01-29,33.2805,72.5841,2.3,49.4,0,Rawalpindi,Punjab,0
2025-02-03,34.2158,73.6164,2.5,61.7,0,Muzaffarabad,AJK,0
2025-02-08,29.9865,67.3509,2.7,48.3,0,Quetta,Balochistan,0
2025-02-13,33.2604,72.6913,2.0,63.4,0,Rawalpindi,Punjab,0
2025-02-14,34.37,73.47,5.3,10.4,1,Muzaffarabad,AJK,5
2025-02-18,34.3357,71.8238,1.5,53.6,0,Peshawar,KPK,0
2025-02-18,34.3257,73.3534,2.9,13.2,0,Muzaffarabad,AJK,0
2025-02-21,34.427,73.4348,2.9,10.5,0,Muzaffarabad,AJK,0
2025-02-22,34.3054,73.6809,4.2,17.7,0,Muzaffarabad,AJK,0
2025-02-23,35.0373,72.9169,1.8,40.9,0,Swat,KPK,0
2025-02-25,34.4053,73.3136,3.2,18.6,0,Muzaffarabad,AJK,0
2025-02-26,34.2393,73.4034,3.3,14.5,0,Muzaffarabad,AJK,0
2025-02-28,33.9709,73.3519,3.2,33.9,0,Islamabad,ICT,0
2025-03-01,34.3159,73.3524,2.8,16.4,0,Muzaffarabad,AJK,0
2025-03-02,30.1,67.94,5.8,12.9,1,Harnai,Balochistan,15
2025-03-05,33.6255,72.8815,1.9,68.9,0,Rawalpindi,Punjab,0
2025-03-10,33.568,71.2943,2.2,18.2,0,Peshawar,KPK,0
2025-03-11,29.8185,67.6714,4.6,19.5,0,Harnai,Balochistan,0
2025-03-11,30.1204,67.8714,4.3,17.7,0,Harnai,Balochistan,0
2025-03-13,29.9228,68.0529,4.3,17.8,0,Harnai,Balochistan,0
2025-03-14,30.1967,67.867,4.5,17.6,0,Harnai,Balochistan,0
2025-03-15,34.9832,72.0468,2.4,50.4,0,Swat,KPK,0
2025-03-18,30.1062,68.0942,4.5,20.1,0,Harnai,Balochistan,0
2025-03-18,30.2301,67.8559,3.5,16.9,0,Harnai,Balochistan,0
2025-03-19,30.3307,67.8542,4.1,9.6,0,Harnai,Balochistan,0
2025-03-20,30.0089,68.1791,3.4,20.3,0,Harnai,Balochistan,0
2025-03-20,33.3668,73.1924,1.7,39.7,0,Islamabad,ICT,0
2025-03-21,29.9936,67.7286,4.4,18.6,0,Harnai,Balochistan,0
2025-03-25,36.1357,74.4702,2.8,53.2,0,Gilgit,GB,0
2025-03-30,27.9328,66.8758,1.6,15.3,0,Khuzdar,Balochistan,0
2025-04-04,33.4881,73.047,2.7,34.3,0,Islamabad,ICT,0
2025-04-09,35.5124,74.7951,1.9,44.2,0,Gilgit,GB,0
2025-04-10,33.7215,73.0433,4.2,27.4,0,Islamabad,ICT,0
2025-04-14,28.2174,66.7806,2.4,56.9,0,Khuzdar,Balochistan,0
2025-04-19,34.299,73.7349,2.0,38.2,0,Muzaffarabad,AJK,0
2025-04-24,29.9969,66.8337,2.3,11.8,0,Quetta,Balochistan,0
2025-04-29,34.0472,73.4137,2.4,14.3,0,Rawalpindi,Punjab,0
2025-05-04,33.3499,72.5923,2.3,61.2,0,Islamabad,ICT,0
2025-05-09,36.1103,74.5551,2.7,65.9,0,Gilgit,GB,0
2025-05-14,27.6916,66.8711,2.0,49.1,0,Khuzdar,Balochistan,0
2025-05-18,35.2227,72.4258,4.5,30.3,0,Swat,KPK,0
2025-05-19,34.578,73.3355,2.2,5.7,0,Muzaffarabad,AJK,0
2025-05-24,30.1245,66.8592,3.0,62.7,0,Quetta,Balochistan,0
2025-05-29,33.2476,72.935,3.2,55.7,0,Rawalpindi,Punjab,0
2025-06-03,33.9179,73.6163,1.5,38.3,0,Muzaffarabad,AJK,0
2025-06-07,30.1798,66.975,4.7,21.0,1,Quetta,Balochistan,1
2025-06-08,30.4001,66.9843,2.6,61.2,0,Quetta,Balochistan,0
2025-06-13,33.3083,73.0629,1.6,22.8,0,Rawalpindi,Punjab,0
2025-06-18,34.3616,71.705,2.1,8.3,0,Peshawar,KPK,0
2025-06-23,34.8886,72.1099,2.3,22.1,0,Swat,KPK,0
2025-06-28,33.7549,72.6719,1.8,64.3,0,Islamabad,ICT,0
2025-07-03,34.2106,73.34,2.9,62.6,0,Muzaffarabad,AJK,0
2025-07-08,30.3928,66.8174,2.7,8.0,0,Quetta,Balochistan,0
2025-07-13,33.2975,73.5037,2.3,20.7,0,Rawalpindi,Punjab,0
2025-07-13,27.812,66.627,5.1,16.6,1,Khuzdar,Balochistan,6
2025-07-15,27.6832,66.7962,3.6,17.4,0,Khuzdar,Balochistan,0
2025-07-18,34.303,71.5829,3.1,68.8,0,Peshawar,KPK,0
2025-07-23,34.9481,72.2771,2.5,42.2,0,Swat,KPK,0
2025-07-27,28.0235,66.9008,3.2,21.2,0,Khuzdar,Balochistan,0
2025-07-27,28.0192,66.3404,4.0,11.1,0,Khuzdar,Balochistan,0
2025-07-28,33.8989,73.3276,3.2,38.7,0,Islamabad,ICT,0
2025-07-31,27.7332,66.8499,3.2,22.2,0,Khuzdar,Balochistan,0
2025-08-02,33.7614,71.7345,2.0,37.3,0,Peshawar,KPK,0
2025-08-05,34.0151,71.5249,4.0,32.1,0,Peshawar,KPK,0
2025-08-07,35.2691,72.5354,2.9,34.0,0,Swat,KPK,0
2025-08-12,34.0055,72.9842,2.2,25.3,0,Islamabad,ICT,0
2025-08-17,35.5066,74.5232,1.8,7.5,0,Gilgit,GB,0
2025-08-22,27.5444,66.348,2.8,57.9,0,Khuzdar,Balochistan,0
2025-08-27,34.0371,73.4469,2.6,52.7,0,Muzaffarabad,AJK,0
2025-09-01,35.6315,73.9489,2.4,66.7,0,Gilgit,GB,0
2025-09-06,28.2784,66.3414,2.4,27.4,0,Khuzdar,Balochistan,0
2025-09-11,33.884,73.4488,2.1,48.3,0,Muzaffarabad,AJK,0
2025-09-16,30.3569,67.006,1.6,59.5,0,Quetta,Balochistan,0
2025-09-19,33.15,73.75,5.5,10.2,1,Mirpur,AJK,8
2025-09-21,34.026,73.3057,2.9,61.4,0,Rawalpindi,Punjab,0
2025-09-21,33.426,73.976,3.8,15.4,0,Mirpur,AJK,0
2025-09-26,34.2305,71.4131,2.2,18.5,0,Peshawar,KPK,0
2025-09-26,33.3027,74.0371,3.0,18.6,0,Mirpur,AJK,0
2025-09-28,33.1353,74.0305,4.4,9.6,0,Mirpur,AJK,0
2025-10-01,35.9102,74.6802,1.7,11.7,0,Gilgit,GB,0
2025-10-02,33.2897,73.848,2.9,17.0,0,Mirpur,AJK,0
2025-10-03,32.9231,73.7654,3.7,14.4,0,Mirpur,AJK,0
2025-10-03,33.14,73.7142,3.2,8.5,0,Mirpur,AJK,0
2025-10-06,27.712,66.4551,1.6,17.4,0,Khuzdar,Balochistan,0
2025-10-08,33.3147,73.661,3.3,15.5,0,Mirpur,AJK,0
2025-10-08,33.5651,73.0169,4.3,23.1,0,Rawalpindi,Punjab,0
2025-10-11,34.7893,73.9472,2.6,31.8,0,Muzaffarabad,AJK,0
2025-10-16,29.7403,67.3321,2.6,8.1,0,Quetta,Balochistan,0
2025-10-21,33.8118,72.5533,2.6,63.3,0,Rawalpindi,Punjab,0
2025-10-26,33.9276,71.396,3.0,62.9,0,Peshawar,KPK,0
2025-10-31,34.7276,72.3175,3.4,26.9,0,Swat,KPK,0
2025-11-05,33.7346,73.0654,3.0,15.3,0,Rawalpindi,Punjab,0
2025-11-10,34.4642,71.6165,3.0,47.9,0,Peshawar,KPK,0
2025-11-15,35.0481,71.9688,2.4,65.2,0,Swat,KPK,0
2025-11-20,33.4044,73.353,3.3,7.6,0,Islamabad,ICT,0
2025-11-22,35.9221,74.3082,4.7,40.0,1,Gilgit,GB,0
2025-11-25,36.0068,74.1551,2.6,51.5,0,Gilgit,GB,0
2025-11-30,27.3237,66.1441,2.4,14.8,0,Khuzdar,Balochistan,0
2025-12-05,33.8333,73.054,2.9,57.1,0,Rawalpindi,Punjab,0
2025-12-10,33.654,71.0467,2.7,57.7,0,Peshawar,KPK,0
2025-12-15,30.1798,66.975,3.9,23.3,0,Quetta,Balochistan,0
2025-12-15,35.2542,72.8563,3.1,26.1,0,Swat,KPK,0
2025-12-20,33.5269,73.1791,1.6,25.4,0,Islamabad,ICT,0
2025-12-25,36.0506,74.4292,2.2,69.6,0,Gilgit,GB,0
2025-12-30,28.2607,66.2568,2.6,38.4,0,Khuzdar,Balochistan,0
