date,latitude,longitude,earthquake_magnitude,depth_km,wave_height_m,travel_time_min,distance_from_coast_km,alert_level,tsunami_occurred,tsunami_source,city,province,deaths
2020-01-01,25.0893,64.5858,4.4,67.8,0.0,0,129.7,None,0,None,Ormara,Balochistan,0
2020-01-05,25.2441,62.291,2.8,17.5,0.0,0,131.5,None,0,None,Gwadar,Balochistan,0
2020-01-09,24.5742,68.0959,4.2,11.9,0.0,0,182.9,None,0,None,Thatta,Sindh,0
2020-01-13,24.8666,67.0539,2.9,11.1,0.0,0,136.2,None,0,None,Karachi,Sindh,0
2020-01-17,25.163,63.2749,2.5,37.1,0.0,0,91.2,None,0,None,Pasni,Balochistan,0
2020-01-21,25.1673,64.7267,3.1,53.3,0.0,0,145.2,None,0,None,Ormara,Balochistan,0
2020-01-25,25.1424,62.5244,3.4,57.1,0.0,0,24.4,None,0,None,Gwadar,Balochistan,0
2020-01-29,24.6466,67.9353,2.7,22.5,0.0,0,77.7,None,0,None,Thatta,Sindh,0
2020-02-02,25.2157,63.5163,3.9,10.6,0.0,0,62.8,None,0,None,Pasni,Balochistan,0
2020-02-06,25.2302,64.7771,2.6,70.5,0.0,0,198.1,None,0,None,Ormara,Balochistan,0
2020-02-10,25.1212,62.484,3.8,28.5,0.0,0,164.1,None,0,None,Gwadar,Balochistan,0
2020-02-14,24.5672,67.9985,4.2,32.0,0.0,0,128.3,None,0,None,Thatta,Sindh,0
2020-02-18,25.0041,67.1867,3.6,10.9,0.0,0,76.6,None,0,None,Karachi,Sindh,0
2020-02-22,25.1869,63.2907,3.6,47.8,0.0,0,144.5,None,0,None,Pasni,Balochistan,0
2020-02-26,25.3593,64.6834,2.7,37.6,0.0,0,198.6,None,0,None,Ormara,Balochistan,0
2020-03-01,25.376,64.6409,3.2,32.1,0.0,0,198.2,None,0,None,Ormara,Balochistan,0
2020-03-05,24.9962,62.2264,1.5,50.9,0.0,0,151.4,None,0,None,Gwadar,Balochistan,0
2020-03-09,24.6717,68.1145,1.6,71.4,0.0,0,36.2,None,0,None,Thatta,Sindh,0
2020-03-13,24.9555,67.1827,2.6,68.9,0.0,0,157.5,None,0,None,Karachi,Sindh,0
2020-03-15,25.1576,62.3674,5.8,14.8,0.34,25,171.5,Advisory,0,Makran Zone,Gwadar,Balochistan,0
2020-03-17,25.2472,63.3694,3.8,25.9,0.0,0,188.4,None,0,None,Pasni,Balochistan,0
2020-03-21,25.381,64.6736,3.3,59.8,0.0,0,47.0,None,0,None,Ormara,Balochistan,0
2020-03-25,25.2814,62.1289,3.9,18.7,0.0,0,169.8,None,0,None,Gwadar,Balochistan,0
2020-03-29,24.8254,68.0258,4.0,63.5,0.0,0,175.2,None,0,None,Thatta,Sindh,0
2020-04-02,25.3517,63.3731,1.5,50.4,0.0,0,55.9,None,0,None,Pasni,Balochistan,0
2020-04-06,25.1444,64.6663,3.2,69.7,0.0,0,146.1,None,0,None,Ormara,Balochistan,0
2020-04-10,25.1417,62.2131,2.7,18.8,0.0,0,106.8,None,0,None,Gwadar,Balochistan,0
2020-04-14,24.5604,67.764,3.6,18.1,0.0,0,19.5,None,0,None,Thatta,Sindh,0
2020-04-18,24.7937,66.8297,1.7,64.0,0.0,0,101.3,None,0,None,Karachi,Sindh,0
2020-04-22,25.0648,63.2992,2.2,46.5,0.0,0,17.2,None,0,None,Pasni,Balochistan,0
2020-04-26,25.2618,64.8349,3.0,31.4,0.0,0,46.6,None,0,None,Ormara,Balochistan,0
2020-04-30,25.2833,62.1481,1.7,24.4,0.0,0,53.3,None,0,None,Gwadar,Balochistan,0
2020-05-04,24.5558,67.8744,1.6,26.7,0.0,0,152.5,None,0,None,Thatta,Sindh,0
2020-05-08,24.9163,66.9206,2.7,77.9,0.0,0,147.1,None,0,None,Karachi,Sindh,0
2020-05-12,25.3976,63.4969,2.4,12.8,0.0,0,173.9,None,0,None,Pasni,Balochistan,0
2020-05-16,25.0366,64.6943,3.4,48.5,0.0,0,64.2,None,0,None,Ormara,Balochistan,0
2020-05-20,25.0898,62.1825,3.9,15.8,0.0,0,38.0,None,0,None,Gwadar,Balochistan,0
2020-05-24,24.8861,67.7552,3.9,45.2,0.0,0,86.1,None,0,None,Thatta,Sindh,0
2020-05-28,24.7383,67.1818,3.2,56.1,0.0,0,10.6,None,0,None,Karachi,Sindh,0
2020-06-01,25.3809,64.4648,1.6,48.8,0.0,0,134.3,None,0,None,Ormara,Balochistan,0
2020-06-05,25.0104,62.1277,2.3,10.2,0.0,0,167.6,None,0,None,Gwadar,Balochistan,0
2020-06-09,24.719,67.8863,1.6,11.5,0.0,0,7.3,None,0,None,Thatta,Sindh,0
2020-06-13,24.679,67.0091,2.9,74.8,0.0,0,83.9,None,0,None,Karachi,Sindh,0
2020-06-17,25.0897,63.5894,3.1,34.1,0.0,0,85.7,None,0,None,Pasni,Balochistan,0
2020-06-21,25.282,64.8067,1.7,39.4,0.0,0,56.0,None,0,None,Ormara,Balochistan,0
2020-06-25,25.0657,62.4209,2.3,50.5,0.0,0,180.7,None,0,None,Gwadar,Balochistan,0
2020-06-29,24.5784,67.8974,3.9,57.6,0.0,0,79.1,None,0,None,Thatta,Sindh,0
2020-07-03,24.8262,66.8899,3.2,13.9,0.0,0,53.9,None,0,None,Karachi,Sindh,0
2020-07-07,25.2737,63.5803,4.3,63.3,0.0,0,46.7,None,0,None,Pasni,Balochistan,0
2020-07-11,25.1873,64.5549,2.9,70.5,0.0,0,53.5,None,0,None,Ormara,Balochistan,0
2020-07-15,25.2952,62.4913,3.5,20.6,0.0,0,30.1,None,0,None,Gwadar,Balochistan,0
2020-07-19,24.7754,67.8985,4.1,13.9,0.0,0,186.3,None,0,None,Thatta,Sindh,0
2020-07-22,25.2465,64.5967,6.2,12.9,0.45,18,49.8,Watch,0,Makran Zone,Ormara,Balochistan,0
2020-07-23,25.0042,66.8035,2.5,18.1,0.0,0,199.5,None,0,None,Karachi,Sindh,0
2020-07-27,25.2821,63.2845,3.0,17.0,0.0,0,35.5,None,0,None,Pasni,Balochistan,0
2020-07-31,25.3,64.6484,4.1,48.7,0.0,0,190.9,None,0,None,Ormara,Balochistan,0
2020-08-04,24.7305,67.9106,4.2,53.0,0.0,0,39.2,None,0,None,Thatta,Sindh,0
2020-08-08,25.0307,66.9754,2.9,70.2,0.0,0,7.2,None,0,None,Karachi,Sindh,0
2020-08-12,25.3158,63.2782,2.9,17.6,0.0,0,52.6,None,0,None,Pasni,Balochistan,0
2020-08-16,25.2897,64.4867,1.8,26.9,0.0,0,157.2,None,0,None,Ormara,Balochistan,0
2020-08-20,25.1211,62.282,1.6,58.5,0.0,0,149.4,None,0,None,Gwadar,Balochistan,0
2020-08-24,24.9332,67.9172,4.4,28.9,0.0,0,77.6,None,0,None,Thatta,Sindh,0
2020-08-28,24.978,67.0983,1.8,44.0,0.0,0,84.7,None,0,None,Karachi,Sindh,0
2020-09-01,25.0643,64.802,1.8,26.5,0.0,0,8.3,None,0,None,Ormara,Balochistan,0
2020-09-05,24.9531,62.4256,1.5,73.3,0.0,0,35.9,None,0,None,Gwadar,Balochistan,0
2020-09-09,24.7811,67.8866,3.9,17.4,0.0,0,80.8,None,0,None,Thatta,Sindh,0
2020-09-13,24.9306,66.9879,3.1,13.7,0.0,0,139.3,None,0,None,Karachi,Sindh,0
2020-09-17,25.1925,63.4956,2.3,65.4,0.0,0,25.4,None,0,None,Pasni,Balochistan,0
2020-09-21,25.1526,64.6732,1.9,45.0,0.0,0,91.0,None,0,None,Ormara,Balochistan,0
2020-09-25,25.083,62.1531,1.5,32.8,0.0,0,69.5,None,0,None,Gwadar,Balochistan,0
2020-09-29,24.8716,68.0596,3.6,31.4,0.0,0,31.7,None,0,None,Thatta,Sindh,0
2020-10-03,24.9778,67.0207,1.7,39.8,0.0,0,70.4,None,0,None,Karachi,Sindh,0
2020-10-07,25.3142,63.4296,2.0,13.7,0.0,0,91.9,None,0,None,Pasni,Balochistan,0
2020-10-11,25.3271,64.5486,2.3,26.3,0.0,0,121.8,None,0,None,Ormara,Balochistan,0
2020-10-15,25.2789,62.2615,3.9,50.7,0.0,0,167.7,None,0,None,Gwadar,Balochistan,0
2020-10-19,24.7079,68.0133,1.9,64.4,0.0,0,189.2,None,0,None,Thatta,Sindh,0
2020-10-23,24.8846,66.9428,3.3,55.6,0.0,0,40.0,None,0,None,Karachi,Sindh,0
2020-10-27,25.0926,63.3959,4.4,27.5,0.0,0,34.8,None,0,None,Pasni,Balochistan,0
2020-10-31,25.2897,64.7048,1.9,20.8,0.0,0,146.4,None,0,None,Ormara,Balochistan,0
2020-11-04,24.8939,67.7904,3.9,20.6,0.0,0,174.7,None,0,None,Thatta,Sindh,0
2020-11-08,24.7794,67.1117,2.1,68.0,0.0,0,193.7,None,0,None,Karachi,Sindh,0
2020-11-12,25.1017,63.4593,2.8,77.2,0.0,0,172.6,None,0,None,Pasni,Balochistan,0
2020-11-16,25.2202,64.776,1.8,11.8,0.0,0,25.0,None,0,None,Ormara,Balochistan,0
2020-11-20,25.2028,62.2641,2.5,45.9,0.0,0,29.4,None,0,None,Gwadar,Balochistan,0
2020-11-24,24.5627,68.1146,4.3,60.0,0.0,0,38.8,None,0,None,Thatta,Sindh,0
2020-11-28,25.0095,67.0817,4.4,32.3,0.0,0,124.7,None,0,None,Karachi,Sindh,0
2020-11-30,24.887,67.0431,5.3,20.4,0.08,40,104.0,Information,0,Arabian Sea,Karachi,Sindh,0
2020-12-02,25.1136,63.4686,3.7,41.6,0.0,0,190.3,None,0,None,Pasni,Balochistan,0
2020-12-06,25.0559,64.7379,4.4,48.2,0.0,0,126.3,None,0,None,Ormara,Balochistan,0
2020-12-10,25.1986,62.3606,3.9,73.8,0.0,0,17.0,None,0,None,Gwadar,Balochistan,0
2020-12-14,24.7811,67.8732,4.4,25.3,0.0,0,70.2,None,0,None,Thatta,Sindh,0
2020-12-18,24.6768,67.019,3.1,33.0,0.0,0,182.5,None,0,None,Karachi,Sindh,0
2020-12-22,25.2988,63.4005,3.1,17.6,0.0,0,18.6,None,0,None,Pasni,Balochistan,0
2020-12-26,25.2313,64.8375,4.2,47.4,0.0,0,67.2,None,0,None,Ormara,Balochistan,0
2020-12-30,25.0942,62.1609,3.5,46.9,0.0,0,65.3,None,0,None,Gwadar,Balochistan,0
2021-01-03,24.8996,66.809,1.9,67.7,0.0,0,15.3,None,0,None,Karachi,Sindh,0
2021-01-07,25.4145,63.3006,1.9,66.1,0.0,0,97.9,None,0,None,Pasni,Balochistan,0
2021-01-11,25.3321,64.6541,4.3,59.1,0.0,0,148.6,None,0,None,Ormara,Balochistan,0
2021-01-15,25.3086,62.3968,1.8,25.4,0.0,0,41.8,None,0,None,Gwadar,Balochistan,0
2021-01-19,24.5933,68.0139,2.9,43.4,0.0,0,67.9,None,0,None,Thatta,Sindh,0
2021-01-23,24.8447,66.9182,2.1,72.4,0.0,0,172.8,None,0,None,Karachi,Sindh,0
2021-01-27,25.2707,63.6635,3.9,32.6,0.0,0,39.6,None,0,None,Pasni,Balochistan,0
2021-01-31,25.0636,64.4814,3.2,26.4,0.0,0,152.7,None,0,None,Ormara,Balochistan,0
2021-02-04,24.8445,68.0124,4.4,11.4,0.0,0,179.0,None,0,None,Thatta,Sindh,0
2021-02-08,24.8944,67.1436,3.5,29.7,0.0,0,111.2,None,0,None,Karachi,Sindh,0
2021-02-10,25.1347,62.3428,5.4,18.6,0.19,22,273.2,Advisory,0,Makran Zone,Gwadar,Balochistan,0
2021-02-12,25.3691,63.6421,1.9,16.6,0.0,0,166.5,None,0,None,Pasni,Balochistan,0
2021-02-16,25.2388,64.6188,2.0,46.8,0.0,0,62.8,None,0,None,Ormara,Balochistan,0
2021-02-20,24.9383,62.5075,2.1,28.1,0.0,0,73.0,None,0,None,Gwadar,Balochistan,0
2021-02-24,24.6655,67.9692,2.0,25.6,0.0,0,178.4,None,0,None,Thatta,Sindh,0
2021-02-28,24.7308,67.0856,2.6,44.7,0.0,0,60.7,None,0,None,Karachi,Sindh,0
2021-03-04,24.7062,67.8902,2.1,62.0,0.0,0,30.9,None,0,None,Thatta,Sindh,0
2021-03-08,24.7772,67.0978,3.3,46.4,0.0,0,113.8,None,0,None,Karachi,Sindh,0
2021-03-12,25.0976,63.5445,2.4,76.1,0.0,0,159.6,None,0,None,Pasni,Balochistan,0
2021-03-16,25.0645,64.6723,2.8,24.4,0.0,0,182.4,None,0,None,Ormara,Balochistan,0
2021-03-20,24.9663,62.1875,4.5,66.2,0.0,0,187.7,None,0,None,Gwadar,Balochistan,0
2021-03-24,24.6321,67.7771,2.9,18.7,0.0,0,91.4,None,0,None,Thatta,Sindh,0
2021-03-28,24.7309,66.8877,2.3,65.5,0.0,0,167.3,None,0,None,Karachi,Sindh,0
2021-04-01,25.2244,64.6518,1.6,72.4,0.0,0,55.1,None,0,None,Ormara,Balochistan,0
2021-04-05,25.1222,62.323,3.9,44.8,0.0,0,145.0,None,0,None,Gwadar,Balochistan,0
2021-04-09,24.5743,68.0996,4.4,25.0,0.0,0,55.5,None,0,None,Thatta,Sindh,0
2021-04-13,25.0538,67.1708,3.0,13.5,0.0,0,182.2,None,0,None,Karachi,Sindh,0
2021-04-17,25.3038,63.357,3.2,59.4,0.0,0,181.9,None,0,None,Pasni,Balochistan,0
2021-04-21,25.3038,64.6529,1.6,40.5,0.0,0,44.2,None,0,None,Ormara,Balochistan,0
2021-04-25,25.0581,62.3131,2.7,19.2,0.0,0,75.8,None,0,None,Gwadar,Balochistan,0
2021-04-29,24.7862,67.7403,1.5,32.8,0.0,0,184.3,None,0,None,Thatta,Sindh,0
2021-05-03,24.8214,67.0873,2.3,68.9,0.0,0,111.1,None,0,None,Karachi,Sindh,0
2021-05-07,25.4021,63.5503,4.0,31.2,0.0,0,124.7,None,0,None,Pasni,Balochistan,0
2021-05-11,25.0919,64.5778,1.8,37.6,0.0,0,165.0,None,0,None,Ormara,Balochistan,0
2021-05-15,25.2242,62.203,3.3,61.0,0.0,0,80.4,None,0,None,Gwadar,Balochistan,0
2021-05-19,24.907,68.0293,3.2,39.9,0.0,0,57.7,None,0,None,Thatta,Sindh,0
2021-05-23,25.0406,66.9842,4.1,34.9,0.0,0,155.2,None,0,None,Karachi,Sindh,0
2021-05-27,25.3531,63.5403,4.2,23.0,0.0,0,90.6,None,0,None,Pasni,Balochistan,0
2021-05-31,25.1396,64.4821,3.9,35.8,0.0,0,58.0,None,0,None,Ormara,Balochistan,0
2021-06-04,24.9205,68.0532,3.4,50.1,0.0,0,30.0,None,0,None,Thatta,Sindh,0
2021-06-08,24.8065,66.9974,2.2,60.1,0.0,0,166.4,None,0,None,Karachi,Sindh,0
2021-06-12,25.4244,63.611,3.2,20.7,0.0,0,148.7,None,0,None,Pasni,Balochistan,0
2021-06-14,25.3056,63.469,6.0,10.6,0.38,15,113.0,Watch,0,Makran Zone,Pasni,Balochistan,0
2021-06-16,25.2455,64.4936,4.3,45.8,0.0,0,84.6,None,0,None,Ormara,Balochistan,0
2021-06-20,24.9243,62.5089,2.9,70.7,0.0,0,41.7,None,0,None,Gwadar,Balochistan,0
2021-06-24,24.8265,67.9479,1.9,59.0,0.0,0,94.8,None,0,None,Thatta,Sindh,0
2021-06-28,24.7172,67.1333,3.4,66.8,0.0,0,153.7,None,0,None,Karachi,Sindh,0
2021-07-02,25.3707,63.3274,4.0,21.9,0.0,0,145.7,None,0,None,Pasni,Balochistan,0
2021-07-06,25.1341,64.5348,1.8,42.0,0.0,0,156.6,None,0,None,Ormara,Balochistan,0
2021-07-10,24.9281,62.391,3.0,13.3,0.0,0,98.3,None,0,None,Gwadar,Balochistan,0
2021-07-14,24.7098,67.8972,4.5,31.9,0.0,0,90.4,None,0,None,Thatta,Sindh,0
2021-07-18,24.6615,67.0109,2.2,68.2,0.0,0,118.2,None,0,None,Karachi,Sindh,0
2021-07-22,25.207,63.617,2.3,78.2,0.0,0,19.8,None,0,None,Pasni,Balochistan,0
2021-07-26,25.2139,64.6288,2.7,12.9,0.0,0,112.2,None,0,None,Ormara,Balochistan,0
2021-07-30,24.9972,62.382,4.1,10.9,0.0,0,84.4,None,0,None,Gwadar,Balochistan,0
2021-08-03,24.8803,66.8948,2.6,55.0,0.0,0,27.4,None,0,None,Karachi,Sindh,0
2021-08-07,25.3972,63.6456,3.6,66.2,0.0,0,107.9,None,0,None,Pasni,Balochistan,0
2021-08-11,25.2261,64.4595,2.2,15.2,0.0,0,54.0,None,0,None,Ormara,Balochistan,0
2021-08-15,25.1337,62.4753,4.4,63.4,0.0,0,162.5,None,0,None,Gwadar,Balochistan,0
2021-08-19,24.5676,68.0928,4.1,13.8,0.0,0,135.1,None,0,None,Thatta,Sindh,0
2021-08-23,24.7455,66.8577,4.1,74.2,0.0,0,120.0,None,0,None,Karachi,Sindh,0
2021-08-27,25.3804,63.5087,3.0,72.8,0.0,0,15.7,None,0,None,Pasni,Balochistan,0
2021-08-31,25.3705,64.7217,1.5,17.2,0.0,0,23.9,None,0,None,Ormara,Balochistan,0
2021-09-04,24.7699,67.8976,2.1,30.0,0.0,0,183.4,None,0,None,Thatta,Sindh,0
2021-09-08,25.0202,67.1907,3.6,49.2,0.0,0,35.4,None,0,None,Karachi,Sindh,0
2021-09-12,25.4055,63.6384,4.3,16.3,0.0,0,74.1,None,0,None,Pasni,Balochistan,0
2021-09-16,25.1416,64.4922,3.3,46.0,0.0,0,169.9,None,0,None,Ormara,Balochistan,0
2021-09-20,25.095,62.4932,1.6,73.5,0.0,0,26.4,None,0,None,Gwadar,Balochistan,0
2021-09-24,24.6797,67.9465,2.6,14.6,0.0,0,117.6,None,0,None,Thatta,Sindh,0
2021-09-28,25.2191,64.6453,6.4,7.7,0.68,12,52.3,Watch,1,Makran Zone,Ormara,Balochistan,0
2021-09-28,25.0045,67.0734,3.4,70.1,0.0,0,152.5,None,0,None,Karachi,Sindh,0
2021-10-02,25.1957,63.5062,2.4,28.6,0.0,0,28.6,None,0,None,Pasni,Balochistan,0
2021-10-06,25.0766,64.5118,1.5,53.8,0.0,0,20.6,None,0,None,Ormara,Balochistan,0
2021-10-10,25.2735,62.1754,2.9,54.9,0.0,0,116.7,None,0,None,Gwadar,Balochistan,0
2021-10-14,24.6369,67.8781,2.3,53.5,0.0,0,39.6,None,0,None,Thatta,Sindh,0
2021-10-18,24.794,66.8801,3.6,67.5,0.0,0,160.2,None,0,None,Karachi,Sindh,0
2021-10-22,25.3626,63.3777,2.8,28.1,0.0,0,9.6,None,0,None,Pasni,Balochistan,0
2021-10-26,25.1924,64.7075,2.1,31.6,0.0,0,154.7,None,0,None,Ormara,Balochistan,0
2021-10-30,25.0426,62.3039,4.3,16.1,0.0,0,153.2,None,0,None,Gwadar,Balochistan,0
2021-11-03,24.9039,66.9769,2.1,55.4,0.0,0,170.6,None,0,None,Karachi,Sindh,0
2021-11-07,25.1079,63.2894,2.2,52.3,0.0,0,83.6,None,0,None,Pasni,Balochistan,0
2021-11-11,25.3443,64.7025,3.6,30.1,0.0,0,150.8,None,0,None,Ormara,Balochistan,0
2021-11-15,25.0324,62.4044,3.6,24.1,0.0,0,18.6,None,0,None,Gwadar,Balochistan,0
2021-11-19,24.85,67.8253,3.4,74.8,0.0,0,60.5,None,0,None,Thatta,Sindh,0
2021-11-23,24.9798,66.9844,2.3,27.4,0.0,0,88.5,None,0,None,Karachi,Sindh,0
2021-11-27,25.0908,63.3941,4.2,72.7,0.0,0,180.9,None,0,None,Pasni,Balochistan,0
2021-12-01,25.2944,64.8046,2.3,52.0,0.0,0,116.7,None,0,None,Ormara,Balochistan,0
2021-12-05,25.2818,62.2016,4.0,54.0,0.0,0,73.2,None,0,None,Gwadar,Balochistan,0
2021-12-09,24.9443,67.8124,3.0,27.4,0.0,0,50.8,None,0,None,Thatta,Sindh,0
2021-12-13,25.0258,67.0389,2.9,54.7,0.0,0,77.4,None,0,None,Karachi,Sindh,0
2021-12-17,25.4585,63.4058,2.1,71.9,0.0,0,173.3,None,0,None,Pasni,Balochistan,0
2021-12-21,25.3937,64.6335,1.5,24.2,0.0,0,64.1,None,0,None,Ormara,Balochistan,0
2021-12-25,25.1012,62.1492,2.7,79.0,0.0,0,42.6,None,0,None,Gwadar,Balochistan,0
2021-12-29,24.6467,67.7848,4.3,15.7,0.0,0,47.9,None,0,None,Thatta,Sindh,0
2022-01-02,25.205,63.3395,1.9,41.9,0.0,0,135.1,None,0,None,Pasni,Balochistan,0
2022-01-06,25.2689,64.7835,4.1,35.5,0.0,0,194.6,None,0,None,Ormara,Balochistan,0
2022-01-10,24.9363,62.3077,2.2,55.0,0.0,0,95.7,None,0,None,Gwadar,Balochistan,0
2022-01-14,24.739,68.1072,4.3,66.0,0.0,0,61.1,None,0,None,Thatta,Sindh,0
2022-01-18,24.8437,67.1256,3.9,37.5,0.0,0,116.4,None,0,None,Karachi,Sindh,0
2022-01-18,25.1012,62.3399,5.4,21.4,0.2,28,92.3,Information,0,Arabian Sea,Gwadar,Balochistan,0
2022-01-22,25.1827,63.6609,3.2,72.1,0.0,0,25.5,None,0,None,Pasni,Balochistan,0
2022-01-26,25.0496,64.629,1.9,44.7,0.0,0,198.4,None,0,None,Ormara,Balochistan,0
2022-01-30,25.1128,62.4704,3.4,41.8,0.0,0,14.1,None,0,None,Gwadar,Balochistan,0
2022-02-03,24.7048,66.9047,4.5,69.9,0.0,0,27.5,None,0,None,Karachi,Sindh,0
2022-02-07,25.1952,63.3656,2.5,60.6,0.0,0,38.0,None,0,None,Pasni,Balochistan,0
2022-02-11,25.1371,64.515,2.5,25.2,0.0,0,173.0,None,0,None,Ormara,Balochistan,0
2022-02-15,24.992,62.335,1.6,43.5,0.0,0,108.3,None,0,None,Gwadar,Balochistan,0
2022-02-19,24.7816,67.9778,3.5,23.8,0.0,0,47.5,None,0,None,Thatta,Sindh,0
2022-02-23,24.6952,66.8322,2.3,41.9,0.0,0,59.5,None,0,None,Karachi,Sindh,0
2022-02-27,25.4212,63.4913,3.5,59.9,0.0,0,151.6,None,0,None,Pasni,Balochistan,0
2022-03-03,25.049,67.0804,2.1,68.0,0.0,0,119.2,None,0,None,Karachi,Sindh,0
2022-03-07,25.1133,63.6175,2.8,35.0,0.0,0,116.4,None,0,None,Pasni,Balochistan,0
2022-03-11,25.0304,64.7982,3.3,37.6,0.0,0,52.8,None,0,None,Ormara,Balochistan,0
2022-03-15,25.2009,62.3661,4.2,50.7,0.0,0,59.0,None,0,None,Gwadar,Balochistan,0
2022-03-19,24.5639,67.7424,2.2,59.3,0.0,0,131.4,None,0,None,Thatta,Sindh,0
2022-03-23,24.9615,66.928,4.1,23.1,0.0,0,175.5,None,0,None,Karachi,Sindh,0
2022-03-27,25.122,63.3773,4.1,53.7,0.0,0,148.0,None,0,None,Pasni,Balochistan,0
2022-03-31,25.0245,64.5815,3.8,77.8,0.0,0,89.3,None,0,None,Ormara,Balochistan,0
2022-04-04,24.7765,67.7602,4.2,18.1,0.0,0,6.9,None,0,None,Thatta,Sindh,0
2022-04-05,24.8891,67.0218,5.8,16.8,0.34,35,138.2,Advisory,0,Arabian Sea,Karachi,Sindh,0
2022-04-08,24.8286,66.9102,2.7,47.9,0.0,0,67.0,None,0,None,Karachi,Sindh,0
2022-04-12,25.3164,63.3971,3.1,28.2,0.0,0,176.2,None,0,None,Pasni,Balochistan,0
2022-04-16,25.3446,64.7851,2.7,17.6,0.0,0,25.6,None,0,None,Ormara,Balochistan,0
2022-04-20,25.0274,62.1451,2.9,54.7,0.0,0,113.0,None,0,None,Gwadar,Balochistan,0
2022-04-24,24.7609,67.9451,2.5,46.2,0.0,0,40.3,None,0,None,Thatta,Sindh,0
2022-04-28,25.0046,67.1334,3.6,74.6,0.0,0,16.9,None,0,None,Karachi,Sindh,0
2022-05-02,25.1184,63.3319,2.7,72.2,0.0,0,154.3,None,0,None,Pasni,Balochistan,0
2022-05-06,25.08,64.8015,2.6,64.1,0.0,0,17.8,None,0,None,Ormara,Balochistan,0
2022-05-10,25.2451,62.3732,3.9,36.2,0.0,0,42.8,None,0,None,Gwadar,Balochistan,0
2022-05-14,24.6307,68.0532,3.6,76.3,0.0,0,103.7,None,0,None,Thatta,Sindh,0
2022-05-18,24.8887,67.0874,3.6,22.7,0.0,0,88.5,None,0,None,Karachi,Sindh,0
2022-05-22,25.2535,63.5602,1.6,36.7,0.0,0,83.4,None,0,None,Pasni,Balochistan,0
2022-05-26,25.1868,64.5261,2.2,23.3,0.0,0,128.1,None,0,None,Ormara,Balochistan,0
2022-05-30,25.0005,62.1896,2.4,47.0,0.0,0,74.7,None,0,None,Gwadar,Balochistan,0
2022-06-03,25.048,67.0651,2.6,11.0,0.0,0,62.3,None,0,None,Karachi,Sindh,0
2022-06-07,25.2593,63.4547,4.3,68.2,0.0,0,18.4,None,0,None,Pasni,Balochistan,0
2022-06-11,25.4063,64.5985,2.5,78.3,0.0,0,24.4,None,0,None,Ormara,Balochistan,0
2022-06-15,25.2903,62.1546,2.3,11.7,0.0,0,91.1,None,0,None,Gwadar,Balochistan,0
2022-06-19,24.8799,68.109,3.3,28.5,0.0,0,104.6,None,0,None,Thatta,Sindh,0
2022-06-23,25.0293,67.1648,3.3,80.0,0.0,0,195.3,None,0,None,Karachi,Sindh,0
2022-06-27,25.0923,63.4514,2.3,30.4,0.0,0,71.6,None,0,None,Pasni,Balochistan,0
2022-07-01,25.2308,64.5698,2.2,45.5,0.0,0,166.8,None,0,None,Ormara,Balochistan,0
2022-07-05,25.2057,62.4488,2.6,28.2,0.0,0,120.0,None,0,None,Gwadar,Balochistan,0
2022-07-09,24.6588,67.8317,3.9,49.4,0.0,0,75.5,None,0,None,Thatta,Sindh,0
2022-07-13,24.9952,66.8239,3.7,24.3,0.0,0,15.8,None,0,None,Karachi,Sindh,0
2022-07-17,25.1953,63.3598,3.3,49.0,0.0,0,137.5,None,0,None,Pasni,Balochistan,0
2022-07-21,25.3447,64.7183,1.8,77.7,0.0,0,151.7,None,0,None,Ormara,Balochistan,0
2022-07-25,25.1767,62.4866,3.7,16.8,0.0,0,38.8,None,0,None,Gwadar,Balochistan,0
2022-07-29,24.655,68.026,3.4,66.4,0.0,0,110.9,None,0,None,Thatta,Sindh,0
2022-08-02,25.2597,63.5125,1.6,67.6,0.0,0,164.8,None,0,None,Pasni,Balochistan,0
2022-08-06,25.1781,64.6906,2.6,78.4,0.0,0,42.0,None,0,None,Ormara,Balochistan,0
2022-08-10,25.2689,62.398,2.5,68.1,0.0,0,176.4,None,0,None,Gwadar,Balochistan,0
2022-08-14,24.7891,67.9128,3.1,66.6,0.0,0,181.6,None,0,None,Thatta,Sindh,0
2022-08-18,24.9754,67.0154,3.1,14.9,0.0,0,127.1,None,0,None,Karachi,Sindh,0
2022-08-22,25.2773,63.4532,6.0,10.3,0.53,16,190.3,Watch,0,Makran Zone,Pasni,Balochistan,0
2022-08-22,25.2115,63.5107,2.6,19.9,0.0,0,112.0,None,0,None,Pasni,Balochistan,0
2022-08-26,25.1887,64.8133,3.8,31.1,0.0,0,141.0,None,0,None,Ormara,Balochistan,0
2022-08-30,25.2537,62.2928,4.1,76.7,0.0,0,115.4,None,0,None,Gwadar,Balochistan,0
2022-09-03,25.0009,66.8625,4.3,15.4,0.0,0,125.2,None,0,None,Karachi,Sindh,0
2022-09-07,25.1906,63.5623,1.9,48.2,0.0,0,184.9,None,0,None,Pasni,Balochistan,0
2022-09-11,25.0554,64.7105,4.0,70.1,0.0,0,55.6,None,0,None,Ormara,Balochistan,0
2022-09-15,25.2664,62.4741,2.1,79.9,0.0,0,91.3,None,0,None,Gwadar,Balochistan,0
2022-09-19,24.7511,67.9153,4.4,12.9,0.0,0,13.3,None,0,None,Thatta,Sindh,0
2022-09-23,24.6827,66.9823,3.2,39.8,0.0,0,102.8,None,0,None,Karachi,Sindh,0
2022-09-27,25.2726,63.5638,4.2,24.7,0.0,0,38.8,None,0,None,Pasni,Balochistan,0
2022-10-01,25.121,64.5341,3.1,23.3,0.0,0,156.7,None,0,None,Ormara,Balochistan,0
2022-10-05,25.2198,62.3283,3.4,60.9,0.0,0,46.2,None,0,None,Gwadar,Balochistan,0
2022-10-09,24.7802,67.842,4.1,23.0,0.0,0,174.3,None,0,None,Thatta,Sindh,0
2022-10-13,24.8953,67.1906,2.4,62.7,0.0,0,195.5,None,0,None,Karachi,Sindh,0
2022-10-17,25.2875,63.3539,4.5,55.4,0.0,0,104.6,None,0,None,Pasni,Balochistan,0
2022-10-21,25.3856,64.6387,3.0,32.1,0.0,0,149.7,None,0,None,Ormara,Balochistan,0
2022-10-25,25.0997,62.4509,1.7,30.2,0.0,0,43.3,None,0,None,Gwadar,Balochistan,0
2022-10-29,24.5736,68.0715,2.0,45.6,0.0,0,97.8,None,0,None,Thatta,Sindh,0
2022-11-02,25.4519,63.4493,3.7,60.1,0.0,0,56.5,None,0,None,Pasni,Balochistan,0
2022-11-06,25.3828,64.4604,4.4,45.6,0.0,0,94.5,None,0,None,Ormara,Balochistan,0
2022-11-10,25.1068,62.4335,3.4,42.4,0.0,0,140.9,None,0,None,Gwadar,Balochistan,0
2022-11-14,24.8946,67.9118,2.5,35.3,0.0,0,5.9,None,0,None,Thatta,Sindh,0
2022-11-16,25.0943,62.2871,5.3,25.3,0.05,30,131.9,Information,0,Arabian Sea,Gwadar,Balochistan,0
2022-11-18,24.7309,66.896,1.9,41.3,0.0,0,161.2,None,0,None,Karachi,Sindh,0
2022-11-22,25.1285,63.6259,2.6,20.0,0.0,0,144.5,None,0,None,Pasni,Balochistan,0
2022-11-26,25.1812,64.5468,1.6,31.0,0.0,0,192.8,None,0,None,Ormara,Balochistan,0
2022-11-30,25.0389,62.4979,2.9,24.2,0.0,0,22.3,None,0,None,Gwadar,Balochistan,0
2022-12-04,24.6522,67.9965,3.1,70.9,0.0,0,92.2,None,0,None,Thatta,Sindh,0
2022-12-08,24.924,67.0092,2.2,36.5,0.0,0,55.0,None,0,None,Karachi,Sindh,0
2022-12-12,25.1906,63.3949,1.9,26.3,0.0,0,53.0,None,0,None,Pasni,Balochistan,0
2022-12-16,25.3463,64.724,4.1,17.0,0.0,0,16.8,None,0,None,Ormara,Balochistan,0
2022-12-20,25.2741,62.3411,2.9,78.3,0.0,0,140.6,None,0,None,Gwadar,Balochistan,0
2022-12-24,24.5483,67.917,3.1,75.2,0.0,0,79.0,None,0,None,Thatta,Sindh,0
2022-12-28,24.9872,66.9797,2.1,77.9,0.0,0,174.7,None,0,None,Karachi,Sindh,0
2023-01-01,25.1083,64.8375,2.3,39.3,0.0,0,130.3,None,0,None,Ormara,Balochistan,0
2023-01-05,25.0373,62.1627,2.8,20.7,0.0,0,10.9,None,0,None,Gwadar,Balochistan,0
2023-01-09,24.5723,68.0294,3.6,37.9,0.0,0,91.9,None,0,None,Thatta,Sindh,0
2023-01-13,24.687,67.1428,1.6,42.2,0.0,0,120.8,None,0,None,Karachi,Sindh,0
2023-01-17,25.1504,63.5335,3.7,71.0,0.0,0,32.6,None,0,None,Pasni,Balochistan,0
2023-01-21,25.0647,64.7118,2.5,10.6,0.0,0,40.4,None,0,None,Ormara,Balochistan,0
2023-01-25,25.2637,62.2413,4.4,46.1,0.0,0,113.1,None,0,None,Gwadar,Balochistan,0
2023-01-29,24.8809,68.019,1.7,39.9,0.0,0,113.7,None,0,None,Thatta,Sindh,0
2023-02-02,25.4267,63.6296,1.8,60.0,0.0,0,21.7,None,0,None,Pasni,Balochistan,0
2023-02-06,25.0381,64.5141,2.9,60.3,0.0,0,44.1,None,0,None,Ormara,Balochistan,0
2023-02-06,24.7232,67.9459,5.7,18.7,0.16,38,315.7,Advisory,0,Arabian Sea,Thatta,Sindh,0
2023-02-10,25.0612,62.3341,2.7,52.5,0.0,0,78.3,None,0,None,Gwadar,Balochistan,0
2023-02-14,24.8578,67.8495,2.2,43.7,0.0,0,89.3,None,0,None,Thatta,Sindh,0
2023-02-18,24.8987,66.9933,3.3,53.0,0.0,0,142.2,None,0,None,Karachi,Sindh,0
2023-02-22,25.07,63.5227,2.3,68.1,0.0,0,127.6,None,0,None,Pasni,Balochistan,0
2023-02-26,25.3499,64.7174,2.4,54.6,0.0,0,42.7,None,0,None,Ormara,Balochistan,0
2023-03-02,25.1676,63.4933,3.8,19.4,0.0,0,194.8,None,0,None,Pasni,Balochistan,0
2023-03-06,25.0444,64.7844,3.7,30.0,0.0,0,146.7,None,0,None,Ormara,Balochistan,0
2023-03-10,25.1234,62.4659,4.4,50.2,0.0,0,41.1,None,0,None,Gwadar,Balochistan,0
2023-03-14,24.5878,67.7873,3.6,58.2,0.0,0,54.3,None,0,None,Thatta,Sindh,0
2023-03-18,25.0378,67.1238,3.9,52.3,0.0,0,60.3,None,0,None,Karachi,Sindh,0
2023-03-22,25.1108,63.3387,2.5,16.9,0.0,0,78.4,None,0,None,Pasni,Balochistan,0
2023-03-26,25.1642,64.5638,2.7,73.1,0.0,0,190.0,None,0,None,Ormara,Balochistan,0
2023-03-30,25.1313,62.3395,4.0,60.7,0.0,0,62.1,None,0,None,Gwadar,Balochistan,0
2023-04-03,24.9441,67.1664,2.7,59.2,0.0,0,150.9,None,0,None,Karachi,Sindh,0
2023-04-07,25.1117,63.6289,2.5,24.7,0.0,0,187.2,None,0,None,Pasni,Balochistan,0
2023-04-11,25.2216,64.5297,4.1,25.0,0.0,0,165.0,None,0,None,Ormara,Balochistan,0
2023-04-15,24.9667,62.1864,2.5,56.3,0.0,0,59.8,None,0,None,Gwadar,Balochistan,0
2023-04-19,24.9046,67.8842,4.0,26.4,0.0,0,91.1,None,0,None,Thatta,Sindh,0
2023-04-23,24.6833,66.8495,3.6,39.4,0.0,0,183.2,None,0,None,Karachi,Sindh,0
2023-04-27,25.0984,63.4644,1.6,36.7,0.0,0,47.0,None,0,None,Pasni,Balochistan,0
2023-05-01,25.2637,64.6591,1.7,42.7,0.0,0,54.8,None,0,None,Ormara,Balochistan,0
2023-05-05,25.0234,62.4925,2.2,18.2,0.0,0,184.7,None,0,None,Gwadar,Balochistan,0
2023-05-09,24.769,68.0916,2.7,71.2,0.0,0,8.2,None,0,None,Thatta,Sindh,0
2023-05-13,24.7883,66.9805,1.7,79.6,0.0,0,145.4,None,0,None,Karachi,Sindh,0
2023-05-17,25.3355,63.6245,3.5,12.8,0.0,0,170.2,None,0,None,Pasni,Balochistan,0
2023-05-19,25.2129,64.5902,6.4,9.2,0.76,11,294.0,Watch,1,Makran Zone,Ormara,Balochistan,1
2023-05-21,25.3855,64.5144,1.8,59.9,0.0,0,147.8,None,0,None,Ormara,Balochistan,0
2023-05-25,25.1094,62.1425,3.4,57.4,0.0,0,13.6,None,0,None,Gwadar,Balochistan,0
2023-05-29,24.6315,67.8713,2.6,65.8,0.0,0,97.4,None,0,None,Thatta,Sindh,0
2023-06-02,25.3255,63.4477,3.3,70.0,0.0,0,115.3,None,0,None,Pasni,Balochistan,0
2023-06-06,25.364,64.5577,3.2,43.0,0.0,0,198.1,None,0,None,Ormara,Balochistan,0
2023-06-10,24.9874,62.3464,2.1,49.1,0.0,0,51.7,None,0,None,Gwadar,Balochistan,0
2023-06-14,24.9326,67.9122,1.8,22.8,0.0,0,42.4,None,0,None,Thatta,Sindh,0
2023-06-18,24.8703,67.0699,2.4,52.5,0.0,0,181.1,None,0,None,Karachi,Sindh,0
2023-06-22,25.4007,63.4032,2.8,75.3,0.0,0,73.7,None,0,None,Pasni,Balochistan,0
2023-06-26,25.2238,64.7185,4.2,43.1,0.0,0,172.2,None,0,None,Ormara,Balochistan,0
2023-06-30,25.0956,62.1972,3.0,19.6,0.0,0,87.8,None,0,None,Gwadar,Balochistan,0
2023-07-04,24.9356,67.8828,3.6,36.7,0.0,0,83.9,None,0,None,Thatta,Sindh,0
2023-07-08,24.8083,67.0586,2.6,42.6,0.0,0,134.0,None,0,None,Karachi,Sindh,0
2023-07-12,25.1682,63.4357,4.4,30.6,0.0,0,185.3,None,0,None,Pasni,Balochistan,0
2023-07-16,25.1033,64.7493,4.5,60.6,0.0,0,58.3,None,0,None,Ormara,Balochistan,0
2023-07-20,25.1278,62.2177,1.6,41.3,0.0,0,159.0,None,0,None,Gwadar,Balochistan,0
2023-07-24,24.5676,67.7742,3.0,16.2,0.0,0,39.9,None,0,None,Thatta,Sindh,0
2023-07-28,24.893,67.111,2.9,37.4,0.0,0,75.1,None,0,None,Karachi,Sindh,0
2023-07-30,25.1567,62.3605,5.9,13.5,0.41,20,240.2,Watch,0,Makran Zone,Gwadar,Balochistan,0
2023-08-01,25.3214,64.6582,2.1,70.3,0.0,0,140.6,None,0,None,Ormara,Balochistan,0
2023-08-05,25.2426,62.3735,1.6,53.9,0.0,0,195.3,None,0,None,Gwadar,Balochistan,0
2023-08-09,24.7585,67.8031,2.8,56.3,0.0,0,46.0,None,0,None,Thatta,Sindh,0
2023-08-13,24.8454,66.9672,1.9,72.9,0.0,0,122.7,None,0,None,Karachi,Sindh,0
2023-08-17,25.3677,63.6109,4.2,40.6,0.0,0,8.1,None,0,None,Pasni,Balochistan,0
2023-08-21,25.2054,64.6254,3.3,71.2,0.0,0,189.4,None,0,None,Ormara,Balochistan,0
2023-08-25,24.9567,62.2798,3.4,63.3,0.0,0,136.3,None,0,None,Gwadar,Balochistan,0
2023-08-29,24.9005,67.876,1.7,55.0,0.0,0,50.2,None,0,None,Thatta,Sindh,0
2023-09-02,25.3029,63.4985,3.3,60.8,0.0,0,125.5,None,0,None,Pasni,Balochistan,0
2023-09-06,25.1242,64.7598,1.9,49.9,0.0,0,77.7,None,0,None,Ormara,Balochistan,0
2023-09-10,25.0854,62.1738,2.1,70.6,0.0,0,89.3,None,0,None,Gwadar,Balochistan,0
2023-09-14,24.8333,67.9853,1.9,11.6,0.0,0,157.9,None,0,None,Thatta,Sindh,0
2023-09-18,24.7019,67.1667,1.8,22.9,0.0,0,180.0,None,0,None,Karachi,Sindh,0
2023-09-22,25.3982,63.4215,4.4,20.1,0.0,0,101.1,None,0,None,Pasni,Balochistan,0
2023-09-26,25.0134,64.5272,2.6,20.8,0.0,0,55.3,None,0,None,Ormara,Balochistan,0
2023-09-30,24.9661,62.4168,2.6,41.0,0.0,0,72.7,None,0,None,Gwadar,Balochistan,0
2023-10-04,24.8874,67.8895,2.8,14.9,0.0,0,9.0,None,0,None,Thatta,Sindh,0
2023-10-07,25.2482,63.4965,5.2,27.4,0.06,32,162.7,Information,0,Arabian Sea,Pasni,Balochistan,0
2023-10-08,25.0166,67.1212,2.9,25.5,0.0,0,70.9,None,0,None,Karachi,Sindh,0
2023-10-12,25.169,63.3287,3.2,74.8,0.0,0,76.3,None,0,None,Pasni,Balochistan,0
2023-10-16,25.2864,64.4698,2.8,31.5,0.0,0,10.3,None,0,None,Ormara,Balochistan,0
2023-10-20,25.0476,62.4221,4.1,61.8,0.0,0,25.9,None,0,None,Gwadar,Balochistan,0
2023-10-24,24.9016,67.9184,4.3,72.3,0.0,0,63.9,None,0,None,Thatta,Sindh,0
2023-10-28,24.8239,66.9335,3.2,17.7,0.0,0,130.9,None,0,None,Karachi,Sindh,0
2023-11-01,25.1249,64.4686,2.9,14.7,0.0,0,98.8,None,0,None,Ormara,Balochistan,0
2023-11-05,25.1908,62.2897,3.2,76.0,0.0,0,85.3,None,0,None,Gwadar,Balochistan,0
2023-11-09,24.705,67.7508,2.5,36.8,0.0,0,71.9,None,0,None,Thatta,Sindh,0
2023-11-13,24.6725,66.9444,2.8,72.1,0.0,0,97.7,None,0,None,Karachi,Sindh,0
2023-11-17,25.3213,63.6069,4.0,20.1,0.0,0,6.9,None,0,None,Pasni,Balochistan,0
2023-11-21,25.2965,64.656,3.3,60.7,0.0,0,167.3,None,0,None,Ormara,Balochistan,0
2023-11-25,25.2157,62.2575,3.2,70.3,0.0,0,27.3,None,0,None,Gwadar,Balochistan,0
2023-11-29,24.631,67.8938,3.4,26.5,0.0,0,67.6,None,0,None,Thatta,Sindh,0
2023-12-03,24.9658,66.8627,3.8,32.0,0.0,0,48.1,None,0,None,Karachi,Sindh,0
2023-12-07,25.288,63.3602,3.8,18.3,0.0,0,32.2,None,0,None,Pasni,Balochistan,0
2023-12-11,25.3785,64.6388,2.2,36.7,0.0,0,112.1,None,0,None,Ormara,Balochistan,0
2023-12-15,25.2155,62.4322,2.9,66.9,0.0,0,187.9,None,0,None,Gwadar,Balochistan,0
2023-12-19,24.6803,67.7452,3.0,10.3,0.0,0,113.4,None,0,None,Thatta,Sindh,0
2023-12-23,24.6755,66.8099,3.7,27.4,0.0,0,54.9,None,0,None,Karachi,Sindh,0
2023-12-27,25.2654,63.2869,3.7,39.9,0.0,0,83.2,None,0,None,Pasni,Balochistan,0
2023-12-31,25.0323,64.6069,1.6,34.9,0.0,0,139.2,None,0,None,Ormara,Balochistan,0
2024-01-04,24.936,68.024,3.6,37.4,0.0,0,127.6,None,0,None,Thatta,Sindh,0
2024-01-08,24.935,67.1528,3.8,54.1,0.0,0,55.0,None,0,None,Karachi,Sindh,0
2024-01-10,24.8478,67.0252,5.4,20.0,0.16,42,347.4,Advisory,0,Arabian Sea,Karachi,Sindh,0
2024-01-12,25.1859,63.4373,3.0,23.6,0.0,0,10.1,None,0,None,Pasni,Balochistan,0
2024-01-16,25.3526,64.4573,2.2,21.2,0.0,0,52.6,None,0,None,Ormara,Balochistan,0
2024-01-20,25.1555,62.2308,3.9,12.2,0.0,0,13.7,None,0,None,Gwadar,Balochistan,0
2024-01-24,24.7545,68.0785,2.4,57.8,0.0,0,51.7,None,0,None,Thatta,Sindh,0
2024-01-28,24.751,67.0454,1.8,67.1,0.0,0,75.9,None,0,None,Karachi,Sindh,0
2024-02-01,25.1087,64.4967,4.3,45.4,0.0,0,29.9,None,0,None,Ormara,Balochistan,0
2024-02-05,25.2214,62.2344,3.6,56.6,0.0,0,42.5,None,0,None,Gwadar,Balochistan,0
2024-02-09,24.5974,68.0154,1.9,78.8,0.0,0,160.7,None,0,None,Thatta,Sindh,0
2024-02-13,24.8455,67.0562,4.1,18.4,0.0,0,125.6,None,0,None,Karachi,Sindh,0
2024-02-17,25.0876,63.4623,2.5,28.2,0.0,0,32.9,None,0,None,Pasni,Balochistan,0
2024-02-21,25.3176,64.5866,2.7,49.5,0.0,0,88.1,None,0,None,Ormara,Balochistan,0
2024-02-25,24.9629,62.2176,2.1,58.9,0.0,0,107.2,None,0,None,Gwadar,Balochistan,0
2024-02-29,24.7046,67.759,3.7,59.3,0.0,0,106.4,None,0,None,Thatta,Sindh,0
2024-03-04,24.7588,67.9701,1.8,57.8,0.0,0,23.3,None,0,None,Thatta,Sindh,0
2024-03-08,24.9362,67.0085,3.7,41.7,0.0,0,186.2,None,0,None,Karachi,Sindh,0
2024-03-12,25.3059,63.3451,2.2,39.3,0.0,0,62.0,None,0,None,Pasni,Balochistan,0
2024-03-16,25.1573,64.5397,4.5,22.1,0.0,0,106.0,None,0,None,Ormara,Balochistan,0
2024-03-20,25.2365,62.1887,4.0,74.7,0.0,0,6.6,None,0,None,Gwadar,Balochistan,0
2024-03-24,24.6902,67.9156,4.3,47.9,0.0,0,33.4,None,0,None,Thatta,Sindh,0
2024-03-25,25.1327,62.3129,6.3,9.9,0.65,14,201.4,Watch,1,Makran Zone,Gwadar,Balochistan,0
2024-03-28,24.8948,67.1337,3.9,65.5,0.0,0,42.8,None,0,None,Karachi,Sindh,0
2024-04-01,25.293,64.5539,3.7,13.7,0.0,0,144.6,None,0,None,Ormara,Balochistan,0
2024-04-05,25.1704,62.4708,3.7,21.3,0.0,0,143.9,None,0,None,Gwadar,Balochistan,0
2024-04-09,24.6371,67.818,2.9,65.9,0.0,0,69.2,None,0,None,Thatta,Sindh,0
2024-04-13,24.8101,66.9408,1.9,31.2,0.0,0,85.2,None,0,None,Karachi,Sindh,0
2024-04-17,25.4117,63.67,3.7,30.4,0.0,0,79.4,None,0,None,Pasni,Balochistan,0
2024-04-21,25.1165,64.8102,3.7,20.4,0.0,0,78.2,None,0,None,Ormara,Balochistan,0
2024-04-25,25.0693,62.3304,2.8,31.3,0.0,0,127.6,None,0,None,Gwadar,Balochistan,0
2024-04-29,24.7156,68.0128,2.1,66.7,0.0,0,103.9,None,0,None,Thatta,Sindh,0
2024-05-03,24.7735,67.187,1.6,23.4,0.0,0,14.1,None,0,None,Karachi,Sindh,0
2024-05-07,25.3091,63.5919,1.9,58.4,0.0,0,185.6,None,0,None,Pasni,Balochistan,0
2024-05-11,25.2003,64.6218,2.4,48.7,0.0,0,192.6,None,0,None,Ormara,Balochistan,0
2024-05-15,24.9593,62.3063,4.3,55.5,0.0,0,79.7,None,0,None,Gwadar,Balochistan,0
2024-05-19,24.686,67.8447,1.6,78.7,0.0,0,123.5,None,0,None,Thatta,Sindh,0
2024-05-23,24.8903,66.9241,3.8,11.2,0.0,0,59.3,None,0,None,Karachi,Sindh,0
2024-05-27,25.2861,63.5108,3.6,75.4,0.0,0,161.9,None,0,None,Pasni,Balochistan,0
2024-05-31,25.1619,64.6875,4.4,16.8,0.0,0,164.7,None,0,None,Ormara,Balochistan,0
2024-06-04,24.5672,67.8313,1.8,30.1,0.0,0,187.5,None,0,None,Thatta,Sindh,0
2024-06-08,24.9493,66.9076,2.9,59.4,0.0,0,65.3,None,0,None,Karachi,Sindh,0
2024-06-12,25.3115,63.6173,2.9,23.3,0.0,0,59.2,None,0,None,Pasni,Balochistan,0
2024-06-16,25.0206,64.4873,2.8,39.8,0.0,0,7.8,None,0,None,Ormara,Balochistan,0
2024-06-18,25.1735,64.6045,6.0,13.7,0.4,17,197.9,Watch,0,Makran Zone,Ormara,Balochistan,0
2024-06-20,25.0954,62.4787,4.1,37.9,0.0,0,29.7,None,0,None,Gwadar,Balochistan,0
2024-06-24,24.9298,67.7421,2.4,25.3,0.0,0,80.0,None,0,None,Thatta,Sindh,0
2024-06-28,25.0039,67.1329,1.7,34.2,0.0,0,195.7,None,0,None,Karachi,Sindh,0
2024-07-02,25.2075,63.2783,1.9,69.1,0.0,0,126.5,None,0,None,Pasni,Balochistan,0
2024-07-06,25.1536,64.7393,2.8,30.7,0.0,0,105.5,None,0,None,Ormara,Balochistan,0
2024-07-10,25.2142,62.4628,3.7,17.4,0.0,0,9.9,None,0,None,Gwadar,Balochistan,0
2024-07-14,24.919,67.9812,2.5,46.5,0.0,0,198.8,None,0,None,Thatta,Sindh,0
2024-07-18,25.0048,67.1066,2.5,16.1,0.0,0,191.1,None,0,None,Karachi,Sindh,0
2024-07-22,25.1872,63.4984,1.8,69.9,0.0,0,121.4,None,0,None,Pasni,Balochistan,0
2024-07-26,25.2417,64.7029,4.1,12.3,0.0,0,125.1,None,0,None,Ormara,Balochistan,0
2024-07-30,25.2104,62.1265,2.4,13.9,0.0,0,62.7,None,0,None,Gwadar,Balochistan,0
2024-08-03,24.7894,67.0801,3.6,75.5,0.0,0,121.0,None,0,None,Karachi,Sindh,0
2024-08-07,25.0893,63.5092,3.0,22.3,0.0,0,39.2,None,0,None,Pasni,Balochistan,0
2024-08-11,25.0552,64.8048,2.9,23.4,0.0,0,188.3,None,0,None,Ormara,Balochistan,0
2024-08-15,25.0006,62.1314,3.8,22.0,0.0,0,150.8,None,0,None,Gwadar,Balochistan,0
2024-08-19,24.7473,67.8542,1.8,13.4,0.0,0,58.3,None,0,None,Thatta,Sindh,0
2024-08-23,24.8207,67.0754,3.1,32.0,0.0,0,127.0,None,0,None,Karachi,Sindh,0
2024-08-27,25.4234,63.4927,2.7,22.4,0.0,0,177.6,None,0,None,Pasni,Balochistan,0
2024-08-31,25.2173,64.4774,2.2,61.6,0.0,0,158.3,None,0,None,Ormara,Balochistan,0
2024-09-04,24.9094,67.8442,4.3,26.2,0.0,0,38.7,None,0,None,Thatta,Sindh,0
2024-09-08,24.9018,66.9407,2.8,56.7,0.0,0,53.1,None,0,None,Karachi,Sindh,0
2024-09-12,25.2136,63.5057,5.3,23.3,0.21,26,313.7,Advisory,0,Arabian Sea,Pasni,Balochistan,0
2024-09-12,25.4604,63.5899,2.6,37.4,0.0,0,15.4,None,0,None,Pasni,Balochistan,0
2024-09-16,25.2773,64.8315,3.0,12.1,0.0,0,107.5,None,0,None,Ormara,Balochistan,0
2024-09-20,25.0976,62.1404,3.2,15.8,0.0,0,135.6,None,0,None,Gwadar,Balochistan,0
2024-09-24,24.5833,67.8314,3.3,77.4,0.0,0,84.7,None,0,None,Thatta,Sindh,0
2024-09-28,25.0299,67.1813,1.5,55.6,0.0,0,92.3,None,0,None,Karachi,Sindh,0
2024-10-02,25.2544,63.6017,1.9,74.5,0.0,0,85.9,None,0,None,Pasni,Balochistan,0
2024-10-06,25.0349,64.6573,3.8,62.8,0.0,0,148.8,None,0,None,Ormara,Balochistan,0
2024-10-10,25.2539,62.5006,2.1,18.0,0.0,0,36.8,None,0,None,Gwadar,Balochistan,0
2024-10-14,24.6183,67.7821,1.8,69.9,0.0,0,176.4,None,0,None,Thatta,Sindh,0
2024-10-18,24.942,67.0776,3.3,14.5,0.0,0,178.3,None,0,None,Karachi,Sindh,0
2024-10-22,25.287,63.5395,2.3,61.9,0.0,0,178.2,None,0,None,Pasni,Balochistan,0
2024-10-26,25.3604,64.7073,2.0,55.6,0.0,0,159.3,None,0,None,Ormara,Balochistan,0
2024-10-30,24.9342,62.2207,3.7,30.4,0.0,0,60.2,None,0,None,Gwadar,Balochistan,0
2024-11-03,24.8608,66.9826,2.9,49.1,0.0,0,45.7,None,0,None,Karachi,Sindh,0
2024-11-07,25.0842,63.3245,2.3,72.3,0.0,0,72.3,None,0,None,Pasni,Balochistan,0
2024-11-11,25.108,64.7093,4.2,60.9,0.0,0,17.5,None,0,None,Ormara,Balochistan,0
2024-11-15,25.3171,62.3248,3.6,17.9,0.0,0,193.4,None,0,None,Gwadar,Balochistan,0
2024-11-19,24.5683,67.9329,3.5,44.1,0.0,0,58.4,None,0,None,Thatta,Sindh,0
2024-11-23,24.7969,66.9283,3.3,40.5,0.0,0,6.0,None,0,None,Karachi,Sindh,0
2024-11-27,25.3811,63.433,2.3,72.5,0.0,0,115.2,None,0,None,Pasni,Balochistan,0
2024-11-28,25.1448,62.3155,5.7,16.6,0.34,23,223.1,Advisory,0,Makran Zone,Gwadar,Balochistan,0
2024-12-01,25.2993,64.5331,4.1,76.8,0.0,0,87.5,None,0,None,Ormara,Balochistan,0
2024-12-05,25.1175,62.4108,3.7,20.4,0.0,0,104.7,None,0,None,Gwadar,Balochistan,0
2024-12-09,24.5761,67.9846,4.2,29.6,0.0,0,161.5,None,0,None,Thatta,Sindh,0
2024-12-13,24.6737,67.0697,2.6,53.2,0.0,0,184.7,None,0,None,Karachi,Sindh,0
2024-12-17,25.416,63.4819,2.3,15.7,0.0,0,84.3,None,0,None,Pasni,Balochistan,0
2024-12-21,25.3713,64.4932,3.5,55.4,0.0,0,147.9,None,0,None,Ormara,Balochistan,0
2024-12-25,25.123,62.2642,3.4,18.9,0.0,0,165.1,None,0,None,Gwadar,Balochistan,0
2024-12-29,24.6152,67.7853,3.6,59.1,0.0,0,93.8,None,0,None,Thatta,Sindh,0
2025-01-02,25.4393,63.383,2.6,55.8,0.0,0,37.1,None,0,None,Pasni,Balochistan,0
2025-01-06,25.1478,64.7778,3.9,72.2,0.0,0,186.6,None,0,None,Ormara,Balochistan,0
2025-01-10,25.0401,62.2935,3.2,38.7,0.0,0,127.2,None,0,None,Gwadar,Balochistan,0
2025-01-14,24.8067,67.9163,2.5,26.7,0.0,0,193.4,None,0,None,Thatta,Sindh,0
2025-01-18,24.6767,67.1172,2.2,37.8,0.0,0,64.9,None,0,None,Karachi,Sindh,0
2025-01-22,25.2983,63.3755,2.9,76.2,0.0,0,128.4,None,0,None,Pasni,Balochistan,0
2025-01-26,25.3127,64.4788,3.2,55.4,0.0,0,93.6,None,0,None,Ormara,Balochistan,0
2025-01-30,25.313,62.3566,3.3,15.0,0.0,0,112.8,None,0,None,Gwadar,Balochistan,0
2025-02-03,24.8905,66.9469,2.8,78.4,0.0,0,94.2,None,0,None,Karachi,Sindh,0
2025-02-07,25.2375,63.5324,2.5,28.0,0.0,0,9.5,None,0,None,Pasni,Balochistan,0
2025-02-11,25.3601,64.8241,3.7,51.9,0.0,0,148.1,None,0,None,Ormara,Balochistan,0
2025-02-14,24.8651,67.0158,5.4,22.2,0.13,44,161.1,Information,0,Arabian Sea,Karachi,Sindh,0
2025-02-15,25.2787,62.3087,2.8,38.2,0.0,0,173.2,None,0,None,Gwadar,Balochistan,0
2025-02-19,24.7959,68.0415,3.8,53.3,0.0,0,106.9,None,0,None,Thatta,Sindh,0
2025-02-23,24.8938,67.0553,3.9,61.9,0.0,0,147.8,None,0,None,Karachi,Sindh,0
2025-02-27,25.2772,63.4464,2.3,16.9,0.0,0,35.8,None,0,None,Pasni,Balochistan,0
2025-03-03,24.8707,66.871,3.8,45.1,0.0,0,22.5,None,0,None,Karachi,Sindh,0
2025-03-07,25.2134,63.5697,3.2,52.7,0.0,0,192.1,None,0,None,Pasni,Balochistan,0
2025-03-11,25.1318,64.6711,1.7,72.7,0.0,0,187.6,None,0,None,Ormara,Balochistan,0
2025-03-15,24.9368,62.1852,2.9,77.6,0.0,0,84.8,None,0,None,Gwadar,Balochistan,0
2025-03-19,24.7717,68.1117,4.2,71.3,0.0,0,124.8,None,0,None,Thatta,Sindh,0
2025-03-23,25.0425,66.8501,2.9,42.2,0.0,0,12.7,None,0,None,Karachi,Sindh,0
2025-03-27,25.0844,63.4846,2.4,28.9,0.0,0,92.9,None,0,None,Pasni,Balochistan,0
2025-03-31,25.2681,64.5559,4.2,12.3,0.0,0,167.6,None,0,None,Ormara,Balochistan,0
2025-04-04,24.6051,67.9738,2.9,70.1,0.0,0,87.0,None,0,None,Thatta,Sindh,0
2025-04-08,24.8231,66.9964,3.7,77.3,0.0,0,145.2,None,0,None,Karachi,Sindh,0
2025-04-12,25.2104,63.6372,4.1,19.5,0.0,0,185.0,None,0,None,Pasni,Balochistan,0
2025-04-16,25.1839,64.5478,3.0,45.1,0.0,0,178.9,None,0,None,Ormara,Balochistan,0
2025-04-20,25.2707,62.4232,2.4,71.5,0.0,0,124.1,None,0,None,Gwadar,Balochistan,0
2025-04-22,25.2378,64.6221,6.5,7.5,1.19,10,317.7,Warning,1,Makran Zone,Ormara,Balochistan,2
2025-04-24,24.7927,68.106,2.1,71.2,0.0,0,39.3,None,0,None,Thatta,Sindh,0
2025-04-28,24.8298,67.1421,2.0,20.4,0.0,0,68.8,None,0,None,Karachi,Sindh,0
2025-05-02,25.1427,63.6194,3.9,79.0,0.0,0,47.2,None,0,None,Pasni,Balochistan,0
2025-05-06,25.3953,64.5743,4.1,31.3,0.0,0,173.3,None,0,None,Ormara,Balochistan,0
2025-05-10,25.0312,62.3246,2.9,58.1,0.0,0,11.4,None,0,None,Gwadar,Balochistan,0
2025-05-14,24.8633,67.8406,3.4,55.8,0.0,0,35.8,None,0,None,Thatta,Sindh,0
2025-05-18,24.8725,67.118,1.6,64.4,0.0,0,184.6,None,0,None,Karachi,Sindh,0
2025-05-22,25.2659,63.6239,2.7,48.9,0.0,0,77.2,None,0,None,Pasni,Balochistan,0
2025-05-26,25.2268,64.5031,3.4,78.2,0.0,0,121.3,None,0,None,Ormara,Balochistan,0
2025-05-30,25.2938,62.5126,2.2,23.3,0.0,0,36.1,None,0,None,Gwadar,Balochistan,0
2025-06-03,24.7542,67.1777,1.6,67.5,0.0,0,70.4,None,0,None,Karachi,Sindh,0
2025-06-07,25.0847,63.6519,3.9,37.3,0.0,0,118.4,None,0,None,Pasni,Balochistan,0
2025-06-11,25.0186,64.6549,3.2,48.0,0.0,0,183.3,None,0,None,Ormara,Balochistan,0
2025-06-15,24.9788,62.2432,3.2,30.7,0.0,0,64.9,None,0,None,Gwadar,Balochistan,0
2025-06-19,24.6892,67.7728,3.4,78.8,0.0,0,35.5,None,0,None,Thatta,Sindh,0
2025-06-23,24.9451,67.1376,3.2,75.3,0.0,0,13.9,None,0,None,Karachi,Sindh,0
2025-06-27,25.4099,63.5835,4.2,70.5,0.0,0,154.0,None,0,None,Pasni,Balochistan,0
2025-07-01,25.3853,64.7489,1.7,61.1,0.0,0,136.8,None,0,None,Ormara,Balochistan,0
2025-07-05,25.1935,62.3623,1.7,16.0,0.0,0,175.3,None,0,None,Gwadar,Balochistan,0
2025-07-08,25.231,63.4634,6.0,11.8,0.51,15,122.8,Watch,0,Makran Zone,Pasni,Balochistan,0
2025-07-09,24.7889,68.0767,3.6,75.8,0.0,0,98.8,None,0,None,Thatta,Sindh,0
2025-07-13,24.8361,67.0107,3.0,26.4,0.0,0,162.3,None,0,None,Karachi,Sindh,0
2025-07-17,25.2556,63.6309,1.6,22.9,0.0,0,81.3,None,0,None,Pasni,Balochistan,0
2025-07-21,25.1608,64.4862,1.6,76.4,0.0,0,46.1,None,0,None,Ormara,Balochistan,0
2025-07-25,25.258,62.3394,1.6,51.4,0.0,0,15.0,None,0,None,Gwadar,Balochistan,0
2025-07-29,24.7767,67.7764,3.5,43.3,0.0,0,74.3,None,0,None,Thatta,Sindh,0
2025-08-02,25.3895,63.563,1.9,12.8,0.0,0,86.5,None,0,None,Pasni,Balochistan,0
2025-08-06,25.07,64.7321,3.1,79.5,0.0,0,119.7,None,0,None,Ormara,Balochistan,0
2025-08-10,25.1993,62.141,3.5,72.1,0.0,0,56.9,None,0,None,Gwadar,Balochistan,0
2025-08-14,24.7324,68.1073,4.2,19.7,0.0,0,179.6,None,0,None,Thatta,Sindh,0
2025-08-18,24.9834,66.8373,3.5,51.7,0.0,0,182.0,None,0,None,Karachi,Sindh,0
2025-08-22,25.0933,63.52,3.1,49.9,0.0,0,142.0,None,0,None,Pasni,Balochistan,0
2025-08-26,25.2612,64.7419,1.9,16.1,0.0,0,108.0,None,0,None,Ormara,Balochistan,0
2025-08-30,25.2348,62.4844,1.8,50.6,0.0,0,52.3,None,0,None,Gwadar,Balochistan,0
2025-09-03,24.8993,66.8923,1.9,65.9,0.0,0,189.3,None,0,None,Karachi,Sindh,0
2025-09-07,25.3607,63.5355,3.2,41.6,0.0,0,24.6,None,0,None,Pasni,Balochistan,0
2025-09-11,25.3386,64.5627,3.4,58.0,0.0,0,50.6,None,0,None,Ormara,Balochistan,0
2025-09-15,25.1001,62.4071,3.7,71.5,0.0,0,162.3,None,0,None,Gwadar,Balochistan,0
2025-09-19,24.6572,67.8468,3.2,49.1,0.0,0,80.7,None,0,None,Thatta,Sindh,0
2025-09-19,25.1224,62.3256,5.6,18.4,0.34,24,103.6,Advisory,0,Arabian Sea,Gwadar,Balochistan,0
2025-09-23,24.7218,67.0258,3.8,55.3,0.0,0,98.2,None,0,None,Karachi,Sindh,0
2025-09-27,25.2188,63.4984,2.4,38.9,0.0,0,151.4,None,0,None,Pasni,Balochistan,0
2025-10-01,25.1522,64.7667,4.3,23.6,0.0,0,30.1,None,0,None,Ormara,Balochistan,0
2025-10-05,25.0899,62.1553,3.2,66.3,0.0,0,125.5,None,0,None,Gwadar,Balochistan,0
2025-10-09,24.7239,68.0641,3.7,32.0,0.0,0,24.4,None,0,None,Thatta,Sindh,0
2025-10-13,24.6889,67.0825,4.0,74.3,0.0,0,113.2,None,0,None,Karachi,Sindh,0
2025-10-17,25.4433,63.6667,1.9,15.6,0.0,0,88.1,None,0,None,Pasni,Balochistan,0
2025-10-21,25.2046,64.6859,4.4,39.6,0.0,0,161.6,None,0,None,Ormara,Balochistan,0
2025-10-25,24.9873,62.4202,2.2,49.3,0.0,0,173.6,None,0,None,Gwadar,Balochistan,0
2025-10-29,24.6385,67.7471,2.3,33.6,0.0,0,36.0,None,0,None,Thatta,Sindh,0
2025-11-02,25.3944,63.648,2.8,50.3,0.0,0,121.1,None,0,None,Pasni,Balochistan,0
2025-11-05,24.7572,67.9276,5.4,20.4,0.16,36,212.6,Advisory,0,Arabian Sea,Thatta,Sindh,0
2025-11-06,25.2257,64.6573,3.1,30.1,0.0,0,167.7,None,0,None,Ormara,Balochistan,0
2025-11-10,24.9548,62.1717,2.2,46.8,0.0,0,137.4,None,0,None,Gwadar,Balochistan,0
2025-11-14,24.8349,67.8874,3.7,53.4,0.0,0,143.4,None,0,None,Thatta,Sindh,0
2025-11-18,25.0213,66.9158,2.4,75.4,0.0,0,114.1,None,0,None,Karachi,Sindh,0
2025-11-22,25.0734,63.3341,3.1,31.9,0.0,0,164.3,None,0,None,Pasni,Balochistan,0
2025-11-26,25.0447,64.7887,3.5,30.7,0.0,0,106.0,None,0,None,Ormara,Balochistan,0
2025-11-30,24.929,62.2522,3.7,25.5,0.0,0,114.1,None,0,None,Gwadar,Balochistan,0
2025-12-04,24.7044,68.0153,3.6,13.5,0.0,0,192.9,None,0,None,Thatta,Sindh,0
2025-12-08,24.9641,67.0111,3.3,46.6,0.0,0,33.4,None,0,None,Karachi,Sindh,0
2025-12-12,25.169,63.6498,3.1,29.9,0.0,0,187.3,None,0,None,Pasni,Balochistan,0
2025-12-16,25.04,64.4995,3.2,38.4,0.0,0,94.7,None,0,None,Ormara,Balochistan,0
2025-12-20,24.9578,62.4659,3.1,10.8,0.0,0,177.5,None,0,None,Gwadar,Balochistan,0
2025-12-24,24.9407,67.9689,3.3,58.0,0.0,0,12.9,None,0,None,Thatta,Sindh,0
2025-12-28,25.0422,67.1575,4.4,60.3,0.0,0,37.0,None,0,None,Karachi,Sindh,0
