date,latitude,longitude,temperature_c,humidity_percent,ndvi,fire_occurred,rainfall_mm,wind_speed_kmh,consecutive_dry_days,city,province,fire_cause,area_burned_ha,deaths
2020-01-01,35.7992,71.7493,9.4,63.3,0.199,0,3.5,19.9,8,Chitral,KPK,None,0,0
2020-01-05,35.5039,72.495,10.2,39.1,0.361,0,4.8,16.1,8,Kalam,KPK,None,0,0
2020-01-09,36.0091,74.2571,5.9,61.6,0.217,0,8.3,20.5,5,Gilgit,GB,None,0,0
2020-01-13,36.3326,74.5542,10.4,48.1,0.206,0,3.2,21.5,2,Hunza,GB,None,0,0
2020-01-17,30.1616,66.8864,8.7,60.4,0.232,0,0.0,11.5,1,Quetta,Balochistan,None,0,0
2020-01-21,35.1701,72.4681,11.3,55.1,0.424,0,5.7,20.7,4,Swat,KPK,None,0,0
2020-01-25,31.3972,69.4103,15.2,47.2,0.389,0,5.2,18.8,5,Zhob,Balochistan,None,0,0
2020-01-29,35.9256,71.8798,14.1,49.9,0.292,0,0.7,19.1,3,Chitral,KPK,None,0,0
2020-02-02,35.9581,74.3313,15.3,52.5,0.43,0,1.0,11.9,0,Gilgit,GB,None,0,0
2020-02-06,36.2423,74.5681,17.1,32.5,0.344,0,7.2,11.5,1,Hunza,GB,None,0,0
2020-02-10,30.2266,67.0392,10.4,31.2,0.413,0,6.9,13.3,8,Quetta,Balochistan,None,0,0
2020-02-14,35.1489,72.5163,8.0,51.6,0.223,0,2.3,5.9,4,Swat,KPK,None,0,0
2020-02-18,31.4402,69.4914,13.8,44.0,0.229,0,4.3,8.6,2,Zhob,Balochistan,None,0,0
2020-02-22,35.8321,71.8592,7.7,41.2,0.223,0,4.2,10.9,6,Chitral,KPK,None,0,0
2020-02-26,35.5783,72.4804,11.8,63.8,0.261,0,4.4,7.3,7,Kalam,KPK,None,0,0
2020-03-01,35.9445,71.8032,17.0,37.2,0.433,0,0.6,10.5,1,Chitral,KPK,None,0,0
2020-03-05,35.5664,72.6017,21.0,33.5,0.162,0,5.7,9.0,2,Kalam,KPK,None,0,0
2020-03-09,35.8604,74.2629,19.0,21.7,0.411,0,3.2,22.6,0,Gilgit,GB,None,0,0
2020-03-13,36.4075,74.6793,18.5,39.3,0.433,0,4.6,9.3,7,Hunza,GB,None,0,0
2020-03-15,35.8637,71.7968,20.1,6.8,0.138,1,0.0,8.6,15,Chitral,KPK,Dry Weather,450,0
2020-03-17,30.172,67.0636,23.2,43.9,0.221,0,9.2,14.3,1,Quetta,Balochistan,None,0,0
2020-03-21,35.3005,72.5205,14.7,37.3,0.431,0,3.5,13.9,1,Swat,KPK,None,0,0
2020-03-25,31.3306,69.4751,28.0,36.6,0.198,0,7.5,14.7,6,Zhob,Balochistan,None,0,0
2020-03-29,35.8643,71.8523,23.1,15.8,0.361,0,0.4,5.4,6,Chitral,KPK,None,0,0
2020-04-02,35.9672,74.3073,21.4,16.4,0.175,0,7.1,31.6,8,Gilgit,GB,None,0,0
2020-04-02,35.2196,72.4328,25.2,20.4,0.145,1,0.0,35.4,7,Swat,KPK,Human Activity,800,1
2020-04-06,36.3664,74.6752,24.5,22.8,0.308,0,6.1,18.6,4,Hunza,GB,None,0,0
2020-04-10,30.132,66.9736,30.5,25.0,0.272,0,2.9,34.4,4,Quetta,Balochistan,None,0,0
2020-04-14,35.2724,72.372,25.2,41.1,0.421,0,4.0,33.3,4,Swat,KPK,None,0,0
2020-04-18,31.3174,69.5459,32.1,17.4,0.416,0,7.2,17.9,4,Zhob,Balochistan,None,0,0
2020-04-20,35.2048,71.915,24.3,8.7,0.343,1,0.0,21.4,26,Dir,KPK,Dry Weather,600,0
2020-04-22,35.8397,71.8241,20.2,42.7,0.331,0,4.3,42.4,6,Chitral,KPK,None,0,0
2020-04-26,35.562,72.6517,26.4,41.4,0.241,0,1.3,23.2,4,Kalam,KPK,None,0,0
2020-04-30,35.8586,74.3322,25.1,43.4,0.216,0,1.8,30.4,9,Gilgit,GB,None,0,0
2020-05-04,31.4135,69.3756,32.4,19.7,0.2,0,3.4,41.5,5,Zhob,Balochistan,None,0,0
2020-05-08,35.8261,71.7143,25.7,17.0,0.349,0,0.3,32.2,4,Chitral,KPK,None,0,0
2020-05-10,35.5127,72.9856,31.6,20.1,0.138,1,0.0,43.3,27,Kohistan,KPK,Lightning,1200,0
2020-05-12,35.461,72.5347,26.3,38.7,0.171,0,6.5,44.0,8,Kalam,KPK,None,0,0
2020-05-16,36.0087,74.3568,23.5,26.3,0.361,0,9.0,24.6,6,Gilgit,GB,None,0,0
2020-05-20,36.2827,74.5693,24.7,39.4,0.258,0,9.3,21.7,4,Hunza,GB,None,0,0
2020-05-24,30.2516,67.0594,31.8,23.9,0.341,0,0.2,16.6,9,Quetta,Balochistan,None,0,0
2020-05-25,31.3283,69.4778,29.0,21.3,0.132,1,0.0,17.9,25,Zhob,Balochistan,Dry Weather,900,0
2020-05-28,35.3061,72.3648,27.8,24.1,0.268,0,5.1,20.2,3,Swat,KPK,None,0,0
2020-06-01,35.9402,71.715,33.3,28.6,0.67,0,9.3,30.2,6,Chitral,KPK,None,0,0
2020-06-05,35.5621,72.55,27.6,28.7,0.542,0,3.3,34.5,9,Kalam,KPK,None,0,0
2020-06-08,35.9238,74.3107,37.6,29.2,0.317,1,0.0,23.2,7,Gilgit,GB,Human Activity,500,0
2020-06-09,36.0187,74.2975,28.5,28.5,0.589,0,1.6,24.9,6,Gilgit,GB,None,0,0
2020-06-13,36.3692,74.7263,26.4,30.6,0.641,0,2.4,29.9,0,Hunza,GB,None,0,0
2020-06-17,30.1607,67.0369,32.1,20.8,0.516,0,4.0,39.8,6,Quetta,Balochistan,None,0,0
2020-06-21,35.1229,72.3649,25.3,31.1,0.49,0,2.1,28.0,6,Swat,KPK,None,0,0
2020-06-22,35.428,74.0908,35.2,34.6,0.106,1,0.0,26.5,14,Chillas,GB,Dry Weather,700,0
2020-06-25,31.4108,69.4511,28.1,43.4,0.379,0,9.1,21.7,3,Zhob,Balochistan,None,0,0
2020-06-29,35.8012,71.6893,35.0,27.6,0.403,0,8.2,19.6,3,Chitral,KPK,None,0,0
2020-07-03,30.2603,66.8791,34.4,48.4,0.666,0,22.0,9.3,9,Quetta,Balochistan,None,0,0
2020-07-05,34.6151,72.5647,29.0,25.6,0.269,1,0.0,15.7,23,Shangla,KPK,Human Activity,1500,2
2020-07-07,35.2043,72.3725,34.3,36.2,0.557,0,24.1,10.0,4,Swat,KPK,None,0,0
2020-07-11,31.2811,69.3834,38.6,59.0,0.676,0,23.5,6.5,1,Zhob,Balochistan,None,0,0
2020-07-15,35.9055,71.8794,29.5,63.9,0.412,0,25.0,23.0,8,Chitral,KPK,None,0,0
2020-07-19,35.5532,72.5037,24.3,48.5,0.662,0,13.2,12.6,9,Kalam,KPK,None,0,0
2020-07-23,35.9776,74.3161,30.0,49.6,0.376,0,39.8,11.3,6,Gilgit,GB,None,0,0
2020-07-27,36.2978,74.5793,23.4,51.2,0.448,0,16.4,17.1,9,Hunza,GB,None,0,0
2020-07-31,30.2648,66.9669,26.2,41.6,0.641,0,18.0,14.8,7,Quetta,Balochistan,None,0,0
2020-08-04,31.396,69.4412,34.2,47.9,0.312,0,46.2,16.9,0,Zhob,Balochistan,None,0,0
2020-08-08,35.9075,71.8575,31.8,40.9,0.586,0,8.7,7.6,8,Chitral,KPK,None,0,0
2020-08-12,35.581,72.5132,22.2,36.6,0.407,0,28.5,22.1,4,Kalam,KPK,None,0,0
2020-08-14,30.2169,66.9659,39.6,50.4,0.149,1,0.0,24.9,27,Quetta,Balochistan,Dry Weather,300,0
2020-08-16,35.8312,74.3953,28.9,56.3,0.352,0,28.8,7.0,6,Gilgit,GB,None,0,0
2020-08-20,36.4167,74.6019,24.3,54.8,0.552,0,6.4,24.2,3,Hunza,GB,None,0,0
2020-08-24,30.1067,66.8979,35.8,48.7,0.389,0,26.9,12.7,5,Quetta,Balochistan,None,0,0
2020-08-28,35.2685,72.4573,27.7,63.7,0.363,0,5.4,23.3,1,Swat,KPK,None,0,0
2020-09-01,35.8313,71.7151,23.7,62.4,0.348,0,21.1,11.0,0,Chitral,KPK,None,0,0
2020-09-03,34.3366,73.4434,30.3,17.2,0.121,1,0.0,20.1,29,Muzaffarabad,AJK,Lightning,400,0
2020-09-05,35.4264,72.4934,26.1,35.5,0.507,0,33.6,12.7,8,Kalam,KPK,None,0,0
2020-09-09,35.9493,74.3446,25.2,41.3,0.457,0,40.8,13.7,1,Gilgit,GB,None,0,0
2020-09-13,36.3361,74.6429,19.0,48.3,0.616,0,26.6,23.8,4,Hunza,GB,None,0,0
2020-09-17,30.2006,66.9951,26.7,64.8,0.52,0,33.2,24.1,6,Quetta,Balochistan,None,0,0
2020-09-21,35.2047,72.3557,26.1,57.6,0.388,0,20.0,22.2,8,Swat,KPK,None,0,0
2020-09-25,31.3957,69.3859,28.0,34.0,0.358,0,28.2,6.9,4,Zhob,Balochistan,None,0,0
2020-09-29,35.8673,71.8515,27.2,49.4,0.3,0,49.5,5.2,8,Chitral,KPK,None,0,0
2020-10-03,30.2467,67.0597,15.6,29.9,0.202,0,8.6,11.5,3,Quetta,Balochistan,None,0,0
2020-10-07,35.1321,72.4377,24.3,15.4,0.39,0,8.2,12.8,2,Swat,KPK,None,0,0
2020-10-11,31.3469,69.4577,28.8,40.5,0.301,0,2.1,23.8,4,Zhob,Balochistan,None,0,0
2020-10-15,35.8433,71.7589,22.8,36.8,0.374,0,0.6,12.1,5,Chitral,KPK,None,0,0
2020-10-18,33.9942,71.5652,18.0,35.2,0.179,1,0.0,20.2,15,Peshawar,KPK,Human Activity,250,0
2020-10-19,35.4221,72.567,24.5,16.9,0.317,0,1.1,5.3,7,Kalam,KPK,None,0,0
2020-10-23,35.8975,74.3697,17.0,42.9,0.166,0,4.2,18.4,6,Gilgit,GB,None,0,0
2020-10-27,36.2385,74.6711,18.5,19.5,0.434,0,6.3,17.3,4,Hunza,GB,None,0,0
2020-10-31,30.2362,67.0646,15.7,42.5,0.391,0,5.0,24.2,5,Quetta,Balochistan,None,0,0
2020-11-04,31.4183,69.4594,9.4,32.0,0.167,0,6.8,16.1,5,Zhob,Balochistan,None,0,0
2020-11-05,35.5133,72.6168,17.3,30.9,0.134,1,0.0,16.8,7,Kalam,KPK,Dry Weather,600,0
2020-11-08,35.7896,71.8116,9.6,19.2,0.348,0,4.8,13.3,8,Chitral,KPK,None,0,0
2020-11-12,35.3921,72.5435,17.2,33.2,0.29,0,4.3,15.9,7,Kalam,KPK,None,0,0
2020-11-16,35.8467,74.4013,17.8,26.0,0.375,0,9.5,6.5,7,Gilgit,GB,None,0,0
2020-11-20,36.3532,74.6297,19.7,20.2,0.312,0,8.5,13.7,4,Hunza,GB,None,0,0
2020-11-24,30.2118,66.892,16.6,23.2,0.297,0,9.7,13.5,6,Quetta,Balochistan,None,0,0
2020-11-28,35.1606,72.3958,18.3,30.1,0.399,0,0.4,8.5,7,Swat,KPK,None,0,0
2020-12-02,35.823,74.3661,12.8,49.5,0.199,0,7.3,9.3,2,Gilgit,GB,None,0,0
2020-12-06,36.2718,74.6682,5.6,60.9,0.266,0,4.3,11.2,4,Hunza,GB,None,0,0
2020-12-10,30.0924,67.0346,14.8,50.8,0.269,0,7.5,16.6,5,Quetta,Balochistan,None,0,0
2020-12-14,35.1853,72.4733,8.8,58.1,0.188,0,2.8,20.3,3,Swat,KPK,None,0,0
2020-12-18,31.3715,69.358,15.1,49.9,0.42,0,3.3,22.4,6,Zhob,Balochistan,None,0,0
2020-12-22,35.9463,71.7485,5.2,53.5,0.237,0,7.7,15.2,5,Chitral,KPK,None,0,0
2020-12-26,35.5445,72.5875,5.1,37.6,0.306,0,6.6,25.0,0,Kalam,KPK,None,0,0
2020-12-30,35.9274,74.3223,12.7,35.1,0.226,0,7.9,12.7,5,Gilgit,GB,None,0,0
2021-01-03,30.2119,67.0215,4.6,33.1,0.339,0,0.5,23.5,6,Quetta,Balochistan,None,0,0
2021-01-07,35.2971,72.523,7.9,52.0,0.261,0,4.1,16.7,2,Swat,KPK,None,0,0
2021-01-11,31.2684,69.5015,4.1,47.7,0.346,0,1.5,9.3,7,Zhob,Balochistan,None,0,0
2021-01-15,35.78,71.8308,10.0,54.1,0.209,0,8.4,5.6,1,Chitral,KPK,None,0,0
2021-01-19,35.4357,72.5263,12.1,51.5,0.3,0,8.1,8.1,3,Kalam,KPK,None,0,0
2021-01-23,35.9627,74.3774,5.7,35.1,0.34,0,0.2,9.0,6,Gilgit,GB,None,0,0
2021-01-27,36.2318,74.5742,13.2,52.7,0.373,0,2.5,12.0,2,Hunza,GB,None,0,0
2021-01-31,30.1882,66.8897,13.2,33.5,0.321,0,8.3,18.7,6,Quetta,Balochistan,None,0,0
2021-02-04,31.3463,69.4849,21.5,42.3,0.429,0,6.2,8.3,0,Zhob,Balochistan,None,0,0
2021-02-08,35.8224,71.8336,9.4,64.4,0.25,0,8.4,13.5,1,Chitral,KPK,None,0,0
2021-02-12,35.5331,72.5784,7.8,44.8,0.305,0,7.2,5.8,1,Kalam,KPK,None,0,0
2021-02-16,36.0151,74.22,15.0,31.4,0.255,0,6.6,16.1,7,Gilgit,GB,None,0,0
2021-02-20,30.3525,67.6962,20.2,36.4,0.153,1,0.0,19.2,12,Ziarat,Balochistan,Dry Weather,2000,1
2021-02-20,36.3306,74.6973,8.7,59.3,0.255,0,3.0,17.5,8,Hunza,GB,None,0,0
2021-02-21,30.372,67.7225,21.9,32.6,0.169,1,0.0,24.7,22,Ziarat,Balochistan,Dry Weather,2000,0
2021-02-24,30.2306,66.9775,13.3,33.7,0.277,0,9.5,6.6,2,Quetta,Balochistan,None,0,0
2021-02-28,35.3137,72.4954,13.3,50.8,0.346,0,9.0,11.7,4,Swat,KPK,None,0,0
2021-03-04,31.3657,69.5288,16.9,18.3,0.191,0,3.7,8.5,0,Zhob,Balochistan,None,0,0
2021-03-08,35.8176,71.8753,12.3,22.1,0.152,0,1.5,5.2,5,Chitral,KPK,None,0,0
2021-03-10,35.8213,71.8104,20.5,18.2,0.153,1,0.0,10.6,14,Chitral,KPK,Human Activity,1100,0
2021-03-12,35.468,72.5505,17.1,19.1,0.428,0,2.4,22.3,5,Kalam,KPK,None,0,0
2021-03-16,35.8632,74.3476,21.6,41.0,0.346,0,8.0,18.5,7,Gilgit,GB,None,0,0
2021-03-20,36.2954,74.6042,23.1,15.2,0.196,0,1.6,21.1,8,Hunza,GB,None,0,0
2021-03-24,30.2352,67.0742,12.5,19.2,0.339,0,3.5,18.3,7,Quetta,Balochistan,None,0,0
2021-03-28,35.2301,72.4891,21.0,24.2,0.292,0,4.8,15.4,7,Swat,KPK,None,0,0
2021-04-01,35.8853,71.8764,19.4,19.4,0.36,0,4.0,27.8,4,Chitral,KPK,None,0,0
2021-04-05,35.2188,72.4379,32.1,10.5,0.241,1,0.0,34.5,18,Swat,KPK,Dry Weather,1800,2
2021-04-05,35.5847,72.5353,28.8,23.0,0.219,0,4.3,20.2,3,Kalam,KPK,None,0,0
2021-04-06,35.1898,72.4252,30.0,37.8,0.158,1,0.0,21.7,28,Swat,KPK,Dry Weather,1800,0
2021-04-09,35.9685,74.3223,28.6,38.2,0.227,0,4.0,37.1,8,Gilgit,GB,None,0,0
2021-04-13,36.2919,74.6293,26.6,16.1,0.385,0,4.8,26.6,4,Hunza,GB,None,0,0
2021-04-17,30.1796,67.0273,27.7,16.9,0.163,0,1.0,26.8,1,Quetta,Balochistan,None,0,0
2021-04-21,35.2356,72.3355,22.1,23.7,0.178,0,3.9,42.8,8,Swat,KPK,None,0,0
2021-04-25,31.4415,69.368,24.9,31.0,0.174,0,8.3,20.6,2,Zhob,Balochistan,None,0,0
2021-04-25,35.503,72.9613,26.9,26.5,0.328,1,0.0,27.0,16,Kohistan,KPK,Dry Weather,2500,0
2021-04-26,35.4768,72.9978,24.8,36.6,0.138,1,0.0,20.3,13,Kohistan,KPK,Dry Weather,2500,0
2021-04-27,35.5014,73.0432,27.0,33.5,0.241,1,0.0,24.1,20,Kohistan,KPK,Dry Weather,2500,0
2021-04-29,35.8935,71.8663,28.2,38.5,0.271,0,1.7,18.5,9,Chitral,KPK,None,0,0
2021-05-03,30.245,66.9513,34.2,17.2,0.249,0,3.7,34.4,9,Quetta,Balochistan,None,0,0
2021-05-07,35.187,72.4571,26.8,31.8,0.385,0,7.0,21.6,1,Swat,KPK,None,0,0
2021-05-11,31.3753,69.4177,38.4,16.5,0.202,0,5.1,34.2,3,Zhob,Balochistan,None,0,0
2021-05-12,35.1835,71.9043,28.2,8.0,0.223,1,0.0,44.3,25,Dir,KPK,Human Activity,1600,1
2021-05-13,35.201,71.8732,28.6,33.9,0.268,1,0.0,44.4,9,Dir,KPK,Human Activity,1600,0
2021-05-15,35.9398,71.869,33.7,19.2,0.421,0,0.6,23.7,7,Chitral,KPK,None,0,0
2021-05-19,35.4483,72.501,29.6,18.7,0.371,0,0.1,33.4,2,Kalam,KPK,None,0,0
2021-05-23,35.8583,74.3792,30.5,41.4,0.341,0,0.1,28.4,5,Gilgit,GB,None,0,0
2021-05-27,36.2584,74.5792,27.2,31.7,0.309,0,6.2,17.8,1,Hunza,GB,None,0,0
2021-05-30,35.8932,74.3317,32.1,17.1,0.166,1,1.8,29.7,20,Gilgit,GB,Dry Weather,900,0
2021-05-31,30.1517,66.9803,36.9,30.7,0.402,0,2.2,42.4,5,Quetta,Balochistan,None,0,0
2021-06-04,31.3734,69.4504,30.6,43.4,0.652,0,0.3,17.4,8,Zhob,Balochistan,None,0,0
2021-06-08,35.8601,71.7183,31.6,26.0,0.564,0,4.6,23.0,3,Chitral,KPK,None,0,0
2021-06-12,35.474,72.5604,27.4,30.0,0.633,0,8.1,25.0,4,Kalam,KPK,None,0,0
2021-06-15,31.3144,69.4574,43.8,8.4,0.159,1,0.0,37.0,17,Zhob,Balochistan,Lightning,1400,0
2021-06-16,36.0014,74.3938,26.6,37.2,0.541,0,6.5,17.4,2,Gilgit,GB,None,0,0
2021-06-20,36.2258,74.6958,26.7,23.4,0.446,0,5.4,36.6,8,Hunza,GB,None,0,0
2021-06-24,30.2591,66.9419,32.3,24.6,0.53,0,8.1,25.4,6,Quetta,Balochistan,None,0,0
2021-06-28,35.2542,72.3351,33.8,26.2,0.326,0,7.8,27.6,8,Swat,KPK,None,0,0
2021-07-02,35.8907,74.3874,24.6,51.4,0.389,0,31.0,17.3,4,Gilgit,GB,None,0,0
2021-07-06,36.225,74.6725,34.1,47.6,0.442,0,16.2,7.4,5,Hunza,GB,None,0,0
2021-07-08,34.6233,72.5345,39.4,53.1,0.31,1,0.0,9.1,29,Shangla,KPK,Human Activity,2200,3
2021-07-09,34.6606,72.5283,27.3,30.3,0.197,1,0.0,20.4,7,Shangla,KPK,Human Activity,2200,0
2021-07-10,30.2515,66.9774,28.7,33.8,0.641,0,13.4,8.1,0,Quetta,Balochistan,None,0,0
2021-07-14,35.2213,72.331,26.5,54.2,0.583,0,10.4,18.4,0,Swat,KPK,None,0,0
2021-07-18,31.3457,69.538,32.9,54.3,0.512,0,28.9,21.7,5,Zhob,Balochistan,None,0,0
2021-07-22,35.8205,71.7768,33.4,57.0,0.518,0,33.9,15.5,5,Chitral,KPK,None,0,0
2021-07-26,35.5003,72.508,25.4,63.7,0.683,0,34.4,11.2,0,Kalam,KPK,None,0,0
2021-07-30,35.9324,74.267,30.0,55.9,0.596,0,20.9,14.0,6,Gilgit,GB,None,0,0
2021-08-01,36.3448,74.6421,25.7,36.4,0.328,1,0.0,7.0,19,Hunza,GB,Dry Weather,700,0
2021-08-03,30.1488,66.9737,34.8,64.4,0.345,0,20.5,12.6,6,Quetta,Balochistan,None,0,0
2021-08-07,35.2898,72.4849,27.5,39.9,0.629,0,41.4,23.2,9,Swat,KPK,None,0,0
2021-08-11,31.2943,69.4443,26.9,61.6,0.418,0,11.8,18.0,9,Zhob,Balochistan,None,0,0
2021-08-15,35.8092,71.7314,33.6,30.6,0.602,0,30.1,13.0,2,Chitral,KPK,None,0,0
2021-08-19,35.4032,72.6237,23.9,52.7,0.501,0,16.1,12.7,0,Kalam,KPK,None,0,0
2021-08-23,35.8659,74.3556,25.0,34.7,0.673,0,13.8,22.6,2,Gilgit,GB,None,0,0
2021-08-27,36.3922,74.5838,27.7,58.1,0.386,0,25.2,16.7,5,Hunza,GB,None,0,0
2021-08-31,30.2174,67.0,27.0,46.5,0.459,0,30.4,14.9,7,Quetta,Balochistan,None,0,0
2021-09-04,31.4162,69.5127,24.0,35.4,0.554,0,10.5,19.0,4,Zhob,Balochistan,None,0,0
2021-09-08,35.824,71.7213,26.5,40.8,0.624,0,6.4,19.0,9,Chitral,KPK,None,0,0
2021-09-12,35.5395,72.5725,28.8,55.1,0.644,0,21.1,13.3,0,Kalam,KPK,None,0,0
2021-09-16,35.9546,74.2093,23.7,63.6,0.541,0,12.1,12.9,0,Gilgit,GB,None,0,0
2021-09-18,34.396,73.4884,28.9,46.5,0.174,1,0.0,16.7,17,Muzaffarabad,AJK,Dry Weather,500,0
2021-09-20,36.3517,74.7314,29.3,38.4,0.526,0,29.5,17.6,4,Hunza,GB,None,0,0
2021-09-24,30.1858,66.9193,31.5,61.3,0.405,0,40.2,24.7,7,Quetta,Balochistan,None,0,0
2021-09-28,35.2441,72.3938,19.7,45.7,0.396,0,21.5,12.2,0,Swat,KPK,None,0,0
2021-10-02,35.9551,74.3065,15.5,31.4,0.164,0,5.4,24.9,9,Gilgit,GB,None,0,0
2021-10-06,36.2897,74.7357,24.7,36.4,0.38,0,1.2,21.0,8,Hunza,GB,None,0,0
2021-10-10,30.1794,67.0286,14.6,40.7,0.376,0,6.0,21.6,2,Quetta,Balochistan,None,0,0
2021-10-14,35.3174,72.3884,20.3,22.2,0.283,0,2.2,22.8,6,Swat,KPK,None,0,0
2021-10-18,31.4033,69.4026,17.5,24.2,0.16,0,7.8,13.3,6,Zhob,Balochistan,None,0,0
2021-10-22,35.9009,71.7835,24.9,25.1,0.257,0,3.6,21.4,5,Chitral,KPK,None,0,0
2021-10-22,35.4732,72.533,23.9,13.7,0.342,1,0.0,11.8,9,Kalam,KPK,Human Activity,800,0
2021-10-26,35.5078,72.6686,15.6,37.6,0.334,0,5.2,5.4,6,Kalam,KPK,None,0,0
2021-10-30,35.8555,74.2746,24.6,31.8,0.335,0,8.6,9.1,7,Gilgit,GB,None,0,0
2021-11-03,30.2395,66.8884,9.5,23.4,0.426,0,7.4,12.4,1,Quetta,Balochistan,None,0,0
2021-11-07,35.2622,72.4835,19.8,42.5,0.276,0,3.4,16.0,5,Swat,KPK,None,0,0
2021-11-11,31.3198,69.4614,21.7,19.5,0.231,0,7.9,17.4,0,Zhob,Balochistan,None,0,0
2021-11-15,35.8159,71.7266,17.6,18.4,0.447,0,6.4,11.4,3,Chitral,KPK,None,0,0
2021-11-19,35.4407,72.5712,9.9,40.5,0.249,0,2.0,13.6,0,Kalam,KPK,None,0,0
2021-11-23,35.9007,74.3951,15.3,30.9,0.302,0,6.1,14.4,2,Gilgit,GB,None,0,0
2021-11-27,36.304,74.7258,16.8,15.7,0.342,0,3.8,24.0,4,Hunza,GB,None,0,0
2021-12-01,35.8358,71.8627,11.5,62.3,0.307,0,4.8,14.6,6,Chitral,KPK,None,0,0
2021-12-05,35.5636,72.4741,7.9,59.2,0.381,0,0.3,16.2,1,Kalam,KPK,None,0,0
2021-12-09,35.9185,74.3305,12.7,47.0,0.287,0,5.2,7.3,5,Gilgit,GB,None,0,0
2021-12-13,36.4078,74.7362,13.5,55.2,0.194,0,8.7,15.5,2,Hunza,GB,None,0,0
2021-12-17,30.2419,66.881,12.8,52.5,0.365,0,10.0,7.3,0,Quetta,Balochistan,None,0,0
2021-12-21,35.1737,72.3485,5.4,51.5,0.199,0,1.6,9.6,3,Swat,KPK,None,0,0
2021-12-25,31.363,69.5153,14.1,42.9,0.19,0,9.3,16.8,5,Zhob,Balochistan,None,0,0
2021-12-29,35.865,71.7431,8.7,39.0,0.331,0,5.6,18.6,3,Chitral,KPK,None,0,0
2022-01-02,35.843,74.3447,8.0,57.7,0.388,0,2.1,17.6,8,Gilgit,GB,None,0,0
2022-01-06,36.4126,74.6701,5.1,49.8,0.257,0,0.5,22.8,7,Hunza,GB,None,0,0
2022-01-10,30.1812,67.0204,12.5,61.8,0.203,0,2.0,12.3,4,Quetta,Balochistan,None,0,0
2022-01-14,35.153,72.4432,6.9,46.5,0.337,0,6.6,7.9,1,Swat,KPK,None,0,0
2022-01-18,31.3836,69.5101,3.5,42.5,0.387,0,0.4,8.9,3,Zhob,Balochistan,None,0,0
2022-01-22,35.9263,71.7713,8.4,61.0,0.258,0,7.7,6.5,2,Chitral,KPK,None,0,0
2022-01-26,35.5773,72.6664,13.6,41.9,0.192,0,9.6,10.5,6,Kalam,KPK,None,0,0
2022-01-30,35.9524,74.2673,8.6,32.7,0.217,0,6.1,18.4,1,Gilgit,GB,None,0,0
2022-02-03,30.2327,67.0586,9.1,33.0,0.239,0,3.9,12.3,0,Quetta,Balochistan,None,0,0
2022-02-07,35.2063,72.4913,8.8,56.4,0.388,0,3.0,6.3,0,Swat,KPK,None,0,0
2022-02-11,31.3471,69.3765,16.7,55.4,0.163,0,0.8,22.6,0,Zhob,Balochistan,None,0,0
2022-02-14,30.3549,67.7606,20.6,28.3,0.296,1,0.0,23.2,16,Ziarat,Balochistan,Dry Weather,1500,0
2022-02-15,35.8777,71.704,8.8,31.8,0.317,0,9.7,24.4,6,Chitral,KPK,None,0,0
2022-02-19,35.401,72.5243,9.6,54.6,0.329,0,9.2,7.5,0,Kalam,KPK,None,0,0
2022-02-23,35.8848,74.3622,10.3,43.9,0.172,0,3.3,24.2,2,Gilgit,GB,None,0,0
2022-02-27,36.3038,74.6518,16.6,50.9,0.182,0,9.7,5.8,8,Hunza,GB,None,0,0
2022-03-03,30.2134,67.017,26.6,32.8,0.438,0,4.4,13.4,6,Quetta,Balochistan,None,0,0
2022-03-07,35.2881,72.4044,22.0,44.4,0.289,0,9.1,16.8,8,Swat,KPK,None,0,0
2022-03-08,35.837,71.7787,27.1,19.7,0.258,1,0.0,19.6,11,Chitral,KPK,Human Activity,2000,2
2022-03-09,35.8753,71.8264,19.4,38.6,0.266,1,0.0,7.1,23,Chitral,KPK,Human Activity,2000,0
2022-03-11,31.3665,69.4822,15.6,32.0,0.185,0,6.4,14.3,7,Zhob,Balochistan,None,0,0
2022-03-15,35.8628,71.827,17.9,33.2,0.313,0,6.9,5.5,8,Chitral,KPK,None,0,0
2022-03-19,35.5624,72.4766,21.8,39.8,0.328,0,4.4,21.7,7,Kalam,KPK,None,0,0
2022-03-23,35.8235,74.2765,22.3,16.8,0.36,0,9.2,10.0,5,Gilgit,GB,None,0,0
2022-03-25,35.2652,72.4645,28.3,33.4,0.256,1,0.0,23.9,5,Swat,KPK,Dry Weather,3000,4
2022-03-26,35.249,72.4441,18.0,8.2,0.301,1,0.0,20.7,17,Swat,KPK,Dry Weather,3000,0
2022-03-27,36.3154,74.6227,12.8,38.3,0.288,0,9.1,12.9,5,Hunza,GB,None,0,0
2022-03-27,35.2717,72.462,16.4,11.2,0.206,1,0.0,13.3,24,Swat,KPK,Dry Weather,3000,0
2022-03-31,30.112,66.9941,21.8,31.4,0.31,0,9.3,22.9,1,Quetta,Balochistan,None,0,0
2022-04-04,31.352,69.4212,19.9,20.5,0.255,0,3.9,42.4,0,Zhob,Balochistan,None,0,0
2022-04-08,35.8757,71.8278,24.7,28.1,0.252,0,1.3,25.0,9,Chitral,KPK,None,0,0
2022-04-10,35.1734,71.8477,22.7,29.8,0.133,1,0.0,31.5,6,Dir,KPK,Dry Weather,2500,1
2022-04-11,35.1606,71.8406,32.1,24.8,0.257,1,0.0,40.1,11,Dir,KPK,Dry Weather,2500,0
2022-04-12,35.2278,71.9191,25.1,30.1,0.156,1,0.0,18.1,29,Dir,KPK,Dry Weather,2500,0
2022-04-12,35.4413,72.6581,29.5,15.7,0.171,0,4.5,21.4,3,Kalam,KPK,None,0,0
2022-04-16,35.8969,74.2406,18.0,29.2,0.378,0,8.6,27.7,0,Gilgit,GB,None,0,0
2022-04-20,36.3429,74.6107,18.4,19.0,0.432,0,6.1,26.7,4,Hunza,GB,None,0,0
2022-04-24,30.2009,66.953,31.3,35.9,0.153,0,7.8,22.9,9,Quetta,Balochistan,None,0,0
2022-04-28,35.5013,72.9653,28.6,22.2,0.223,1,0.9,32.0,15,Kohistan,KPK,Lightning,3500,0
2022-04-28,35.3199,72.5217,26.6,20.4,0.274,0,3.4,41.1,9,Swat,KPK,None,0,0
2022-04-29,35.4973,73.0175,29.6,24.6,0.322,1,0.0,21.9,25,Kohistan,KPK,Lightning,3500,0
2022-04-30,35.5474,72.9726,32.0,33.6,0.243,1,0.0,42.0,11,Kohistan,KPK,Lightning,3500,0
2022-05-01,35.4745,72.9917,32.3,28.9,0.122,1,0.0,28.0,10,Kohistan,KPK,Lightning,3500,0
2022-05-02,35.9074,74.2664,29.3,29.6,0.342,0,9.8,42.0,5,Gilgit,GB,None,0,0
2022-05-06,36.2275,74.6353,33.7,23.1,0.247,0,3.1,34.3,5,Hunza,GB,None,0,0
2022-05-10,30.1221,67.0038,26.2,17.0,0.398,0,7.7,42.0,2,Quetta,Balochistan,None,0,0
2022-05-14,35.1675,72.5162,31.4,26.0,0.276,0,2.3,24.9,9,Swat,KPK,None,0,0
2022-05-15,35.9415,74.2672,34.8,5.5,0.293,1,0.0,27.7,11,Gilgit,GB,Dry Weather,1200,0
2022-05-18,31.3425,69.3785,30.0,21.9,0.304,0,4.5,27.0,1,Zhob,Balochistan,None,0,0
2022-05-22,35.7722,71.7457,33.7,21.8,0.25,0,1.3,42.3,3,Chitral,KPK,None,0,0
2022-05-26,35.4829,72.6001,22.1,33.4,0.324,0,8.4,16.4,3,Kalam,KPK,None,0,0
2022-05-30,35.8484,74.2768,28.4,26.0,0.286,0,3.1,31.2,3,Gilgit,GB,None,0,0
2022-06-01,34.582,72.4686,30.4,23.4,0.231,1,0.0,27.0,12,Shangla,KPK,Human Activity,4000,5
2022-06-02,34.5747,72.5493,38.0,27.9,0.238,1,0.0,15.3,29,Shangla,KPK,Human Activity,4000,0
2022-06-03,30.1678,66.9815,42.1,23.3,0.679,0,5.5,43.3,7,Quetta,Balochistan,None,0,0
2022-06-03,34.5946,72.4879,38.8,5.0,0.235,1,0.0,26.1,28,Shangla,KPK,Human Activity,4000,0
2022-06-04,34.5926,72.5059,30.9,18.5,0.17,1,0.0,33.5,5,Shangla,KPK,Human Activity,4000,0
2022-06-05,34.6306,72.5044,31.9,13.1,0.192,1,0.0,36.2,6,Shangla,KPK,Human Activity,4000,0
2022-06-07,35.147,72.4831,32.5,16.8,0.683,0,0.8,31.9,4,Swat,KPK,None,0,0
2022-06-11,31.3647,69.38,36.3,23.9,0.414,0,0.2,34.5,7,Zhob,Balochistan,None,0,0
2022-06-15,35.7651,71.8083,30.1,43.5,0.412,0,9.9,20.4,4,Chitral,KPK,None,0,0
2022-06-19,35.3927,72.5466,35.0,22.8,0.698,0,7.5,19.8,3,Kalam,KPK,None,0,0
2022-06-20,31.3429,69.466,42.3,5.0,0.276,1,0.0,30.1,8,Zhob,Balochistan,Dry Weather,1800,0
2022-06-21,31.3255,69.4865,34.8,7.6,0.236,1,0.0,32.5,21,Zhob,Balochistan,Dry Weather,1800,0
2022-06-23,35.9463,74.3278,29.6,18.0,0.58,0,5.1,30.4,3,Gilgit,GB,None,0,0
2022-06-27,36.2614,74.6101,26.9,44.0,0.357,0,0.1,37.7,3,Hunza,GB,None,0,0
2022-07-01,35.7762,71.8811,23.2,47.6,0.499,0,26.0,9.0,0,Chitral,KPK,None,0,0
2022-07-05,35.5416,72.652,28.1,53.7,0.48,0,13.4,19.3,6,Kalam,KPK,None,0,0
2022-07-09,35.8708,74.2324,27.1,39.4,0.484,0,39.4,21.1,1,Gilgit,GB,None,0,0
2022-07-13,36.2752,74.6715,29.1,41.7,0.402,0,8.5,13.7,6,Hunza,GB,None,0,0
2022-07-14,36.3487,74.6842,28.0,52.6,0.339,1,0.0,19.0,10,Hunza,GB,Dry Weather,900,0
2022-07-17,30.2542,66.922,33.0,62.1,0.614,0,15.5,9.0,9,Quetta,Balochistan,None,0,0
2022-07-21,35.1984,72.3741,30.2,35.9,0.692,0,38.2,21.6,6,Swat,KPK,None,0,0
2022-07-25,31.3238,69.4617,40.0,42.3,0.422,0,27.1,18.2,5,Zhob,Balochistan,None,0,0
2022-07-29,35.7992,71.7862,22.0,54.3,0.321,0,27.3,16.8,5,Chitral,KPK,None,0,0
2022-08-02,35.9069,74.2145,27.1,53.1,0.627,0,6.2,23.5,9,Gilgit,GB,None,0,0
2022-08-05,35.4576,72.6051,37.5,35.3,0.166,1,0.0,14.3,26,Kalam,KPK,Lightning,1600,1
2022-08-06,35.525,72.5704,28.5,22.8,0.297,1,0.0,11.7,16,Kalam,KPK,Lightning,1600,0
2022-08-06,36.3239,74.604,31.8,64.4,0.508,0,21.7,23.2,1,Hunza,GB,None,0,0
2022-08-10,30.2502,67.07,27.4,63.3,0.57,0,24.9,7.8,3,Quetta,Balochistan,None,0,0
2022-08-14,35.2682,72.3981,26.7,59.6,0.691,0,28.1,22.9,3,Swat,KPK,None,0,0
2022-08-18,31.3298,69.496,26.4,49.3,0.689,0,37.8,11.9,7,Zhob,Balochistan,None,0,0
2022-08-22,35.8828,71.8287,26.7,39.7,0.611,0,10.0,10.9,1,Chitral,KPK,None,0,0
2022-08-26,35.4316,72.4934,21.6,47.1,0.573,0,8.9,14.3,8,Kalam,KPK,None,0,0
2022-08-30,35.8436,74.306,33.4,53.4,0.401,0,15.5,5.0,8,Gilgit,GB,None,0,0
2022-09-03,30.1273,67.0083,25.2,63.1,0.389,0,44.0,9.7,2,Quetta,Balochistan,None,0,0
2022-09-07,35.2093,72.3782,26.4,33.7,0.505,0,18.6,24.2,1,Swat,KPK,None,0,0
2022-09-11,31.3828,69.3628,30.8,30.7,0.363,0,29.2,21.5,1,Zhob,Balochistan,None,0,0
2022-09-12,34.3822,73.519,33.7,30.9,0.331,1,0.0,11.6,23,Muzaffarabad,AJK,Human Activity,700,0
2022-09-15,35.776,71.7713,18.3,41.4,0.619,0,45.0,10.0,2,Chitral,KPK,None,0,0
2022-09-19,35.5606,72.6284,20.7,63.1,0.469,0,25.6,12.9,1,Kalam,KPK,None,0,0
2022-09-23,35.9713,74.3643,23.9,54.2,0.686,0,48.6,10.8,0,Gilgit,GB,None,0,0
2022-09-27,36.224,74.6259,23.2,37.9,0.505,0,27.9,9.7,4,Hunza,GB,None,0,0
2022-10-01,35.9232,71.7557,18.7,40.7,0.342,0,7.5,21.3,8,Chitral,KPK,None,0,0
2022-10-05,30.159,66.9503,24.3,5.5,0.103,1,0.0,5.1,11,Quetta,Balochistan,Dry Weather,400,0
2022-10-05,35.5126,72.6014,15.4,33.3,0.221,0,3.6,23.2,5,Kalam,KPK,None,0,0
2022-10-09,35.956,74.2154,18.1,42.0,0.247,0,5.1,5.8,5,Gilgit,GB,None,0,0
2022-10-13,36.3985,74.651,16.7,32.9,0.369,0,1.1,16.8,1,Hunza,GB,None,0,0
2022-10-17,30.0836,67.0217,22.7,24.7,0.396,0,5.2,16.3,7,Quetta,Balochistan,None,0,0
2022-10-21,35.2657,72.3828,23.7,40.2,0.414,0,8.0,8.4,4,Swat,KPK,None,0,0
2022-10-25,31.2972,69.3566,28.9,29.1,0.44,0,1.3,23.3,7,Zhob,Balochistan,None,0,0
2022-10-29,35.9456,71.7799,23.8,40.8,0.193,0,2.8,6.1,3,Chitral,KPK,None,0,0
2022-11-02,36.0019,74.3242,16.9,21.4,0.186,0,3.6,14.2,7,Gilgit,GB,None,0,0
2022-11-06,36.4052,74.6818,9.4,18.6,0.18,0,2.6,23.3,1,Hunza,GB,None,0,0
2022-11-10,30.223,66.9631,14.2,35.6,0.323,0,4.6,18.4,2,Quetta,Balochistan,None,0,0
2022-11-14,35.2599,72.4065,12.5,15.5,0.235,0,6.5,5.4,2,Swat,KPK,None,0,0
2022-11-18,31.3711,69.4647,17.4,26.8,0.202,0,1.3,20.8,2,Zhob,Balochistan,None,0,0
2022-11-22,35.9351,71.768,10.2,24.9,0.224,0,4.4,9.9,7,Chitral,KPK,None,0,0
2022-11-26,35.4589,72.4852,14.9,43.3,0.288,0,1.3,5.9,5,Kalam,KPK,None,0,0
2022-11-30,35.9403,74.2129,11.6,41.7,0.302,0,1.9,12.0,4,Gilgit,GB,None,0,0
2022-12-04,31.3502,69.5048,13.2,60.8,0.257,0,6.4,9.3,8,Zhob,Balochistan,None,0,0
2022-12-08,35.8688,71.8574,5.8,35.3,0.182,0,1.9,22.8,9,Chitral,KPK,None,0,0
2022-12-12,35.5499,72.4801,13.6,44.9,0.423,0,9.4,17.8,9,Kalam,KPK,None,0,0
2022-12-16,35.8994,74.3805,13.2,32.6,0.187,0,6.2,9.8,7,Gilgit,GB,None,0,0
2022-12-20,36.3682,74.7293,7.5,34.1,0.317,0,7.9,17.1,6,Hunza,GB,None,0,0
2022-12-24,30.2661,66.9672,11.8,57.3,0.303,0,7.1,14.1,9,Quetta,Balochistan,None,0,0
2022-12-28,35.2301,72.5182,13.2,42.6,0.214,0,4.5,22.0,0,Swat,KPK,None,0,0
2023-01-01,35.8512,71.7751,12.4,43.2,0.297,0,6.0,19.4,5,Chitral,KPK,None,0,0
2023-01-05,35.4788,72.5534,14.6,36.5,0.405,0,8.7,13.6,1,Kalam,KPK,None,0,0
2023-01-09,35.8351,74.3718,7.2,34.3,0.168,0,9.8,8.7,3,Gilgit,GB,None,0,0
2023-01-13,36.3443,74.671,5.1,59.4,0.433,0,5.3,19.4,7,Hunza,GB,None,0,0
2023-01-17,30.0822,66.9866,9.6,41.7,0.369,0,5.5,22.8,8,Quetta,Balochistan,None,0,0
2023-01-21,35.2879,72.4769,5.8,40.3,0.181,0,4.3,11.4,4,Swat,KPK,None,0,0
2023-01-25,31.4157,69.3907,9.3,52.3,0.251,0,2.0,22.2,6,Zhob,Balochistan,None,0,0
2023-01-28,30.4083,67.7613,12.9,29.7,0.292,1,0.0,16.2,29,Ziarat,Balochistan,Dry Weather,1800,1
2023-01-29,30.3354,67.6845,16.2,45.4,0.266,1,0.0,11.9,15,Ziarat,Balochistan,Dry Weather,1800,0
2023-01-29,35.9282,71.8683,14.8,59.4,0.188,0,0.5,7.5,1,Chitral,KPK,None,0,0
2023-02-02,36.0072,74.3901,14.0,63.2,0.399,0,8.5,11.1,8,Gilgit,GB,None,0,0
2023-02-06,36.3415,74.6188,9.3,44.1,0.419,0,4.0,19.5,7,Hunza,GB,None,0,0
2023-02-10,30.1548,66.9819,13.1,36.9,0.318,0,2.3,8.7,3,Quetta,Balochistan,None,0,0
2023-02-14,35.1694,72.4539,11.4,54.3,0.246,0,1.0,21.1,4,Swat,KPK,None,0,0
2023-02-15,35.438,74.1442,13.5,46.6,0.121,1,0.0,6.2,13,Chillas,GB,Human Activity,600,0
2023-02-18,31.2844,69.4699,19.3,30.6,0.378,0,4.5,20.1,9,Zhob,Balochistan,None,0,0
2023-02-22,35.7576,71.769,14.5,31.4,0.303,0,5.7,18.9,2,Chitral,KPK,None,0,0
2023-02-26,35.5054,72.6392,17.0,41.5,0.405,0,7.2,13.0,3,Kalam,KPK,None,0,0
2023-03-02,35.9996,74.4081,13.9,38.9,0.354,0,3.8,11.9,1,Gilgit,GB,None,0,0
2023-03-06,36.3585,74.7478,17.9,38.1,0.177,0,9.5,6.1,2,Hunza,GB,None,0,0
2023-03-10,30.2274,67.0287,22.9,36.7,0.219,0,0.5,13.2,8,Quetta,Balochistan,None,0,0
2023-03-14,35.2221,72.3326,19.1,33.9,0.171,0,6.0,18.1,9,Swat,KPK,None,0,0
2023-03-18,31.3435,69.4316,19.9,19.7,0.371,0,5.8,13.0,1,Zhob,Balochistan,None,0,0
2023-03-20,35.8634,71.7454,23.3,26.1,0.263,1,0.0,21.0,22,Chitral,KPK,Dry Weather,2200,2
2023-03-21,35.8891,71.7712,20.7,24.6,0.236,1,0.0,21.8,11,Chitral,KPK,Dry Weather,2200,0
2023-03-22,35.7958,71.7425,13.9,29.1,0.3,0,9.9,5.9,6,Chitral,KPK,None,0,0
2023-03-26,35.4925,72.636,15.3,40.6,0.203,0,9.3,5.1,0,Kalam,KPK,None,0,0
2023-03-30,35.8494,74.3398,21.5,37.4,0.319,0,5.9,6.4,4,Gilgit,GB,None,0,0
2023-04-03,30.2252,67.0275,32.1,29.6,0.209,0,5.1,34.4,0,Quetta,Balochistan,None,0,0
2023-04-07,35.1788,72.4507,29.5,31.4,0.191,0,6.7,38.1,8,Swat,KPK,None,0,0
2023-04-08,35.2029,72.4047,23.9,18.1,0.187,1,0.0,24.1,18,Swat,KPK,Human Activity,3200,3
2023-04-09,35.2696,72.4541,33.8,35.7,0.292,1,0.0,36.4,21,Swat,KPK,Human Activity,3200,0
2023-04-10,35.2399,72.4745,28.7,7.7,0.193,1,0.0,25.1,12,Swat,KPK,Human Activity,3200,0
2023-04-11,35.2484,72.4407,31.7,11.7,0.3,1,0.0,27.0,18,Swat,KPK,Human Activity,3200,0
2023-04-11,31.2732,69.416,20.3,19.6,0.215,0,1.3,29.3,4,Zhob,Balochistan,None,0,0
2023-04-15,35.7601,71.7626,23.3,27.5,0.343,0,4.9,26.9,8,Chitral,KPK,None,0,0
2023-04-19,35.3902,72.5581,24.5,18.3,0.323,0,9.0,29.2,2,Kalam,KPK,None,0,0
2023-04-22,35.1981,71.8848,27.0,13.5,0.192,1,0.0,29.4,6,Dir,KPK,Dry Weather,2800,1
2023-04-23,35.9434,74.2812,20.7,28.6,0.289,0,8.3,29.9,9,Gilgit,GB,None,0,0
2023-04-23,35.1797,71.8986,28.4,36.8,0.31,1,0.0,44.9,28,Dir,KPK,Dry Weather,2800,0
2023-04-24,35.1635,71.8816,31.8,30.0,0.127,1,0.0,32.8,10,Dir,KPK,Dry Weather,2800,0
2023-04-27,36.3622,74.6112,24.3,42.1,0.4,0,5.0,42.6,3,Hunza,GB,None,0,0
2023-05-01,35.7589,71.7137,28.5,40.5,0.372,0,4.9,37.1,6,Chitral,KPK,None,0,0
2023-05-05,35.465,72.5431,33.8,43.5,0.396,0,5.7,19.5,0,Kalam,KPK,None,0,0
2023-05-09,35.9833,74.2784,29.1,30.4,0.198,0,5.9,26.6,8,Gilgit,GB,None,0,0
2023-05-09,35.5325,72.9574,30.6,5.3,0.217,1,0.9,36.1,23,Kohistan,KPK,Dry Weather,4200,0
2023-05-10,35.4861,72.9991,27.9,7.6,0.157,1,0.0,32.0,24,Kohistan,KPK,Dry Weather,4200,0
2023-05-11,35.4696,72.9568,26.6,19.7,0.273,1,0.0,40.0,22,Kohistan,KPK,Dry Weather,4200,0
2023-05-12,35.467,73.048,29.8,34.9,0.237,1,0.0,27.8,7,Kohistan,KPK,Dry Weather,4200,0
2023-05-13,35.5385,72.9583,32.5,14.4,0.204,1,0.0,17.8,9,Kohistan,KPK,Dry Weather,4200,0
2023-05-13,36.3483,74.5891,25.8,16.1,0.307,0,4.7,22.8,2,Hunza,GB,None,0,0
2023-05-17,30.1558,66.9961,38.5,17.5,0.308,0,0.5,27.7,4,Quetta,Balochistan,None,0,0
2023-05-21,35.1846,72.3994,29.3,39.5,0.321,0,2.8,20.6,5,Swat,KPK,None,0,0
2023-05-25,31.4118,69.5425,35.3,24.4,0.171,0,9.9,33.3,8,Zhob,Balochistan,None,0,0
2023-05-26,34.5837,72.5252,29.1,23.7,0.113,1,0.0,15.2,5,Shangla,KPK,Lightning,3800,4
2023-05-27,34.569,72.507,28.6,17.6,0.31,1,0.0,32.4,10,Shangla,KPK,Lightning,3800,0
2023-05-28,34.6317,72.521,35.9,18.4,0.219,1,0.0,28.3,10,Shangla,KPK,Lightning,3800,0
2023-05-29,34.6362,72.4706,27.9,13.2,0.237,1,0.0,17.8,13,Shangla,KPK,Lightning,3800,0
2023-05-29,35.7659,71.8338,29.9,32.9,0.346,0,3.2,30.6,0,Chitral,KPK,None,0,0
2023-06-02,35.9388,74.3161,31.0,16.3,0.302,0,6.4,40.4,0,Gilgit,GB,None,0,0
2023-06-06,36.2602,74.5526,35.6,28.9,0.557,0,2.6,20.3,7,Hunza,GB,None,0,0
2023-06-10,30.2503,66.9416,39.4,19.0,0.636,0,1.9,17.0,2,Quetta,Balochistan,None,0,0
2023-06-14,35.9521,74.3456,31.0,23.1,0.147,1,0.0,23.8,19,Gilgit,GB,Dry Weather,1400,0
2023-06-14,35.2765,72.3341,32.1,33.7,0.664,0,8.7,37.1,6,Swat,KPK,None,0,0
2023-06-18,31.3418,69.4418,42.0,17.9,0.305,0,3.8,36.6,0,Zhob,Balochistan,None,0,0
2023-06-22,35.7666,71.8484,34.6,18.3,0.596,0,3.0,43.5,6,Chitral,KPK,None,0,0
2023-06-26,35.4014,72.5987,28.0,26.9,0.468,0,7.5,44.5,4,Kalam,KPK,None,0,0
2023-06-30,35.9212,74.2202,30.4,33.0,0.435,0,5.8,44.4,2,Gilgit,GB,None,0,0
2023-07-03,31.3882,69.4293,35.6,19.8,0.119,1,0.0,8.8,28,Zhob,Balochistan,Human Activity,2000,0
2023-07-04,31.2445,69.4587,36.7,60.4,0.606,0,21.2,12.0,8,Zhob,Balochistan,None,0,0
2023-07-04,31.3611,69.3993,33.2,46.0,0.195,1,0.0,24.2,22,Zhob,Balochistan,Human Activity,2000,0
2023-07-08,35.7635,71.7687,32.9,32.5,0.405,0,42.7,16.2,3,Chitral,KPK,None,0,0
2023-07-12,35.4628,72.5623,24.4,55.0,0.541,0,33.3,14.8,0,Kalam,KPK,None,0,0
2023-07-16,35.9374,74.3991,26.2,34.4,0.304,0,16.1,24.6,6,Gilgit,GB,None,0,0
2023-07-20,36.2951,74.7,28.2,64.5,0.499,0,6.3,14.8,5,Hunza,GB,None,0,0
2023-07-24,30.0872,66.9425,40.6,52.8,0.453,0,13.9,23.4,6,Quetta,Balochistan,None,0,0
2023-07-25,35.5102,72.5435,28.2,43.2,0.331,1,0.0,10.0,26,Kalam,KPK,Dry Weather,2500,2
2023-07-26,35.4459,72.5315,30.7,43.7,0.31,1,0.0,17.1,26,Kalam,KPK,Dry Weather,2500,0
2023-07-27,35.4694,72.5816,27.6,31.4,0.101,1,0.0,5.6,11,Kalam,KPK,Dry Weather,2500,0
2023-07-28,35.2769,72.3864,31.3,46.8,0.685,0,33.2,14.2,9,Swat,KPK,None,0,0
2023-08-01,35.916,71.7132,21.6,62.4,0.523,0,29.6,23.5,6,Chitral,KPK,None,0,0
2023-08-05,35.512,72.6199,29.0,51.6,0.487,0,14.1,22.6,7,Kalam,KPK,None,0,0
2023-08-09,35.8266,74.3569,21.9,42.1,0.378,0,18.0,21.5,8,Gilgit,GB,None,0,0
2023-08-13,36.3946,74.7072,25.4,53.8,0.447,0,28.2,14.3,5,Hunza,GB,None,0,0
2023-08-16,36.3598,74.6558,33.2,35.3,0.149,1,0.0,11.2,25,Hunza,GB,Dry Weather,1100,0
2023-08-17,30.161,67.0601,39.6,45.2,0.651,0,21.3,22.5,0,Quetta,Balochistan,None,0,0
2023-08-21,35.1816,72.4572,23.5,35.1,0.514,0,32.2,13.0,4,Swat,KPK,None,0,0
2023-08-25,31.312,69.5177,34.7,32.5,0.441,0,41.2,17.0,0,Zhob,Balochistan,None,0,0
2023-08-29,35.7692,71.8484,26.8,40.8,0.407,0,46.1,9.9,2,Chitral,KPK,None,0,0
2023-09-02,35.8665,74.2125,23.2,30.1,0.558,0,19.0,15.8,9,Gilgit,GB,None,0,0
2023-09-04,34.3245,73.4632,24.0,23.5,0.256,1,0.0,8.3,5,Muzaffarabad,AJK,Lightning,800,0
2023-09-06,36.2252,74.6187,20.9,40.5,0.662,0,33.3,20.7,1,Hunza,GB,None,0,0
2023-09-10,30.2503,67.0152,24.4,56.4,0.333,0,8.1,18.2,7,Quetta,Balochistan,None,0,0
2023-09-14,35.1852,72.5063,23.8,59.3,0.362,0,37.5,21.5,4,Swat,KPK,None,0,0
2023-09-18,31.3055,69.4554,24.3,53.5,0.402,0,44.7,18.2,5,Zhob,Balochistan,None,0,0
2023-09-22,35.8526,71.8695,26.6,35.2,0.649,0,49.0,10.0,8,Chitral,KPK,None,0,0
2023-09-26,35.476,72.5868,19.6,45.7,0.692,0,21.5,8.8,1,Kalam,KPK,None,0,0
2023-09-30,35.8262,74.3536,20.6,52.6,0.59,0,16.2,6.6,5,Gilgit,GB,None,0,0
2023-10-04,31.3244,69.4675,21.7,25.9,0.285,0,6.2,19.5,7,Zhob,Balochistan,None,0,0
2023-10-08,35.777,71.8001,22.6,30.5,0.197,0,4.6,22.1,0,Chitral,KPK,None,0,0
2023-10-12,35.4245,72.578,25.9,18.8,0.166,0,5.6,8.9,3,Kalam,KPK,None,0,0
2023-10-16,36.0103,74.3344,14.2,23.7,0.159,0,7.4,5.6,8,Gilgit,GB,None,0,0
2023-10-19,30.1408,66.9982,24.5,6.2,0.162,1,0.0,22.4,25,Quetta,Balochistan,Dry Weather,500,0
2023-10-20,36.3561,74.7408,25.9,25.0,0.284,0,8.3,22.2,9,Hunza,GB,None,0,0
2023-10-24,30.1057,67.0699,27.1,31.8,0.415,0,3.5,13.8,4,Quetta,Balochistan,None,0,0
2023-10-28,35.1377,72.335,14.3,43.5,0.202,0,8.1,12.4,0,Swat,KPK,None,0,0
2023-11-01,35.7903,71.6938,9.2,18.4,0.187,0,3.5,12.1,3,Chitral,KPK,None,0,0
2023-11-05,35.4741,72.5073,14.6,16.3,0.376,0,9.5,23.3,7,Kalam,KPK,None,0,0
2023-11-08,33.9695,71.4975,22.2,35.1,0.184,1,0.0,6.3,22,Peshawar,KPK,Human Activity,300,0
2023-11-09,36.0216,74.3026,20.0,22.8,0.274,0,3.3,8.6,4,Gilgit,GB,None,0,0
2023-11-13,36.3053,74.7418,9.1,23.0,0.398,0,2.3,23.6,7,Hunza,GB,None,0,0
2023-11-17,30.2235,67.0026,13.7,18.4,0.192,0,7.5,19.1,1,Quetta,Balochistan,None,0,0
2023-11-21,35.2053,72.3473,17.3,28.0,0.218,0,2.3,22.8,5,Swat,KPK,None,0,0
2023-11-25,31.2743,69.4645,11.8,39.2,0.22,0,9.9,6.6,2,Zhob,Balochistan,None,0,0
2023-11-29,35.8777,71.7771,12.5,34.6,0.407,0,0.8,24.0,1,Chitral,KPK,None,0,0
2023-12-03,30.2513,67.0006,8.8,39.5,0.366,0,6.8,16.4,0,Quetta,Balochistan,None,0,0
2023-12-07,35.1496,72.5064,9.1,64.7,0.295,0,1.3,21.7,9,Swat,KPK,None,0,0
2023-12-11,31.4241,69.4373,11.0,38.7,0.261,0,1.3,8.3,2,Zhob,Balochistan,None,0,0
2023-12-15,35.9078,71.8353,5.0,56.4,0.206,0,7.8,11.0,4,Chitral,KPK,None,0,0
2023-12-19,35.4085,72.5725,6.3,32.7,0.287,0,8.2,18.0,2,Kalam,KPK,None,0,0
2023-12-23,35.9714,74.2995,7.3,47.9,0.239,0,6.4,8.8,0,Gilgit,GB,None,0,0
2023-12-27,36.3931,74.5916,12.6,42.3,0.209,0,0.3,9.0,4,Hunza,GB,None,0,0
2023-12-31,30.1746,66.9999,14.1,42.4,0.26,0,5.2,13.7,2,Quetta,Balochistan,None,0,0
2024-01-04,31.2989,69.5355,16.2,55.1,0.199,0,4.9,5.0,2,Zhob,Balochistan,None,0,0
2024-01-08,35.9481,71.8647,10.2,54.1,0.225,0,1.4,23.8,9,Chitral,KPK,None,0,0
2024-01-12,35.4418,72.4894,13.7,42.8,0.169,0,1.8,23.4,8,Kalam,KPK,None,0,0
2024-01-16,35.9816,74.2169,6.4,44.1,0.325,0,6.1,13.5,4,Gilgit,GB,None,0,0
2024-01-20,36.2802,74.6629,7.0,42.9,0.35,0,1.9,5.9,7,Hunza,GB,None,0,0
2024-01-20,30.3662,67.7339,10.0,26.8,0.115,1,0.0,22.8,26,Ziarat,Balochistan,Dry Weather,2000,1
2024-01-21,30.4235,67.7301,9.8,40.6,0.155,1,0.0,17.4,13,Ziarat,Balochistan,Dry Weather,2000,0
2024-01-24,30.1329,66.8793,8.8,58.9,0.173,0,8.0,20.8,4,Quetta,Balochistan,None,0,0
2024-01-28,35.2512,72.4192,6.9,53.7,0.376,0,5.9,11.4,6,Swat,KPK,None,0,0
2024-02-01,35.8682,71.6905,9.5,55.8,0.385,0,1.9,5.2,8,Chitral,KPK,None,0,0
2024-02-05,35.4068,72.5439,14.8,43.4,0.38,0,0.7,20.1,6,Kalam,KPK,None,0,0
2024-02-09,35.853,74.2674,9.0,36.4,0.254,0,8.2,16.1,0,Gilgit,GB,None,0,0
2024-02-13,36.2297,74.744,13.4,50.4,0.309,0,4.8,14.5,9,Hunza,GB,None,0,0
2024-02-17,30.2791,66.9378,14.6,55.4,0.264,0,4.6,8.1,5,Quetta,Balochistan,None,0,0
2024-02-21,35.1303,72.4511,17.2,39.9,0.33,0,1.6,9.0,4,Swat,KPK,None,0,0
2024-02-25,31.3078,69.4657,15.1,52.3,0.165,0,8.1,20.0,8,Zhob,Balochistan,None,0,0
2024-02-28,35.8302,71.7963,17.1,22.9,0.223,1,0.0,16.8,12,Chitral,KPK,Human Activity,1600,0
2024-02-29,35.8213,71.77,17.8,23.5,0.306,1,0.0,16.7,6,Chitral,KPK,Human Activity,1600,0
2024-02-29,35.8832,71.8138,15.8,64.0,0.37,0,1.5,16.3,3,Chitral,KPK,None,0,0
2024-03-04,31.306,69.3931,22.7,18.9,0.408,0,1.7,16.7,8,Zhob,Balochistan,None,0,0
2024-03-08,35.8712,71.8368,12.5,40.8,0.336,0,0.5,5.6,6,Chitral,KPK,None,0,0
2024-03-12,35.4168,72.6429,19.7,32.4,0.323,0,6.1,18.2,2,Kalam,KPK,None,0,0
2024-03-15,35.2332,72.4664,23.8,34.5,0.11,1,0.0,12.5,25,Swat,KPK,Dry Weather,2800,2
2024-03-16,35.9636,74.3647,21.1,22.9,0.183,0,4.4,19.6,7,Gilgit,GB,None,0,0
2024-03-16,35.1868,72.424,17.5,21.4,0.228,1,0.0,10.8,7,Swat,KPK,Dry Weather,2800,0
2024-03-17,35.2671,72.4233,20.0,16.3,0.302,1,0.0,7.1,25,Swat,KPK,Dry Weather,2800,0
2024-03-20,36.2905,74.6814,24.0,23.4,0.312,0,6.4,13.2,6,Hunza,GB,None,0,0
2024-03-24,30.1829,66.8939,13.7,19.4,0.352,0,8.2,16.8,2,Quetta,Balochistan,None,0,0
2024-03-28,35.2659,72.4769,15.4,24.0,0.344,0,0.7,6.7,7,Swat,KPK,None,0,0
2024-04-01,35.7859,71.7151,30.0,42.7,0.311,0,2.6,24.8,6,Chitral,KPK,None,0,0
2024-04-02,35.2477,71.9171,31.9,29.4,0.181,1,0.0,21.7,13,Dir,KPK,Dry Weather,3000,1
2024-04-03,35.2065,71.9029,32.6,16.0,0.258,1,0.0,44.5,16,Dir,KPK,Dry Weather,3000,0
2024-04-04,35.2086,71.8586,30.1,18.0,0.125,1,0.0,29.7,9,Dir,KPK,Dry Weather,3000,0
2024-04-05,35.4547,72.5014,27.6,36.0,0.377,0,5.7,20.6,9,Kalam,KPK,None,0,0
2024-04-09,36.0082,74.3365,27.5,33.8,0.375,0,5.2,39.7,9,Gilgit,GB,None,0,0
2024-04-13,36.3322,74.7048,18.8,22.3,0.198,0,4.0,23.3,3,Hunza,GB,None,0,0
2024-04-17,30.1631,66.9066,28.8,41.4,0.18,0,2.0,24.8,9,Quetta,Balochistan,None,0,0
2024-04-20,35.4708,72.9693,31.0,13.0,0.275,1,1.6,43.5,11,Kohistan,KPK,Lightning,4500,3
2024-04-21,35.5403,73.0149,27.4,16.4,0.184,1,0.0,32.0,23,Kohistan,KPK,Lightning,4500,0
2024-04-21,35.2568,72.3731,23.6,29.0,0.162,0,4.6,42.3,5,Swat,KPK,None,0,0
2024-04-22,35.4775,72.9574,26.2,9.3,0.184,1,0.0,41.1,11,Kohistan,KPK,Lightning,4500,0
2024-04-23,35.543,73.0367,31.6,26.8,0.287,1,0.0,16.2,28,Kohistan,KPK,Lightning,4500,0
2024-04-24,35.4604,72.9609,30.0,12.9,0.103,1,0.0,42.5,25,Kohistan,KPK,Lightning,4500,0
2024-04-25,31.2426,69.542,24.0,41.0,0.161,0,6.1,34.5,0,Zhob,Balochistan,None,0,0
2024-04-29,35.772,71.7435,21.9,34.4,0.303,0,9.6,29.8,8,Chitral,KPK,None,0,0
2024-05-03,30.1843,67.0501,26.7,43.8,0.433,0,4.3,42.1,2,Quetta,Balochistan,None,0,0
2024-05-07,35.2135,72.3886,23.3,36.6,0.437,0,2.6,19.0,7,Swat,KPK,None,0,0
2024-05-08,34.5816,72.4676,29.7,10.7,0.131,1,0.0,21.0,14,Shangla,KPK,Dry Weather,5000,6
2024-05-09,34.655,72.5363,29.3,9.5,0.151,1,0.0,35.3,14,Shangla,KPK,Dry Weather,5000,0
2024-05-10,34.6384,72.5215,39.3,10.1,0.19,1,0.0,23.5,14,Shangla,KPK,Dry Weather,5000,0
2024-05-11,34.6234,72.4674,39.9,21.3,0.347,1,0.0,41.8,17,Shangla,KPK,Dry Weather,5000,0
2024-05-11,31.3313,69.535,39.1,29.5,0.193,0,0.6,33.9,2,Zhob,Balochistan,None,0,0
2024-05-12,34.6324,72.5079,34.1,17.3,0.196,1,0.0,35.3,7,Shangla,KPK,Dry Weather,5000,0
2024-05-13,34.5683,72.5516,37.2,12.4,0.15,1,0.0,35.8,14,Shangla,KPK,Dry Weather,5000,0
2024-05-15,35.8874,71.8229,25.8,18.3,0.402,0,6.5,37.7,1,Chitral,KPK,None,0,0
2024-05-19,35.5023,72.6334,35.0,16.3,0.201,0,6.9,20.9,1,Kalam,KPK,None,0,0
2024-05-23,35.8921,74.3336,23.3,25.8,0.426,0,6.4,29.4,8,Gilgit,GB,None,0,0
2024-05-25,35.96,74.2598,27.9,6.9,0.131,1,0.0,20.7,28,Gilgit,GB,Human Activity,1800,0
2024-05-26,35.9502,74.3561,32.0,8.9,0.104,1,0.0,21.6,21,Gilgit,GB,Human Activity,1800,0
2024-05-27,36.2859,74.6201,24.4,40.9,0.245,0,2.1,28.4,3,Hunza,GB,None,0,0
2024-05-31,30.1835,66.9273,32.5,42.1,0.209,0,6.4,42.7,5,Quetta,Balochistan,None,0,0
2024-06-04,31.4008,69.3719,36.9,19.7,0.43,0,0.4,26.2,6,Zhob,Balochistan,None,0,0
2024-06-08,35.834,71.6888,35.9,25.5,0.513,0,9.5,19.3,4,Chitral,KPK,None,0,0
2024-06-12,35.482,72.523,28.0,28.0,0.391,0,9.0,36.9,9,Kalam,KPK,None,0,0
2024-06-12,31.3508,69.4396,46.2,15.6,0.243,1,0.0,27.1,13,Zhob,Balochistan,Dry Weather,2200,0
2024-06-13,31.3517,69.4096,45.2,14.2,0.337,1,0.0,41.1,15,Zhob,Balochistan,Dry Weather,2200,0
2024-06-16,35.9455,74.3517,36.2,37.2,0.586,0,4.5,35.9,1,Gilgit,GB,None,0,0
2024-06-20,36.3847,74.6079,33.5,15.4,0.585,0,1.8,18.3,8,Hunza,GB,None,0,0
2024-06-24,30.21,66.9194,43.0,36.0,0.605,0,6.1,37.6,2,Quetta,Balochistan,None,0,0
2024-06-28,35.2931,72.4386,29.1,20.5,0.626,0,9.1,15.9,3,Swat,KPK,None,0,0
2024-07-01,35.5256,72.5435,28.8,41.8,0.233,1,0.0,22.6,10,Kalam,KPK,Dry Weather,3500,4
2024-07-02,35.48,72.6161,38.0,25.4,0.191,1,0.0,23.0,16,Kalam,KPK,Dry Weather,3500,0
2024-07-02,35.8331,74.3138,27.8,36.7,0.402,0,8.3,8.4,8,Gilgit,GB,None,0,0
2024-07-03,35.5315,72.5852,25.9,49.3,0.332,1,0.0,24.5,25,Kalam,KPK,Dry Weather,3500,0
2024-07-04,35.5331,72.5783,30.4,55.9,0.247,1,0.0,11.4,24,Kalam,KPK,Dry Weather,3500,0
2024-07-06,36.3911,74.5946,29.8,31.8,0.581,0,44.9,15.5,5,Hunza,GB,None,0,0
2024-07-10,30.1653,66.9519,26.0,30.3,0.445,0,31.8,18.1,0,Quetta,Balochistan,None,0,0
2024-07-14,35.1332,72.4519,31.3,30.3,0.521,0,28.1,18.8,4,Swat,KPK,None,0,0
2024-07-18,31.2652,69.4636,32.4,41.6,0.382,0,27.9,19.2,3,Zhob,Balochistan,None,0,0
2024-07-22,35.7621,71.7894,26.3,44.9,0.671,0,40.1,18.0,0,Chitral,KPK,None,0,0
2024-07-26,35.4538,72.6429,31.9,59.1,0.551,0,49.4,15.5,1,Kalam,KPK,None,0,0
2024-07-30,35.8325,74.3616,31.3,32.4,0.513,0,39.5,12.2,3,Gilgit,GB,None,0,0
2024-08-03,30.2335,67.0459,33.0,32.6,0.352,0,14.2,6.5,1,Quetta,Balochistan,None,0,0
2024-08-07,35.2294,72.447,29.1,37.3,0.383,0,13.8,24.3,6,Swat,KPK,None,0,0
2024-08-11,31.3081,69.3692,33.0,37.2,0.359,0,49.0,16.2,7,Zhob,Balochistan,None,0,0
2024-08-14,36.3498,74.6757,31.6,40.9,0.214,1,0.0,19.3,23,Hunza,GB,Lightning,1500,0
2024-08-15,35.9445,71.7428,21.6,54.1,0.374,0,15.1,23.8,1,Chitral,KPK,None,0,0
2024-08-19,35.5394,72.4983,22.1,35.2,0.693,0,49.8,24.6,9,Kalam,KPK,None,0,0
2024-08-23,35.8922,74.251,25.0,40.7,0.408,0,20.6,6.3,7,Gilgit,GB,None,0,0
2024-08-27,36.2603,74.6526,27.5,30.6,0.315,0,25.2,6.9,7,Hunza,GB,None,0,0
2024-08-31,30.1632,67.0313,36.3,48.5,0.363,0,45.4,21.4,8,Quetta,Balochistan,None,0,0
2024-09-04,31.2707,69.5476,35.2,61.3,0.44,0,15.5,13.2,5,Zhob,Balochistan,None,0,0
2024-09-05,34.3579,73.4454,32.2,23.6,0.112,1,0.0,9.0,29,Muzaffarabad,AJK,Dry Weather,900,0
2024-09-08,35.8458,71.8657,22.8,56.5,0.325,0,41.4,20.3,5,Chitral,KPK,None,0,0
2024-09-12,35.5519,72.637,18.8,50.9,0.603,0,36.3,6.0,3,Kalam,KPK,None,0,0
2024-09-16,35.8887,74.2273,18.3,44.4,0.356,0,23.9,23.3,9,Gilgit,GB,None,0,0
2024-09-20,36.4052,74.6696,18.1,55.7,0.562,0,29.6,10.8,1,Hunza,GB,None,0,0
2024-09-24,30.1982,66.9918,33.9,50.1,0.33,0,22.0,14.6,8,Quetta,Balochistan,None,0,0
2024-09-28,35.3053,72.3279,19.1,62.2,0.453,0,10.6,7.3,2,Swat,KPK,None,0,0
2024-10-02,35.884,74.3613,18.6,41.0,0.256,0,0.8,20.1,8,Gilgit,GB,None,0,0
2024-10-06,36.3591,74.5778,21.7,22.4,0.271,0,7.2,13.8,1,Hunza,GB,None,0,0
2024-10-10,30.2053,66.9815,15.4,19.3,0.318,0,3.7,18.2,5,Quetta,Balochistan,None,0,0
2024-10-14,35.1694,72.4258,19.1,41.3,0.447,0,6.8,23.8,0,Swat,KPK,None,0,0
2024-10-18,31.4024,69.4294,22.2,29.9,0.333,0,8.9,13.1,9,Zhob,Balochistan,None,0,0
2024-10-22,35.876,71.819,25.7,29.2,0.225,0,4.3,13.0,8,Chitral,KPK,None,0,0
2024-10-22,30.1452,66.9459,27.0,11.4,0.275,1,0.0,5.3,24,Quetta,Balochistan,Human Activity,600,0
2024-10-26,35.4261,72.5747,15.5,21.1,0.264,0,6.7,12.1,9,Kalam,KPK,None,0,0
2024-10-30,35.9722,74.3117,22.8,26.3,0.432,0,5.2,12.5,9,Gilgit,GB,None,0,0
2024-11-03,30.1993,66.9781,13.0,16.3,0.156,0,3.9,21.6,7,Quetta,Balochistan,None,0,0
2024-11-07,35.2762,72.4779,19.4,21.0,0.303,0,4.3,8.0,3,Swat,KPK,None,0,0
2024-11-10,35.3783,74.1446,20.3,21.0,0.306,1,0.0,21.0,17,Chillas,GB,Dry Weather,800,0
2024-11-11,31.327,69.5145,19.6,32.6,0.389,0,0.1,15.5,5,Zhob,Balochistan,None,0,0
2024-11-15,35.9308,71.8189,13.7,36.9,0.169,0,9.0,5.7,8,Chitral,KPK,None,0,0
2024-11-19,35.5541,72.6399,16.0,16.3,0.244,0,2.9,7.6,9,Kalam,KPK,None,0,0
2024-11-23,35.9917,74.3748,18.8,43.3,0.302,0,3.6,7.2,8,Gilgit,GB,None,0,0
2024-11-27,36.3758,74.6482,19.1,31.4,0.37,0,9.1,17.3,5,Hunza,GB,None,0,0
2024-12-01,35.7683,71.7175,13.2,44.2,0.27,0,9.8,24.8,8,Chitral,KPK,None,0,0
2024-12-05,35.5683,72.4949,13.9,46.4,0.337,0,8.4,15.1,9,Kalam,KPK,None,0,0
2024-12-09,35.8528,74.2569,13.3,44.0,0.232,0,6.4,15.9,7,Gilgit,GB,None,0,0
2024-12-13,36.3642,74.6844,10.5,36.7,0.2,0,1.4,8.7,2,Hunza,GB,None,0,0
2024-12-17,30.1044,66.8908,13.4,46.6,0.33,0,7.6,10.1,4,Quetta,Balochistan,None,0,0
2024-12-21,35.2135,72.4119,5.0,60.0,0.222,0,8.9,6.4,9,Swat,KPK,None,0,0
2024-12-25,31.2767,69.3646,14.1,30.8,0.298,0,6.3,10.9,1,Zhob,Balochistan,None,0,0
2024-12-29,35.8462,71.753,10.3,55.7,0.277,0,6.2,17.2,9,Chitral,KPK,None,0,0
2025-01-02,35.9706,74.3697,8.6,52.8,0.228,0,3.1,8.5,5,Gilgit,GB,None,0,0
2025-01-06,36.2824,74.7486,12.0,30.8,0.333,0,6.1,13.0,5,Hunza,GB,None,0,0
2025-01-10,30.1305,66.8751,4.9,39.3,0.391,0,1.9,10.0,2,Quetta,Balochistan,None,0,0
2025-01-14,35.2377,72.3489,9.0,57.5,0.158,0,9.6,15.5,9,Swat,KPK,None,0,0
2025-01-15,30.4017,67.7436,21.5,43.8,0.326,1,0.0,19.5,12,Ziarat,Balochistan,Dry Weather,2500,2
2025-01-16,30.3766,67.6727,11.2,41.1,0.256,1,0.0,8.5,24,Ziarat,Balochistan,Dry Weather,2500,0
2025-01-17,30.4157,67.7591,20.3,50.8,0.206,1,0.0,18.1,7,Ziarat,Balochistan,Dry Weather,2500,0
2025-01-18,31.3956,69.4082,7.3,64.9,0.281,0,8.8,12.3,5,Zhob,Balochistan,None,0,0
2025-01-22,35.7723,71.8482,11.1,30.2,0.272,0,5.6,16.2,5,Chitral,KPK,None,0,0
2025-01-26,35.4251,72.6323,6.7,44.8,0.295,0,6.2,10.1,0,Kalam,KPK,None,0,0
2025-01-30,35.8463,74.3994,8.8,61.6,0.274,0,3.1,11.1,7,Gilgit,GB,None,0,0
2025-02-03,30.2553,66.9157,13.2,61.1,0.197,0,7.3,10.2,9,Quetta,Balochistan,None,0,0
2025-02-07,35.1469,72.3795,8.3,40.0,0.297,0,5.9,22.5,8,Swat,KPK,None,0,0
2025-02-11,31.3432,69.418,17.5,53.3,0.419,0,8.3,16.5,9,Zhob,Balochistan,None,0,0
2025-02-15,35.9351,71.8059,11.3,49.5,0.171,0,9.3,13.4,4,Chitral,KPK,None,0,0
2025-02-19,35.4955,72.6475,13.8,62.2,0.419,0,2.1,17.6,1,Kalam,KPK,None,0,0
2025-02-20,35.8891,71.8191,11.8,26.4,0.183,1,0.0,16.5,7,Chitral,KPK,Human Activity,2000,1
2025-02-21,35.8191,71.7368,17.9,49.6,0.108,1,0.0,15.7,25,Chitral,KPK,Human Activity,2000,0
2025-02-23,35.9515,74.3551,10.8,31.8,0.363,0,1.2,13.7,4,Gilgit,GB,None,0,0
2025-02-27,36.2293,74.6403,9.1,50.9,0.352,0,1.4,11.2,3,Hunza,GB,None,0,0
2025-03-03,30.2165,66.923,26.3,36.6,0.185,0,3.0,17.1,9,Quetta,Balochistan,None,0,0
2025-03-07,35.1261,72.4,21.4,15.1,0.201,0,0.1,19.1,6,Swat,KPK,None,0,0
2025-03-10,35.2246,72.4724,21.5,12.9,0.342,1,0.0,22.1,16,Swat,KPK,Dry Weather,3500,3
2025-03-11,31.2441,69.4339,20.9,18.8,0.18,0,8.0,11.7,1,Zhob,Balochistan,None,0,0
2025-03-11,35.2614,72.4536,15.6,17.6,0.316,1,0.0,22.6,22,Swat,KPK,Dry Weather,3500,0
2025-03-12,35.1796,72.4713,25.4,12.1,0.272,1,0.0,14.1,17,Swat,KPK,Dry Weather,3500,0
2025-03-13,35.1915,72.386,24.1,10.9,0.278,1,0.0,10.9,23,Swat,KPK,Dry Weather,3500,0
2025-03-15,35.818,71.8602,20.6,33.0,0.335,0,2.6,22.7,0,Chitral,KPK,None,0,0
2025-03-19,35.4129,72.5016,17.7,33.5,0.238,0,7.0,22.8,8,Kalam,KPK,None,0,0
2025-03-23,35.9279,74.3866,21.9,40.2,0.202,0,4.8,18.7,0,Gilgit,GB,None,0,0
2025-03-27,36.2187,74.6478,22.7,15.8,0.364,0,8.8,23.3,9,Hunza,GB,None,0,0
2025-03-31,30.2384,66.9511,23.3,41.1,0.331,0,4.3,21.0,9,Quetta,Balochistan,None,0,0
2025-04-04,31.3239,69.5134,26.9,43.4,0.276,0,8.6,25.3,7,Zhob,Balochistan,None,0,0
2025-04-05,35.1675,71.9068,22.4,23.2,0.155,1,0.8,21.9,13,Dir,KPK,Dry Weather,3800,2
2025-04-06,35.2176,71.8726,29.5,27.8,0.237,1,0.0,31.3,19,Dir,KPK,Dry Weather,3800,0
2025-04-07,35.2082,71.8596,33.3,10.3,0.131,1,0.0,18.2,5,Dir,KPK,Dry Weather,3800,0
2025-04-08,35.1632,71.9237,24.3,18.2,0.228,1,0.0,28.0,29,Dir,KPK,Dry Weather,3800,0
2025-04-08,35.8856,71.7585,26.9,26.4,0.311,0,8.5,33.1,8,Chitral,KPK,None,0,0
2025-04-12,35.3985,72.5186,19.0,39.1,0.22,0,6.2,34.5,2,Kalam,KPK,None,0,0
2025-04-16,35.9801,74.2935,25.0,41.6,0.45,0,6.4,44.0,0,Gilgit,GB,None,0,0
2025-04-20,36.2459,74.6912,27.3,32.0,0.258,0,0.7,33.2,9,Hunza,GB,None,0,0
2025-04-24,30.1714,66.9366,29.8,18.1,0.446,0,5.2,25.3,7,Quetta,Balochistan,None,0,0
2025-04-25,35.5078,73.0451,33.9,26.6,0.299,1,0.0,25.7,13,Kohistan,KPK,Lightning,5500,4
2025-04-26,35.4837,73.0089,26.6,5.0,0.182,1,0.0,27.3,19,Kohistan,KPK,Lightning,5500,0
2025-04-27,35.4715,72.9809,24.1,30.3,0.108,1,0.0,16.7,6,Kohistan,KPK,Lightning,5500,0
2025-04-28,35.5465,72.9735,29.8,38.7,0.298,1,0.0,40.2,16,Kohistan,KPK,Lightning,5500,0
2025-04-28,35.2784,72.4548,23.2,22.0,0.253,0,8.0,18.8,9,Swat,KPK,None,0,0
2025-04-29,35.4972,73.0104,26.4,25.7,0.235,1,0.0,44.0,10,Kohistan,KPK,Lightning,5500,0
2025-04-30,35.5478,73.0437,34.1,33.2,0.307,1,0.0,42.3,16,Kohistan,KPK,Lightning,5500,0
2025-05-02,35.8968,74.3046,29.4,25.5,0.244,0,5.2,18.2,3,Gilgit,GB,None,0,0
2025-05-06,36.3419,74.6442,28.7,36.9,0.358,0,6.1,42.7,2,Hunza,GB,None,0,0
2025-05-10,30.1457,66.9642,33.7,39.6,0.306,0,7.9,22.9,0,Quetta,Balochistan,None,0,0
2025-05-14,35.1765,72.5175,34.7,29.8,0.161,0,2.2,41.1,1,Swat,KPK,None,0,0
2025-05-14,34.5715,72.5554,36.9,11.5,0.267,1,0.0,44.5,8,Shangla,KPK,Dry Weather,6000,7
2025-05-15,34.635,72.5003,37.3,30.8,0.341,1,0.9,36.4,15,Shangla,KPK,Dry Weather,6000,0
2025-05-16,34.6611,72.4709,30.6,5.0,0.24,1,0.0,36.8,27,Shangla,KPK,Dry Weather,6000,0
2025-05-17,34.6168,72.4759,29.0,26.7,0.203,1,0.0,16.7,6,Shangla,KPK,Dry Weather,6000,0
2025-05-18,31.3952,69.5124,24.1,33.0,0.195,0,2.1,33.6,9,Zhob,Balochistan,None,0,0
2025-05-18,34.5879,72.5537,26.2,8.7,0.344,1,0.0,32.5,19,Shangla,KPK,Dry Weather,6000,0
2025-05-19,34.6644,72.5234,28.2,24.7,0.344,1,0.0,20.2,12,Shangla,KPK,Dry Weather,6000,0
2025-05-20,34.6292,72.5502,37.5,31.4,0.225,1,0.0,32.0,26,Shangla,KPK,Dry Weather,6000,0
2025-05-22,35.9368,71.7754,26.9,37.4,0.403,0,9.2,20.6,6,Chitral,KPK,None,0,0
2025-05-26,35.5419,72.6581,30.5,28.2,0.291,0,4.1,19.4,0,Kalam,KPK,None,0,0
2025-05-30,35.8531,74.359,34.8,35.2,0.386,0,8.7,41.1,5,Gilgit,GB,None,0,0
2025-06-01,35.965,74.3359,40.3,34.4,0.243,1,0.0,32.2,8,Gilgit,GB,Human Activity,2200,0
2025-06-02,35.8788,74.2593,38.0,33.4,0.301,1,0.0,26.1,29,Gilgit,GB,Human Activity,2200,0
2025-06-03,30.1333,66.9573,42.6,31.9,0.363,0,0.7,25.9,4,Quetta,Balochistan,None,0,0
2025-06-07,35.3207,72.4054,31.8,16.6,0.493,0,3.0,17.6,0,Swat,KPK,None,0,0
2025-06-11,31.3465,69.4069,34.3,27.7,0.567,0,1.0,31.6,6,Zhob,Balochistan,None,0,0
2025-06-15,35.8477,71.8393,33.5,22.8,0.639,0,8.9,21.2,0,Chitral,KPK,None,0,0
2025-06-19,35.5637,72.4758,34.2,36.2,0.558,0,6.3,40.3,5,Kalam,KPK,None,0,0
2025-06-20,31.3837,69.4026,47.0,31.8,0.33,1,0.0,25.7,5,Zhob,Balochistan,Dry Weather,2800,1
2025-06-21,31.3755,69.42,40.3,14.3,0.339,1,0.0,19.2,20,Zhob,Balochistan,Dry Weather,2800,0
2025-06-22,31.324,69.471,43.1,18.0,0.287,1,0.0,31.4,11,Zhob,Balochistan,Dry Weather,2800,0
2025-06-23,35.8357,74.213,29.8,24.6,0.48,0,3.5,40.2,0,Gilgit,GB,None,0,0
2025-06-27,36.2814,74.6618,32.2,22.5,0.569,0,0.6,44.4,9,Hunza,GB,None,0,0
2025-07-01,35.8098,71.8625,33.1,62.8,0.635,0,45.8,19.9,9,Chitral,KPK,None,0,0
2025-07-05,35.527,72.6231,26.0,52.4,0.421,0,36.3,10.9,8,Kalam,KPK,None,0,0
2025-07-08,35.4804,72.5984,34.3,24.7,0.142,1,0.0,11.7,13,Kalam,KPK,Dry Weather,4000,5
2025-07-09,35.4422,72.6111,32.4,32.7,0.328,1,0.0,20.3,10,Kalam,KPK,Dry Weather,4000,0
2025-07-09,35.8252,74.3172,33.7,30.4,0.441,0,22.5,7.0,8,Gilgit,GB,None,0,0
2025-07-10,35.5284,72.5578,31.2,20.1,0.174,1,0.0,20.7,6,Kalam,KPK,Dry Weather,4000,0
2025-07-11,35.503,72.6132,26.1,31.0,0.196,1,0.0,8.2,26,Kalam,KPK,Dry Weather,4000,0
2025-07-12,35.4755,72.5406,27.8,25.1,0.234,1,0.0,8.2,13,Kalam,KPK,Dry Weather,4000,0
2025-07-13,36.3386,74.561,30.6,61.7,0.53,0,35.4,11.3,8,Hunza,GB,None,0,0
2025-07-17,30.2264,67.0504,38.6,34.6,0.545,0,22.4,17.8,4,Quetta,Balochistan,None,0,0
2025-07-21,35.2849,72.523,31.1,40.2,0.359,0,12.6,9.6,7,Swat,KPK,None,0,0
2025-07-25,31.2726,69.382,26.5,47.6,0.541,0,44.0,23.1,6,Zhob,Balochistan,None,0,0
2025-07-29,35.9367,71.8257,24.0,60.1,0.464,0,13.8,14.6,1,Chitral,KPK,None,0,0
2025-08-02,35.8856,74.3014,29.3,38.1,0.594,0,15.9,13.9,1,Gilgit,GB,None,0,0
2025-08-02,36.3248,74.6148,37.0,25.4,0.21,1,0.0,9.3,19,Hunza,GB,Lightning,1800,0
2025-08-03,36.3459,74.6116,27.1,50.0,0.177,1,0.0,6.4,15,Hunza,GB,Lightning,1800,0
2025-08-06,36.2996,74.5892,22.7,51.9,0.569,0,6.4,22.6,8,Hunza,GB,None,0,0
2025-08-10,30.1914,66.9546,27.9,53.8,0.365,0,13.6,24.5,9,Quetta,Balochistan,None,0,0
2025-08-14,35.2387,72.3422,25.5,52.5,0.416,0,16.2,23.3,2,Swat,KPK,None,0,0
2025-08-18,31.3025,69.4658,25.5,31.5,0.302,0,29.1,10.1,6,Zhob,Balochistan,None,0,0
2025-08-22,35.844,71.8453,23.8,35.7,0.464,0,49.3,12.4,8,Chitral,KPK,None,0,0
2025-08-26,35.4923,72.6366,21.7,36.9,0.699,0,45.5,9.4,8,Kalam,KPK,None,0,0
2025-08-30,35.9237,74.396,27.7,38.9,0.304,0,24.4,22.4,9,Gilgit,GB,None,0,0
2025-09-03,30.1124,67.0331,25.0,61.3,0.445,0,24.8,17.2,0,Quetta,Balochistan,None,0,0
2025-09-07,35.1312,72.4072,29.9,57.6,0.358,0,45.2,22.2,7,Swat,KPK,None,0,0
2025-09-11,31.2746,69.3808,29.6,46.7,0.572,0,49.5,7.2,4,Zhob,Balochistan,None,0,0
2025-09-15,35.7836,71.8099,22.1,55.0,0.392,0,29.6,7.6,6,Chitral,KPK,None,0,0
2025-09-15,34.3966,73.5192,25.7,22.4,0.347,1,0.0,24.5,14,Muzaffarabad,AJK,Dry Weather,1200,0
2025-09-19,35.5519,72.6557,18.0,58.2,0.518,0,17.7,19.0,4,Kalam,KPK,None,0,0
2025-09-23,35.8351,74.3027,21.8,55.8,0.356,0,25.4,17.4,0,Gilgit,GB,None,0,0
2025-09-27,36.3154,74.7062,27.2,42.0,0.542,0,33.7,20.7,5,Hunza,GB,None,0,0
2025-10-01,35.8447,71.8736,14.0,31.3,0.426,0,0.4,22.0,5,Chitral,KPK,None,0,0
2025-10-05,35.4544,72.5907,23.6,26.8,0.446,0,8.2,14.3,5,Kalam,KPK,None,0,0
2025-10-08,30.1425,66.9725,33.6,21.6,0.267,1,0.0,20.7,21,Quetta,Balochistan,Human Activity,700,0
2025-10-09,36.0055,74.3169,24.4,34.1,0.224,0,2.0,20.4,5,Gilgit,GB,None,0,0
2025-10-13,36.3646,74.6691,22.7,22.7,0.25,0,9.5,9.7,5,Hunza,GB,None,0,0
2025-10-17,30.1137,67.0693,25.1,17.3,0.418,0,5.7,24.5,0,Quetta,Balochistan,None,0,0
2025-10-21,35.277,72.4642,14.8,23.4,0.34,0,8.1,7.4,8,Swat,KPK,None,0,0
2025-10-25,31.3032,69.362,24.4,24.5,0.379,0,5.5,12.9,5,Zhob,Balochistan,None,0,0
2025-10-29,35.9356,71.7275,14.4,21.7,0.416,0,7.7,17.9,5,Chitral,KPK,None,0,0
2025-11-02,35.864,74.314,12.1,43.4,0.368,0,7.2,13.2,4,Gilgit,GB,None,0,0
2025-11-06,36.3625,74.5625,9.0,31.4,0.394,0,9.2,5.4,3,Hunza,GB,None,0,0
2025-11-10,30.1929,66.998,22.6,29.8,0.324,0,4.0,13.7,4,Quetta,Balochistan,None,0,0
2025-11-14,35.1607,72.4157,18.7,42.7,0.412,0,6.8,16.6,6,Swat,KPK,None,0,0
2025-11-18,31.2458,69.4167,13.5,17.8,0.313,0,2.3,8.8,3,Zhob,Balochistan,None,0,0
2025-11-20,34.0498,71.5068,17.9,12.6,0.237,1,0.0,19.4,13,Peshawar,KPK,Dry Weather,450,0
2025-11-22,35.8761,71.8301,13.2,17.3,0.216,0,2.6,15.4,5,Chitral,KPK,None,0,0
2025-11-26,35.4254,72.6486,13.0,28.7,0.185,0,8.7,5.7,2,Kalam,KPK,None,0,0
2025-11-30,35.9102,74.3571,10.2,39.5,0.224,0,7.1,14.5,3,Gilgit,GB,None,0,0
2025-12-04,31.3844,69.4735,14.2,32.1,0.189,0,5.7,10.5,0,Zhob,Balochistan,None,0,0
2025-12-05,35.4475,74.1238,19.2,58.1,0.26,1,0.0,18.8,26,Chillas,GB,Dry Weather,600,0
2025-12-08,35.7688,71.8595,12.7,33.1,0.354,0,8.4,22.8,4,Chitral,KPK,None,0,0
2025-12-12,35.4701,72.4853,6.0,62.1,0.244,0,2.7,9.0,1,Kalam,KPK,None,0,0
2025-12-16,35.8753,74.2414,6.5,51.9,0.366,0,5.7,7.3,1,Gilgit,GB,None,0,0
2025-12-20,36.318,74.6989,11.4,54.5,0.415,0,6.5,13.1,3,Hunza,GB,None,0,0
2025-12-24,30.2024,67.0667,9.2,30.6,0.442,0,3.1,19.6,9,Quetta,Balochistan,None,0,0
2025-12-28,35.1395,72.4178,10.4,60.2,0.415,0,3.1,10.3,3,Swat,KPK,None,0,0
