date,latitude,longitude,temp_max_c,temp_min_c,humidity_percent,heat_index_c,rainfall_mm,consecutive_dry_days,heatwave_occurred,city,province,deaths
2020-01-01,31.5204,74.3587,14.4,7.7,42.2,15.4,0.3,13,0,Lahore,Punjab,0
2020-01-05,27.7052,68.8574,19.0,19.0,52.6,18.3,2.6,10,0,Sukkur,Sindh,0
2020-01-09,30.1575,71.5249,15.2,11.3,44.5,15.4,0.5,3,0,Multan,Punjab,0
2020-01-13,31.4504,73.135,17.3,13.6,45.2,17.1,4.4,11,0,Faisalabad,Punjab,0
2020-01-17,25.396,68.3578,18.3,17.7,59.5,21.0,4.6,6,0,Hyderabad,Sindh,0
2020-01-21,24.8607,67.0011,23.5,14.0,52.1,22.9,2.7,13,0,Karachi,Sindh,0
2020-01-25,30.1798,66.975,17.5,3.7,27.9,19.0,3.8,9,0,Quetta,Balochistan,0
2020-01-29,31.5204,74.3587,12.1,13.5,47.4,11.1,1.2,7,0,Lahore,Punjab,0
2020-02-02,30.1575,71.5249,16.2,11.6,37.2,18.6,1.1,3,0,Multan,Punjab,0
2020-02-06,31.4504,73.135,20.3,11.3,49.1,19.8,3.2,6,0,Faisalabad,Punjab,0
2020-02-10,25.396,68.3578,27.7,17.1,48.9,26.9,4.6,14,0,Hyderabad,Sindh,0
2020-02-14,24.8607,67.0011,20.9,21.5,59.9,19.0,3.6,4,0,Karachi,Sindh,0
2020-02-18,30.1798,66.975,13.7,10.6,30.1,16.3,2.2,6,0,Quetta,Balochistan,0
2020-02-22,31.5204,74.3587,15.9,10.1,50.3,18.9,5.0,13,0,Lahore,Punjab,0
2020-02-26,27.7052,68.8574,25.8,21.5,48.6,26.5,3.6,6,0,Sukkur,Sindh,0
2020-03-01,31.5204,74.3587,23.3,19.7,44.4,21.7,5.0,6,0,Lahore,Punjab,0
2020-03-05,27.7052,68.8574,32.0,25.3,47.2,33.0,0.3,6,0,Sukkur,Sindh,0
2020-03-09,30.1575,71.5249,25.5,21.1,44.6,28.2,1.9,11,0,Multan,Punjab,0
2020-03-13,31.4504,73.135,27.6,19.7,52.0,28.0,1.0,3,0,Faisalabad,Punjab,0
2020-03-17,25.396,68.3578,26.3,21.3,50.2,27.5,2.6,11,0,Hyderabad,Sindh,0
2020-03-21,24.8607,67.0011,26.7,22.4,52.5,29.7,4.0,3,0,Karachi,Sindh,0
2020-03-25,30.1798,66.975,27.0,18.4,32.7,28.5,3.5,9,0,Quetta,Balochistan,0
2020-03-29,31.5204,74.3587,22.7,17.7,48.7,21.1,3.8,2,0,Lahore,Punjab,0
2020-04-02,30.1575,71.5249,26.9,21.1,28.8,27.8,0.9,3,0,Multan,Punjab,0
2020-04-06,31.4504,73.135,26.2,21.6,29.6,25.0,1.2,8,0,Faisalabad,Punjab,0
2020-04-10,25.396,68.3578,34.1,30.3,39.9,33.0,1.7,11,0,Hyderabad,Sindh,0
2020-04-14,24.8607,67.0011,30.4,31.8,47.3,33.1,3.7,12,0,Karachi,Sindh,0
2020-04-15,24.8607,67.0011,41.7,32.0,37.6,46.2,0.0,10,1,Karachi,Sindh,0
2020-04-16,24.8607,67.0011,40.8,30.7,30.8,43.0,0.0,35,1,Karachi,Sindh,0
2020-04-17,24.8607,67.0011,40.5,29.1,27.2,43.0,0.0,30,1,Karachi,Sindh,0
2020-04-18,24.8607,67.0011,39.4,31.0,35.5,44.5,0.0,27,1,Karachi,Sindh,0
2020-04-18,30.1798,66.975,33.1,21.5,12.7,31.5,2.4,2,0,Quetta,Balochistan,0
2020-04-19,24.8607,67.0011,39.0,32.1,25.1,41.9,0.0,36,1,Karachi,Sindh,0
2020-04-22,31.5204,74.3587,33.1,25.6,37.7,35.2,4.7,6,0,Lahore,Punjab,0
2020-04-26,27.7052,68.8574,33.7,30.9,36.7,32.6,1.6,5,0,Sukkur,Sindh,0
2020-04-30,30.1575,71.5249,29.1,23.9,37.2,30.8,0.5,9,0,Multan,Punjab,0
2020-05-04,30.1798,66.975,35.2,24.2,11.7,36.5,3.4,8,0,Quetta,Balochistan,0
2020-05-05,28.2769,68.4514,48.8,34.7,29.3,54.3,0.0,30,1,Jacobabad,Sindh,3
2020-05-06,28.2769,68.4514,47.3,33.9,34.6,50.2,0.0,14,1,Jacobabad,Sindh,0
2020-05-07,28.2769,68.4514,46.9,34.6,22.4,50.9,0.0,37,1,Jacobabad,Sindh,0
2020-05-08,28.2769,68.4514,45.3,35.6,30.4,50.4,0.0,41,1,Jacobabad,Sindh,0
2020-05-08,31.5204,74.3587,37.9,30.5,24.2,37.7,3.7,8,0,Lahore,Punjab,0
2020-05-12,27.7052,68.8574,34.4,32.7,45.9,34.7,2.5,3,0,Sukkur,Sindh,0
2020-05-15,27.557,68.2247,45.7,32.9,36.1,49.8,0.0,43,1,Larkana,Sindh,2
2020-05-16,30.1575,71.5249,36.1,28.5,36.5,37.0,1.5,8,0,Multan,Punjab,0
2020-05-16,27.557,68.2247,45.3,32.4,23.7,50.6,0.0,22,1,Larkana,Sindh,0
2020-05-17,27.557,68.2247,44.7,35.3,31.9,50.4,0.0,33,1,Larkana,Sindh,0
2020-05-18,27.557,68.2247,43.1,35.6,34.3,46.0,0.0,21,1,Larkana,Sindh,0
2020-05-19,27.557,68.2247,42.7,32.6,23.0,47.3,0.0,36,1,Larkana,Sindh,0
2020-05-20,30.1575,71.5249,45.4,29.5,20.7,50.7,0.0,22,1,Multan,Punjab,1
2020-05-20,31.4504,73.135,40.1,33.8,31.4,42.5,1.2,13,0,Faisalabad,Punjab,0
2020-05-20,27.557,68.2247,42.0,34.8,28.8,46.3,0.0,12,1,Larkana,Sindh,0
2020-05-21,30.1575,71.5249,43.8,31.6,25.4,46.9,0.0,14,1,Multan,Punjab,0
2020-05-21,27.557,68.2247,41.0,32.1,30.7,44.2,0.0,33,1,Larkana,Sindh,0
2020-05-22,30.1575,71.5249,43.3,29.7,26.7,47.9,0.0,25,1,Multan,Punjab,0
2020-05-23,30.1575,71.5249,42.3,29.2,19.7,46.3,0.0,35,1,Multan,Punjab,0
2020-05-24,25.396,68.3578,36.6,32.1,43.3,35.2,4.7,3,0,Hyderabad,Sindh,0
2020-05-24,30.1575,71.5249,41.6,32.4,23.1,44.9,0.0,42,1,Multan,Punjab,0
2020-05-25,30.1575,71.5249,40.4,29.2,19.9,42.7,0.0,40,1,Multan,Punjab,0
2020-05-28,24.8607,67.0011,41.3,32.1,41.7,40.9,1.2,3,0,Karachi,Sindh,0
2020-06-01,31.5204,74.3587,39.5,29.4,31.0,38.8,0.2,3,0,Lahore,Punjab,0
2020-06-01,29.5436,67.8772,49.7,34.8,10.0,54.2,0.0,26,1,Sibi,Balochistan,5
2020-06-02,29.5436,67.8772,49.3,34.7,10.0,54.2,0.0,34,1,Sibi,Balochistan,0
2020-06-03,29.5436,67.8772,47.9,31.2,10.0,50.0,0.0,17,1,Sibi,Balochistan,0
2020-06-05,27.7052,68.8574,35.4,33.6,36.5,36.2,3.5,5,0,Sukkur,Sindh,0
2020-06-09,30.1575,71.5249,37.6,30.9,22.5,36.2,1.0,8,0,Multan,Punjab,0
2020-06-10,25.396,68.3578,44.3,35.5,35.4,46.8,0.4,29,1,Hyderabad,Sindh,2
2020-06-11,25.396,68.3578,44.0,35.0,30.5,46.9,0.0,12,1,Hyderabad,Sindh,0
2020-06-12,25.396,68.3578,42.9,35.2,29.9,45.2,0.0,25,1,Hyderabad,Sindh,0
2020-06-13,31.4504,73.135,41.5,33.5,24.6,43.4,1.6,14,0,Faisalabad,Punjab,0
2020-06-13,25.396,68.3578,42.6,33.8,24.5,47.8,0.0,39,1,Hyderabad,Sindh,0
2020-06-14,25.396,68.3578,40.9,33.7,35.4,46.0,0.0,24,1,Hyderabad,Sindh,0
2020-06-15,25.396,68.3578,40.6,35.8,29.5,44.3,0.0,27,1,Hyderabad,Sindh,0
2020-06-16,25.396,68.3578,39.4,35.3,32.4,42.9,0.0,16,1,Hyderabad,Sindh,0
2020-06-17,25.396,68.3578,35.0,33.6,44.9,33.1,2.1,2,0,Hyderabad,Sindh,0
2020-06-17,25.396,68.3578,38.6,36.6,26.9,42.9,0.0,12,1,Hyderabad,Sindh,0
2020-06-20,27.7052,68.8574,47.1,32.7,28.9,51.9,0.0,36,1,Sukkur,Sindh,4
2020-06-21,24.8607,67.0011,39.1,34.5,45.6,39.0,4.7,5,0,Karachi,Sindh,0
2020-06-21,27.7052,68.8574,46.5,35.3,36.4,50.0,0.0,21,1,Sukkur,Sindh,0
2020-06-22,27.7052,68.8574,46.0,35.5,24.6,50.1,0.0,41,1,Sukkur,Sindh,0
2020-06-23,27.7052,68.8574,45.0,33.6,35.6,49.6,0.0,34,1,Sukkur,Sindh,0
2020-06-24,27.7052,68.8574,44.1,35.9,30.9,46.1,0.0,11,1,Sukkur,Sindh,0
2020-06-25,30.1798,66.975,43.0,29.2,12.9,44.7,1.0,12,0,Quetta,Balochistan,0
2020-06-25,27.7052,68.8574,43.2,34.3,35.2,48.4,0.0,17,1,Sukkur,Sindh,0
2020-06-26,27.7052,68.8574,42.1,34.4,36.2,48.0,0.0,40,1,Sukkur,Sindh,0
2020-06-27,27.7052,68.8574,40.4,35.9,29.9,44.1,0.0,36,1,Sukkur,Sindh,0
2020-06-28,27.7052,68.8574,40.2,32.2,33.4,42.4,0.0,41,1,Sukkur,Sindh,0
2020-06-29,31.5204,74.3587,41.0,30.4,26.9,39.0,2.8,10,0,Lahore,Punjab,0
2020-07-01,30.0631,70.6339,44.4,32.4,30.5,47.5,0.0,15,1,DG Khan,Punjab,1
2020-07-02,30.0631,70.6339,42.7,34.3,32.0,46.1,0.0,25,1,DG Khan,Punjab,0
2020-07-03,30.0631,70.6339,41.9,34.5,29.8,47.4,0.0,18,1,DG Khan,Punjab,0
2020-07-03,25.396,68.3578,32.6,32.9,58.2,32.4,5.4,3,0,Hyderabad,Sindh,0
2020-07-04,30.0631,70.6339,41.5,34.8,28.5,44.5,0.0,27,1,DG Khan,Punjab,0
2020-07-05,30.0631,70.6339,40.3,33.3,28.6,43.1,0.0,18,1,DG Khan,Punjab,0
2020-07-06,30.0631,70.6339,39.8,34.4,38.8,43.6,0.0,32,1,DG Khan,Punjab,0
2020-07-07,24.8607,67.0011,33.1,29.3,55.8,31.8,11.0,0,0,Karachi,Sindh,0
2020-07-07,30.0631,70.6339,39.1,33.8,43.0,43.2,0.0,19,1,DG Khan,Punjab,0
2020-07-08,30.0631,70.6339,38.3,34.2,28.1,41.8,0.0,36,1,DG Khan,Punjab,0
2020-07-10,31.5204,74.3587,42.9,31.2,40.1,48.9,0.0,12,1,Lahore,Punjab,0
2020-07-11,31.5204,74.3587,42.7,34.3,30.2,47.1,0.0,43,1,Lahore,Punjab,0
2020-07-11,30.1798,66.975,39.2,28.7,38.0,40.3,8.5,0,0,Quetta,Balochistan,0
2020-07-12,31.5204,74.3587,41.2,31.2,40.9,43.6,0.0,38,1,Lahore,Punjab,0
2020-07-13,31.5204,74.3587,41.1,31.9,40.3,45.2,0.0,32,1,Lahore,Punjab,0
2020-07-14,31.5204,74.3587,40.1,33.8,38.3,42.9,0.0,25,1,Lahore,Punjab,0
2020-07-15,31.5204,74.3587,38.4,33.4,31.4,42.9,0.0,38,1,Lahore,Punjab,0
2020-07-15,31.5204,74.3587,36.1,34.3,40.4,35.7,7.5,3,0,Lahore,Punjab,0
2020-07-16,31.5204,74.3587,38.3,34.4,41.3,40.7,0.0,41,1,Lahore,Punjab,0
2020-07-19,27.7052,68.8574,35.7,28.5,55.4,35.8,27.6,3,0,Sukkur,Sindh,0
2020-07-23,30.1575,71.5249,34.6,33.5,38.7,36.9,18.3,3,0,Multan,Punjab,0
2020-07-27,31.4504,73.135,34.3,31.5,40.3,36.9,5.3,4,0,Faisalabad,Punjab,0
2020-07-31,25.396,68.3578,34.7,29.6,61.0,35.7,13.6,0,0,Hyderabad,Sindh,0
2020-08-04,30.1798,66.975,35.3,26.8,33.9,33.5,15.5,4,0,Quetta,Balochistan,0
2020-08-08,31.5204,74.3587,32.6,33.0,39.3,33.2,1.2,2,0,Lahore,Punjab,0
2020-08-12,27.7052,68.8574,32.3,28.2,59.5,34.7,6.8,3,0,Sukkur,Sindh,0
2020-08-16,30.1575,71.5249,34.9,31.6,49.9,37.6,5.0,1,0,Multan,Punjab,0
2020-08-20,31.4504,73.135,35.8,34.9,45.1,34.6,25.9,2,0,Faisalabad,Punjab,0
2020-08-24,25.396,68.3578,36.7,29.9,48.3,35.3,22.8,4,0,Hyderabad,Sindh,0
2020-08-28,24.8607,67.0011,34.0,28.5,48.3,34.5,11.5,1,0,Karachi,Sindh,0
2020-09-01,31.5204,74.3587,33.0,30.2,45.3,34.2,28.0,3,0,Lahore,Punjab,0
2020-09-05,27.7052,68.8574,30.5,27.4,56.7,31.5,1.4,4,0,Sukkur,Sindh,0
2020-09-09,30.1575,71.5249,35.5,31.6,40.4,38.4,21.9,4,0,Multan,Punjab,0
2020-09-13,31.4504,73.135,29.1,31.1,49.7,29.7,25.3,1,0,Faisalabad,Punjab,0
2020-09-17,25.396,68.3578,35.1,26.1,52.2,37.3,29.2,4,0,Hyderabad,Sindh,0
2020-09-21,24.8607,67.0011,31.1,29.6,51.1,33.0,8.2,0,0,Karachi,Sindh,0
2020-09-25,30.1798,66.975,29.5,20.8,29.4,27.7,13.3,1,0,Quetta,Balochistan,0
2020-09-29,31.5204,74.3587,36.5,29.3,45.4,36.1,10.6,1,0,Lahore,Punjab,0
2020-10-03,25.396,68.3578,30.5,29.9,47.6,30.4,4.2,2,0,Hyderabad,Sindh,0
2020-10-07,24.8607,67.0011,29.6,23.9,54.7,31.2,2.0,5,0,Karachi,Sindh,0
2020-10-11,30.1798,66.975,23.2,20.3,36.0,22.5,0.5,2,0,Quetta,Balochistan,0
2020-10-15,31.5204,74.3587,29.5,24.8,46.3,29.6,0.6,6,0,Lahore,Punjab,0
2020-10-19,27.7052,68.8574,29.4,25.9,60.1,29.3,1.9,13,0,Sukkur,Sindh,0
2020-10-23,30.1575,71.5249,27.9,25.9,38.7,27.1,1.2,12,0,Multan,Punjab,0
2020-10-27,31.4504,73.135,29.1,22.6,39.1,27.3,1.9,4,0,Faisalabad,Punjab,0
2020-10-31,25.396,68.3578,33.7,27.5,58.9,36.1,4.4,11,0,Hyderabad,Sindh,0
2020-11-04,30.1798,66.975,18.4,15.6,37.8,17.8,0.5,11,0,Quetta,Balochistan,0
2020-11-08,31.5204,74.3587,24.8,15.6,37.1,27.4,3.1,11,0,Lahore,Punjab,0
2020-11-12,27.7052,68.8574,22.7,23.8,50.0,21.7,0.6,8,0,Sukkur,Sindh,0
2020-11-16,30.1575,71.5249,25.3,11.4,50.0,26.8,0.3,5,0,Multan,Punjab,0
2020-11-20,31.4504,73.135,19.0,17.0,44.4,17.3,1.3,13,0,Faisalabad,Punjab,0
2020-11-24,25.396,68.3578,26.5,23.3,61.1,29.3,2.2,8,0,Hyderabad,Sindh,0
2020-11-28,24.8607,67.0011,26.1,18.0,53.5,25.0,1.8,7,0,Karachi,Sindh,0
2020-12-02,30.1575,71.5249,19.5,7.8,46.4,20.8,4.6,5,0,Multan,Punjab,0
2020-12-06,31.4504,73.135,13.9,10.8,39.2,16.8,1.8,3,0,Faisalabad,Punjab,0
2020-12-10,25.396,68.3578,18.8,17.2,48.0,21.1,0.4,2,0,Hyderabad,Sindh,0
2020-12-14,24.8607,67.0011,24.0,19.3,56.2,26.3,0.3,13,0,Karachi,Sindh,0
2020-12-18,30.1798,66.975,10.5,10.4,30.9,11.3,0.7,3,0,Quetta,Balochistan,0
2020-12-22,31.5204,74.3587,13.9,7.6,51.2,15.9,4.4,7,0,Lahore,Punjab,0
2020-12-26,27.7052,68.8574,18.5,18.4,55.7,16.6,2.2,4,0,Sukkur,Sindh,0
2020-12-30,30.1575,71.5249,13.3,11.7,48.4,12.2,2.2,9,0,Multan,Punjab,0
2021-01-03,25.396,68.3578,23.0,20.1,62.6,23.6,1.7,5,0,Hyderabad,Sindh,0
2021-01-07,24.8607,67.0011,22.4,14.4,47.7,23.0,4.1,6,0,Karachi,Sindh,0
2021-01-11,30.1798,66.975,13.5,9.8,23.1,13.4,1.2,3,0,Quetta,Balochistan,0
2021-01-15,31.5204,74.3587,11.7,6.4,49.3,14.5,1.0,2,0,Lahore,Punjab,0
2021-01-19,27.7052,68.8574,20.6,20.3,54.2,20.2,5.0,2,0,Sukkur,Sindh,0
2021-01-23,30.1575,71.5249,13.1,11.5,51.9,14.4,1.7,13,0,Multan,Punjab,0
2021-01-27,31.4504,73.135,12.4,13.7,52.6,11.1,4.1,6,0,Faisalabad,Punjab,0
2021-01-31,25.396,68.3578,19.5,15.3,50.9,19.3,4.6,3,0,Hyderabad,Sindh,0
2021-02-04,30.1798,66.975,12.6,12.4,34.5,13.1,3.1,2,0,Quetta,Balochistan,0
2021-02-08,31.5204,74.3587,17.1,15.5,48.3,19.5,1.3,9,0,Lahore,Punjab,0
2021-02-12,27.7052,68.8574,24.3,20.1,48.9,25.1,1.8,14,0,Sukkur,Sindh,0
2021-02-16,30.1575,71.5249,14.1,10.3,39.1,12.7,4.4,3,0,Multan,Punjab,0
2021-02-20,31.4504,73.135,17.7,10.7,44.1,15.8,2.9,9,0,Faisalabad,Punjab,0
2021-02-24,25.396,68.3578,24.2,18.5,48.6,25.9,2.8,12,0,Hyderabad,Sindh,0
2021-02-28,24.8607,67.0011,21.7,15.5,55.1,23.5,4.7,7,0,Karachi,Sindh,0
2021-03-04,30.1798,66.975,22.9,19.9,22.6,22.1,2.6,8,0,Quetta,Balochistan,0
2021-03-08,31.5204,74.3587,22.2,22.0,51.7,20.5,0.2,3,0,Lahore,Punjab,0
2021-03-12,27.7052,68.8574,27.0,22.3,50.3,27.5,0.8,4,0,Sukkur,Sindh,0
2021-03-16,30.1575,71.5249,24.4,22.9,46.4,24.3,2.8,8,0,Multan,Punjab,0
2021-03-20,31.4504,73.135,22.4,15.9,47.4,23.6,4.4,2,0,Faisalabad,Punjab,0
2021-03-24,25.396,68.3578,25.1,23.5,55.9,25.1,2.0,7,0,Hyderabad,Sindh,0
2021-03-28,24.8607,67.0011,34.0,22.0,60.0,33.0,3.2,2,0,Karachi,Sindh,0
2021-04-01,31.5204,74.3587,35.6,29.0,33.9,37.0,3.8,4,0,Lahore,Punjab,0
2021-04-05,27.7052,68.8574,38.0,26.4,40.4,38.0,1.5,2,0,Sukkur,Sindh,0
2021-04-09,30.1575,71.5249,28.6,21.3,22.2,28.3,1.1,13,0,Multan,Punjab,0
2021-04-13,31.4504,73.135,30.1,25.8,22.7,29.2,4.4,5,0,Faisalabad,Punjab,0
2021-04-17,25.396,68.3578,33.1,28.0,45.1,34.0,3.0,14,0,Hyderabad,Sindh,0
2021-04-20,29.5436,67.8772,49.3,21.7,11.5,53.4,0.0,20,1,Sibi,Balochistan,4
2021-04-21,24.8607,67.0011,30.8,29.3,34.2,29.0,1.5,6,0,Karachi,Sindh,0
2021-04-21,29.5436,67.8772,49.0,23.3,10.0,51.9,0.0,14,1,Sibi,Balochistan,0
2021-04-22,29.5436,67.8772,47.5,21.7,10.0,52.6,0.0,20,1,Sibi,Balochistan,0
2021-04-23,29.5436,67.8772,46.6,24.5,10.0,50.2,0.0,24,1,Sibi,Balochistan,0
2021-04-25,30.1798,66.975,23.1,21.3,16.5,25.8,2.8,6,0,Quetta,Balochistan,0
2021-04-29,31.5204,74.3587,29.8,24.6,30.2,32.0,2.0,13,0,Lahore,Punjab,0
2021-05-01,28.2769,68.4514,50.8,33.8,33.2,54.5,0.0,40,1,Jacobabad,Sindh,8
2021-05-02,28.2769,68.4514,50.4,32.4,26.7,54.7,0.0,38,1,Jacobabad,Sindh,0
2021-05-03,28.2769,68.4514,49.0,33.4,32.3,52.4,0.0,10,1,Jacobabad,Sindh,0
2021-05-03,25.396,68.3578,39.7,33.7,42.6,39.1,1.7,14,0,Hyderabad,Sindh,0
2021-05-04,28.2769,68.4514,48.3,33.6,32.8,52.1,0.0,14,1,Jacobabad,Sindh,0
2021-05-05,28.2769,68.4514,46.8,32.7,22.2,50.9,0.5,17,1,Jacobabad,Sindh,0
2021-05-06,28.2769,68.4514,45.8,35.3,29.7,51.4,0.0,42,1,Jacobabad,Sindh,0
2021-05-07,24.8607,67.0011,42.1,31.8,32.3,43.0,2.3,8,0,Karachi,Sindh,0
2021-05-07,28.2769,68.4514,45.3,33.9,30.8,51.1,0.0,37,1,Jacobabad,Sindh,0
2021-05-11,30.1798,66.975,33.1,26.1,10.0,33.8,5.0,12,0,Quetta,Balochistan,0
2021-05-12,24.8607,67.0011,43.8,34.4,31.0,48.6,0.0,13,1,Karachi,Sindh,3
2021-05-13,24.8607,67.0011,42.6,35.0,37.7,45.0,0.0,43,1,Karachi,Sindh,0
2021-05-14,24.8607,67.0011,41.9,33.6,33.7,47.7,0.3,40,1,Karachi,Sindh,0
2021-05-15,31.5204,74.3587,38.8,27.9,37.2,37.7,1.9,13,0,Lahore,Punjab,0
2021-05-19,27.7052,68.8574,37.5,32.4,33.6,40.2,3.4,12,0,Sukkur,Sindh,0
2021-05-22,26.2442,68.41,50.2,35.0,34.9,56.1,0.0,26,1,Nawabshah,Sindh,6
2021-05-23,26.2442,68.41,49.4,34.8,31.6,53.7,0.0,39,1,Nawabshah,Sindh,0
2021-05-23,30.1575,71.5249,36.9,33.3,26.0,38.1,3.6,13,0,Multan,Punjab,0
2021-05-24,26.2442,68.41,48.4,35.4,36.5,53.4,0.0,23,1,Nawabshah,Sindh,0
2021-05-25,26.2442,68.41,47.7,32.9,22.3,52.7,0.8,22,1,Nawabshah,Sindh,0
2021-05-27,31.4504,73.135,36.2,32.2,34.2,39.1,4.1,3,0,Faisalabad,Punjab,0
2021-05-31,25.396,68.3578,38.2,33.1,41.7,38.8,1.3,2,0,Hyderabad,Sindh,0
2021-06-04,30.1798,66.975,43.5,32.6,11.5,44.4,1.0,3,0,Quetta,Balochistan,0
2021-06-05,30.1575,71.5249,46.1,34.2,17.3,50.8,0.0,24,1,Multan,Punjab,2
2021-06-06,30.1575,71.5249,44.8,33.4,24.2,49.0,0.0,21,1,Multan,Punjab,0
2021-06-07,30.1575,71.5249,44.3,36.7,23.0,48.5,0.0,40,1,Multan,Punjab,0
2021-06-08,31.5204,74.3587,38.1,30.5,36.5,40.2,0.9,9,0,Lahore,Punjab,0
2021-06-12,27.7052,68.8574,38.1,31.1,47.6,40.1,1.8,2,0,Sukkur,Sindh,0
2021-06-15,25.396,68.3578,45.2,36.9,28.1,50.8,0.0,36,1,Hyderabad,Sindh,3
2021-06-16,30.1575,71.5249,39.9,30.3,27.4,40.3,0.9,2,0,Multan,Punjab,0
2021-06-16,25.396,68.3578,44.7,32.6,34.6,48.0,0.0,43,1,Hyderabad,Sindh,0
2021-06-17,25.396,68.3578,43.7,33.5,22.4,46.1,0.0,16,1,Hyderabad,Sindh,0
2021-06-18,25.396,68.3578,42.5,36.5,32.7,47.9,0.0,18,1,Hyderabad,Sindh,0
2021-06-19,25.396,68.3578,41.5,34.2,22.1,46.3,0.0,28,1,Hyderabad,Sindh,0
2021-06-20,25.396,68.3578,40.8,35.7,29.5,44.1,0.0,36,1,Hyderabad,Sindh,0
2021-06-20,31.4504,73.135,38.3,33.1,33.4,40.1,1.4,13,0,Faisalabad,Punjab,0
2021-06-21,25.396,68.3578,39.9,34.4,23.2,43.5,0.0,30,1,Hyderabad,Sindh,0
2021-06-22,25.396,68.3578,39.1,35.8,35.2,43.7,0.0,21,1,Hyderabad,Sindh,0
2021-06-24,25.396,68.3578,35.7,33.2,45.2,36.7,4.5,6,0,Hyderabad,Sindh,0
2021-06-25,27.7052,68.8574,47.9,32.6,31.0,50.0,0.0,28,1,Sukkur,Sindh,5
2021-06-26,27.7052,68.8574,47.0,37.0,27.7,50.4,0.0,36,1,Sukkur,Sindh,0
2021-06-27,27.7052,68.8574,45.9,34.9,32.3,48.7,0.0,27,1,Sukkur,Sindh,0
2021-06-28,27.7052,68.8574,45.2,32.7,33.6,51.2,0.0,15,1,Sukkur,Sindh,0
2021-06-28,24.8607,67.0011,40.6,31.5,44.5,42.5,1.8,11,0,Karachi,Sindh,0
2021-06-29,27.7052,68.8574,44.5,35.8,22.9,48.1,0.0,32,1,Sukkur,Sindh,0
2021-07-02,30.1575,71.5249,33.3,35.7,52.6,31.4,8.7,3,0,Multan,Punjab,0
2021-07-06,31.4504,73.135,33.3,30.2,43.5,32.2,14.3,0,0,Faisalabad,Punjab,0
2021-07-08,28.4212,70.2957,44.6,31.6,37.6,50.1,0.0,11,1,Rahim Yar Khan,Punjab,1
2021-07-09,28.4212,70.2957,44.0,35.0,40.5,46.9,0.0,37,1,Rahim Yar Khan,Punjab,0
2021-07-10,28.4212,70.2957,42.7,31.4,42.3,46.5,0.0,41,1,Rahim Yar Khan,Punjab,0
2021-07-10,25.396,68.3578,37.8,28.4,48.9,37.5,21.4,1,0,Hyderabad,Sindh,0
2021-07-11,28.4212,70.2957,41.7,32.7,40.0,44.1,0.0,30,1,Rahim Yar Khan,Punjab,0
2021-07-12,28.4212,70.2957,41.2,33.5,40.4,46.1,0.0,27,1,Rahim Yar Khan,Punjab,0
2021-07-13,28.4212,70.2957,40.1,33.0,29.6,45.0,0.0,18,1,Rahim Yar Khan,Punjab,0
2021-07-14,28.4212,70.2957,38.8,31.0,30.7,41.8,0.0,10,1,Rahim Yar Khan,Punjab,0
2021-07-14,24.8607,67.0011,37.5,32.7,61.0,36.4,8.9,2,0,Karachi,Sindh,0
2021-07-15,28.4212,70.2957,38.7,32.5,36.2,44.4,0.0,10,1,Rahim Yar Khan,Punjab,0
2021-07-18,30.1798,66.975,37.8,29.4,34.1,37.8,27.1,4,0,Quetta,Balochistan,0
2021-07-18,31.5204,74.3587,42.4,36.0,39.6,46.0,0.0,44,1,Lahore,Punjab,0
2021-07-19,31.5204,74.3587,42.3,32.0,36.6,44.4,0.0,18,1,Lahore,Punjab,0
2021-07-20,31.5204,74.3587,41.1,31.0,35.6,45.4,0.0,22,1,Lahore,Punjab,0
2021-07-21,31.5204,74.3587,40.1,33.0,40.6,42.7,0.0,32,1,Lahore,Punjab,0
2021-07-22,31.5204,74.3587,39.2,32.7,38.7,41.5,6.4,2,0,Lahore,Punjab,0
2021-07-22,31.5204,74.3587,39.3,33.4,39.2,45.0,0.0,20,1,Lahore,Punjab,0
2021-07-23,31.5204,74.3587,38.7,34.6,39.5,43.0,0.0,40,1,Lahore,Punjab,0
2021-07-24,31.5204,74.3587,37.3,32.3,28.5,40.1,0.0,42,1,Lahore,Punjab,0
2021-07-26,27.7052,68.8574,32.2,34.1,56.2,33.8,24.9,2,0,Sukkur,Sindh,0
2021-07-30,30.1575,71.5249,34.6,28.6,51.0,33.3,23.9,4,0,Multan,Punjab,0
2021-08-03,25.396,68.3578,33.2,28.0,48.3,36.1,3.0,0,0,Hyderabad,Sindh,0
2021-08-07,24.8607,67.0011,32.0,33.8,54.3,31.4,9.2,1,0,Karachi,Sindh,0
2021-08-11,30.1798,66.975,36.2,26.9,27.3,38.0,15.2,2,0,Quetta,Balochistan,0
2021-08-15,31.5204,74.3587,36.7,30.7,51.0,35.6,18.0,3,0,Lahore,Punjab,0
2021-08-19,27.7052,68.8574,35.7,32.9,54.1,36.1,4.7,3,0,Sukkur,Sindh,0
2021-08-23,30.1575,71.5249,39.0,27.6,48.5,41.4,21.4,2,0,Multan,Punjab,0
2021-08-27,31.4504,73.135,35.6,32.5,37.3,35.2,18.1,1,0,Faisalabad,Punjab,0
2021-08-31,25.396,68.3578,33.8,28.6,53.4,33.3,9.7,0,0,Hyderabad,Sindh,0
2021-09-04,30.1798,66.975,33.4,25.9,30.2,35.2,2.1,3,0,Quetta,Balochistan,0
2021-09-08,31.5204,74.3587,35.9,25.3,47.1,35.4,20.5,3,0,Lahore,Punjab,0
2021-09-12,27.7052,68.8574,35.9,29.1,50.8,38.1,1.4,4,0,Sukkur,Sindh,0
2021-09-16,30.1575,71.5249,33.9,29.7,40.1,34.6,19.7,3,0,Multan,Punjab,0
2021-09-20,31.4504,73.135,36.7,31.2,41.4,34.8,17.9,2,0,Faisalabad,Punjab,0
2021-09-24,25.396,68.3578,30.8,32.4,49.6,29.0,19.6,0,0,Hyderabad,Sindh,0
2021-09-28,24.8607,67.0011,34.8,31.0,61.2,37.6,5.2,3,0,Karachi,Sindh,0
2021-10-02,30.1575,71.5249,26.1,20.9,46.8,25.6,3.5,10,0,Multan,Punjab,0
2021-10-06,31.4504,73.135,24.0,25.6,47.8,25.1,0.0,14,0,Faisalabad,Punjab,0
2021-10-10,25.396,68.3578,28.7,26.8,59.1,28.8,1.0,3,0,Hyderabad,Sindh,0
2021-10-14,24.8607,67.0011,31.8,25.8,56.5,32.0,1.4,3,0,Karachi,Sindh,0
2021-10-18,30.1798,66.975,23.7,14.3,31.6,22.6,2.5,5,0,Quetta,Balochistan,0
2021-10-22,31.5204,74.3587,31.9,24.8,42.1,32.3,3.2,11,0,Lahore,Punjab,0
2021-10-26,27.7052,68.8574,29.8,23.5,49.0,30.4,1.2,13,0,Sukkur,Sindh,0
2021-10-30,30.1575,71.5249,29.7,22.1,38.1,31.3,2.8,4,0,Multan,Punjab,0
2021-11-03,25.396,68.3578,28.8,19.5,55.7,31.7,1.9,13,0,Hyderabad,Sindh,0
2021-11-07,24.8607,67.0011,23.4,20.6,56.2,24.1,2.9,10,0,Karachi,Sindh,0
2021-11-11,30.1798,66.975,20.7,10.6,27.8,22.2,0.6,13,0,Quetta,Balochistan,0
2021-11-15,31.5204,74.3587,16.0,17.4,41.3,15.3,4.3,3,0,Lahore,Punjab,0
2021-11-19,27.7052,68.8574,26.6,23.7,56.5,29.4,2.7,9,0,Sukkur,Sindh,0
2021-11-23,30.1575,71.5249,23.3,13.1,50.6,21.5,4.4,5,0,Multan,Punjab,0
2021-11-27,31.4504,73.135,21.6,14.2,50.0,20.7,2.0,10,0,Faisalabad,Punjab,0
2021-12-01,31.5204,74.3587,13.5,11.2,39.5,15.8,3.8,11,0,Lahore,Punjab,0
2021-12-05,27.7052,68.8574,22.6,20.2,59.6,23.4,1.7,4,0,Sukkur,Sindh,0
2021-12-09,30.1575,71.5249,16.8,13.8,51.0,19.5,1.3,2,0,Multan,Punjab,0
2021-12-13,31.4504,73.135,20.1,12.9,49.1,22.2,2.5,6,0,Faisalabad,Punjab,0
2021-12-17,25.396,68.3578,24.6,16.9,55.9,23.4,0.4,7,0,Hyderabad,Sindh,0
2021-12-21,24.8607,67.0011,19.5,13.2,52.3,17.8,3.7,7,0,Karachi,Sindh,0
2021-12-25,30.1798,66.975,16.8,10.0,24.3,14.9,0.5,13,0,Quetta,Balochistan,0
2021-12-29,31.5204,74.3587,18.1,8.6,51.5,20.6,0.3,6,0,Lahore,Punjab,0
2022-01-02,30.1575,71.5249,16.3,11.2,40.3,16.0,4.4,14,0,Multan,Punjab,0
2022-01-06,31.4504,73.135,12.6,9.7,44.6,12.8,2.6,12,0,Faisalabad,Punjab,0
2022-01-10,25.396,68.3578,20.8,19.1,58.8,23.0,2.6,7,0,Hyderabad,Sindh,0
2022-01-14,24.8607,67.0011,24.1,14.2,56.3,26.3,0.6,13,0,Karachi,Sindh,0
2022-01-18,30.1798,66.975,9.7,10.4,35.1,9.9,1.5,14,0,Quetta,Balochistan,0
2022-01-22,31.5204,74.3587,11.2,10.2,45.0,9.3,2.5,6,0,Lahore,Punjab,0
2022-01-26,27.7052,68.8574,22.6,16.3,49.0,21.5,4.4,14,0,Sukkur,Sindh,0
2022-01-30,30.1575,71.5249,19.1,10.9,44.3,17.6,2.0,12,0,Multan,Punjab,0
2022-02-03,25.396,68.3578,26.7,21.5,56.1,27.3,1.1,10,0,Hyderabad,Sindh,0
2022-02-07,24.8607,67.0011,21.1,19.4,52.6,21.0,0.8,3,0,Karachi,Sindh,0
2022-02-11,30.1798,66.975,15.1,8.4,32.5,15.5,4.0,13,0,Quetta,Balochistan,0
2022-02-15,31.5204,74.3587,15.7,16.3,46.9,15.3,3.4,9,0,Lahore,Punjab,0
2022-02-19,27.7052,68.8574,22.4,16.6,49.0,22.3,0.5,12,0,Sukkur,Sindh,0
2022-02-23,30.1575,71.5249,20.9,16.6,42.2,22.9,3.0,5,0,Multan,Punjab,0
2022-02-27,31.4504,73.135,16.2,11.3,44.8,15.6,4.4,4,0,Faisalabad,Punjab,0
2022-03-03,25.396,68.3578,32.4,22.6,56.3,33.8,2.9,7,0,Hyderabad,Sindh,0
2022-03-07,24.8607,67.0011,31.9,23.1,50.1,34.7,4.7,5,0,Karachi,Sindh,0
2022-03-11,30.1798,66.975,23.6,13.8,32.8,24.9,0.3,14,0,Quetta,Balochistan,0
2022-03-15,31.5204,74.3587,22.6,20.8,47.9,23.3,3.7,10,0,Lahore,Punjab,0
2022-03-19,27.7052,68.8574,33.2,24.7,59.9,33.6,4.5,10,0,Sukkur,Sindh,0
2022-03-23,30.1575,71.5249,27.5,21.8,41.9,27.7,1.3,10,0,Multan,Punjab,0
2022-03-27,31.4504,73.135,22.8,19.1,52.5,23.3,2.8,8,0,Faisalabad,Punjab,0
2022-03-31,25.396,68.3578,30.6,21.1,49.1,29.8,0.0,8,0,Hyderabad,Sindh,0
2022-04-04,30.1798,66.975,26.4,23.6,18.7,25.3,4.9,2,0,Quetta,Balochistan,0
2022-04-08,31.5204,74.3587,31.7,24.6,38.0,33.0,1.9,12,0,Lahore,Punjab,0
2022-04-10,28.2769,68.4514,50.3,30.4,37.6,53.1,0.0,33,1,Jacobabad,Sindh,5
2022-04-11,28.2769,68.4514,49.3,31.1,30.8,52.9,0.0,36,1,Jacobabad,Sindh,0
2022-04-12,28.2769,68.4514,47.6,32.5,32.1,50.9,0.0,18,1,Jacobabad,Sindh,0
2022-04-12,27.7052,68.8574,36.2,29.2,33.7,36.0,2.4,14,0,Sukkur,Sindh,0
2022-04-13,28.2769,68.4514,46.6,30.9,37.1,48.9,0.0,41,1,Jacobabad,Sindh,0
2022-04-16,30.1575,71.5249,33.5,26.3,29.9,33.7,0.4,14,0,Multan,Punjab,0
2022-04-20,31.4504,73.135,35.1,24.5,36.1,33.8,1.5,9,0,Faisalabad,Punjab,0
2022-04-24,25.396,68.3578,34.6,29.6,34.0,35.0,2.9,7,0,Hyderabad,Sindh,0
2022-04-25,29.5436,67.8772,51.2,22.4,10.0,55.5,0.0,28,1,Sibi,Balochistan,7
2022-04-26,29.5436,67.8772,50.8,22.0,10.0,54.6,0.0,20,1,Sibi,Balochistan,0
2022-04-27,29.5436,67.8772,49.3,23.9,10.0,55.1,0.0,18,1,Sibi,Balochistan,0
2022-04-28,24.8607,67.0011,30.3,29.8,42.5,29.0,4.2,14,0,Karachi,Sindh,0
2022-04-28,29.5436,67.8772,48.9,24.0,10.0,51.7,0.0,16,1,Sibi,Balochistan,0
2022-04-29,29.5436,67.8772,47.3,22.7,10.9,52.5,0.0,33,1,Sibi,Balochistan,0
2022-04-30,29.5436,67.8772,46.8,23.1,10.0,51.0,0.0,44,1,Sibi,Balochistan,0
2022-05-01,26.2442,68.41,49.8,34.0,30.7,53.6,0.0,21,1,Nawabshah,Sindh,6
2022-05-01,29.5436,67.8772,44.8,22.5,10.0,48.4,0.0,13,1,Sibi,Balochistan,0
2022-05-02,30.1575,71.5249,38.0,31.0,22.4,37.1,4.9,12,0,Multan,Punjab,0
2022-05-02,26.2442,68.41,48.4,35.8,34.7,51.5,0.0,43,1,Nawabshah,Sindh,0
2022-05-02,29.5436,67.8772,44.0,25.4,12.0,49.1,0.0,29,1,Sibi,Balochistan,0
2022-05-03,26.2442,68.41,48.0,33.2,37.9,50.8,0.0,14,1,Nawabshah,Sindh,0
2022-05-03,29.5436,67.8772,43.7,25.7,10.0,48.1,0.0,15,1,Sibi,Balochistan,0
2022-05-04,26.2442,68.41,46.7,35.4,30.1,52.0,0.0,14,1,Nawabshah,Sindh,0
2022-05-05,26.2442,68.41,46.0,32.1,28.6,51.2,0.0,13,1,Nawabshah,Sindh,0
2022-05-06,31.4504,73.135,39.8,30.8,23.0,42.5,5.0,5,0,Faisalabad,Punjab,0
2022-05-10,25.396,68.3578,36.3,30.5,41.5,34.6,0.2,3,0,Hyderabad,Sindh,0
2022-05-14,24.8607,67.0011,38.7,35.3,44.8,37.5,0.6,11,0,Karachi,Sindh,0
2022-05-14,24.8607,67.0011,44.1,33.2,24.4,47.4,0.0,26,1,Karachi,Sindh,4
2022-05-15,24.8607,67.0011,42.9,32.3,26.4,46.2,0.0,26,1,Karachi,Sindh,0
2022-05-16,24.8607,67.0011,42.2,35.3,25.7,47.0,0.0,13,1,Karachi,Sindh,0
2022-05-17,24.8607,67.0011,41.4,35.0,29.4,46.7,0.0,10,1,Karachi,Sindh,0
2022-05-18,24.8607,67.0011,40.7,31.2,27.7,46.3,0.0,44,1,Karachi,Sindh,0
2022-05-18,30.1798,66.975,39.0,30.2,19.5,40.9,4.8,3,0,Quetta,Balochistan,0
2022-05-22,31.5204,74.3587,31.5,27.9,23.5,29.8,4.8,8,0,Lahore,Punjab,0
2022-05-24,27.557,68.2247,48.5,34.0,32.9,52.0,0.0,42,1,Larkana,Sindh,5
2022-05-25,27.557,68.2247,47.2,35.6,31.9,51.3,0.0,36,1,Larkana,Sindh,0
2022-05-26,27.7052,68.8574,39.7,33.8,32.7,42.3,4.0,4,0,Sukkur,Sindh,0
2022-05-26,27.557,68.2247,46.5,35.9,27.3,51.8,0.0,31,1,Larkana,Sindh,0
2022-05-27,27.557,68.2247,45.6,33.6,26.0,50.5,0.0,44,1,Larkana,Sindh,0
2022-05-28,27.557,68.2247,44.2,32.8,26.6,50.0,0.0,26,1,Larkana,Sindh,0
2022-05-29,27.557,68.2247,43.4,33.4,30.5,46.0,0.0,25,1,Larkana,Sindh,0
2022-05-30,27.557,68.2247,42.9,33.9,32.4,46.4,0.0,12,1,Larkana,Sindh,0
2022-05-30,30.1575,71.5249,39.4,33.6,22.3,41.7,4.6,6,0,Multan,Punjab,0
2022-05-31,27.557,68.2247,42.1,33.1,24.1,47.6,0.0,28,1,Larkana,Sindh,0
2022-06-03,30.1575,71.5249,47.2,35.8,23.3,53.0,0.0,19,1,Multan,Punjab,3
2022-06-03,25.396,68.3578,40.1,32.5,44.3,42.2,0.8,3,0,Hyderabad,Sindh,0
2022-06-04,30.1575,71.5249,46.5,36.0,24.7,49.3,0.0,33,1,Multan,Punjab,0
2022-06-05,30.1575,71.5249,45.5,35.0,23.3,48.3,0.0,11,1,Multan,Punjab,0
2022-06-07,24.8607,67.0011,35.7,36.5,48.0,35.0,1.5,3,0,Karachi,Sindh,0
2022-06-11,30.1798,66.975,33.1,29.5,21.3,31.9,0.3,12,0,Quetta,Balochistan,0
2022-06-14,27.7052,68.8574,49.9,34.7,23.3,53.8,0.0,28,1,Sukkur,Sindh,8
2022-06-15,31.5204,74.3587,39.1,30.4,22.8,38.6,1.4,4,0,Lahore,Punjab,0
2022-06-15,27.7052,68.8574,48.9,34.1,26.4,54.1,0.0,14,1,Sukkur,Sindh,0
2022-06-16,27.7052,68.8574,47.7,32.6,25.2,53.7,0.0,24,1,Sukkur,Sindh,0
2022-06-17,27.7052,68.8574,46.5,35.0,22.3,49.2,0.0,21,1,Sukkur,Sindh,0
2022-06-18,27.7052,68.8574,45.9,34.0,32.6,48.2,0.0,28,1,Sukkur,Sindh,0
2022-06-19,27.7052,68.8574,45.3,33.7,30.7,48.5,0.0,26,1,Sukkur,Sindh,0
2022-06-19,27.7052,68.8574,40.4,30.0,41.0,39.3,4.4,2,0,Sukkur,Sindh,0
2022-06-20,27.7052,68.8574,44.4,36.6,37.5,49.4,0.0,44,1,Sukkur,Sindh,0
2022-06-21,27.7052,68.8574,43.2,34.0,33.4,47.1,0.0,32,1,Sukkur,Sindh,0
2022-06-22,27.7052,68.8574,41.6,34.2,29.5,47.3,0.0,30,1,Sukkur,Sindh,0
2022-06-23,30.1575,71.5249,40.3,35.5,27.0,39.1,1.4,11,0,Multan,Punjab,0
2022-06-25,25.396,68.3578,46.3,32.1,26.6,50.5,0.0,20,1,Hyderabad,Sindh,4
2022-06-26,25.396,68.3578,45.3,36.6,22.2,49.3,0.0,11,1,Hyderabad,Sindh,0
2022-06-27,31.4504,73.135,38.6,32.9,32.2,39.3,5.0,6,0,Faisalabad,Punjab,0
2022-06-27,25.396,68.3578,45.0,34.7,27.7,50.5,0.0,14,1,Hyderabad,Sindh,0
2022-06-28,25.396,68.3578,44.0,33.4,26.4,46.4,0.0,44,1,Hyderabad,Sindh,0
2022-06-29,25.396,68.3578,43.2,33.2,31.5,46.0,0.0,27,1,Hyderabad,Sindh,0
2022-06-30,25.396,68.3578,41.8,34.9,23.9,44.4,0.0,33,1,Hyderabad,Sindh,0
2022-07-01,31.5204,74.3587,35.9,28.8,44.0,36.5,18.3,0,0,Lahore,Punjab,0
2022-07-05,27.7052,68.8574,37.5,28.1,49.3,36.6,19.2,4,0,Sukkur,Sindh,0
2022-07-05,30.0631,70.6339,45.2,32.3,31.9,49.0,0.0,18,1,DG Khan,Punjab,2
2022-07-06,30.0631,70.6339,43.9,34.6,42.0,48.7,0.0,10,1,DG Khan,Punjab,0
2022-07-07,30.0631,70.6339,42.8,35.7,29.5,45.1,0.0,22,1,DG Khan,Punjab,0
2022-07-08,30.0631,70.6339,42.6,32.2,27.6,46.3,0.0,26,1,DG Khan,Punjab,0
2022-07-09,30.1575,71.5249,33.1,33.8,42.4,32.9,17.3,4,0,Multan,Punjab,0
2022-07-13,31.4504,73.135,35.3,35.0,50.0,36.9,25.5,3,0,Faisalabad,Punjab,0
2022-07-17,25.396,68.3578,37.3,29.8,60.8,39.7,21.2,3,0,Hyderabad,Sindh,0
2022-07-18,31.5204,74.3587,43.8,35.7,42.1,47.8,0.0,29,1,Lahore,Punjab,1
2022-07-19,31.5204,74.3587,42.8,34.2,42.9,46.4,0.0,30,1,Lahore,Punjab,0
2022-07-20,31.5204,74.3587,41.4,33.0,37.5,44.9,0.0,29,1,Lahore,Punjab,0
2022-07-21,31.5204,74.3587,41.0,33.3,32.4,43.7,0.0,31,1,Lahore,Punjab,0
2022-07-21,24.8607,67.0011,35.7,29.9,55.0,35.1,14.0,4,0,Karachi,Sindh,0
2022-07-22,31.5204,74.3587,39.6,31.9,34.1,42.7,0.0,27,1,Lahore,Punjab,0
2022-07-25,30.1798,66.975,38.4,32.9,36.0,40.7,8.2,0,0,Quetta,Balochistan,0
2022-07-29,31.5204,74.3587,34.4,35.5,47.6,35.8,12.4,0,0,Lahore,Punjab,0
2022-08-02,28.4212,70.2957,44.7,34.7,35.2,48.8,0.0,33,1,Rahim Yar Khan,Punjab,1
2022-08-02,30.1575,71.5249,32.4,31.7,48.8,31.9,25.7,0,0,Multan,Punjab,0
2022-08-03,28.4212,70.2957,44.1,31.3,36.0,49.0,0.0,44,1,Rahim Yar Khan,Punjab,0
2022-08-04,28.4212,70.2957,42.7,30.7,29.2,46.8,0.0,30,1,Rahim Yar Khan,Punjab,0
2022-08-05,28.4212,70.2957,42.6,32.6,30.6,47.5,0.0,31,1,Rahim Yar Khan,Punjab,0
2022-08-06,28.4212,70.2957,41.4,31.9,30.1,44.9,0.0,25,1,Rahim Yar Khan,Punjab,0
2022-08-06,31.4504,73.135,36.1,31.1,52.0,34.7,22.3,4,0,Faisalabad,Punjab,0
2022-08-07,28.4212,70.2957,40.8,32.8,35.2,46.7,0.0,16,1,Rahim Yar Khan,Punjab,0
2022-08-08,28.4212,70.2957,39.0,31.6,38.0,44.0,0.2,14,1,Rahim Yar Khan,Punjab,0
2022-08-09,28.4212,70.2957,38.0,33.8,40.8,42.3,0.0,17,1,Rahim Yar Khan,Punjab,0
2022-08-10,25.396,68.3578,32.4,28.9,50.1,34.7,1.7,1,0,Hyderabad,Sindh,0
2022-08-14,24.8607,67.0011,35.4,27.7,50.6,38.0,2.9,2,0,Karachi,Sindh,0
2022-08-18,30.1798,66.975,30.8,29.6,36.8,29.2,4.7,1,0,Quetta,Balochistan,0
2022-08-22,31.5204,74.3587,36.1,29.1,51.3,38.5,19.1,4,0,Lahore,Punjab,0
2022-08-26,27.7052,68.8574,33.4,32.0,49.4,33.9,24.9,4,0,Sukkur,Sindh,0
2022-08-30,30.1575,71.5249,38.3,27.8,49.2,39.9,29.0,1,0,Multan,Punjab,0
2022-09-03,25.396,68.3578,31.1,25.2,56.6,31.7,24.9,2,0,Hyderabad,Sindh,0
2022-09-07,24.8607,67.0011,35.4,25.9,49.3,33.7,0.5,1,0,Karachi,Sindh,0
2022-09-11,30.1798,66.975,35.0,21.7,34.9,34.7,14.7,0,0,Quetta,Balochistan,0
2022-09-15,31.5204,74.3587,30.5,24.9,50.5,33.2,23.7,0,0,Lahore,Punjab,0
2022-09-19,27.7052,68.8574,30.7,25.8,51.7,29.1,21.2,2,0,Sukkur,Sindh,0
2022-09-23,30.1575,71.5249,37.0,31.8,42.4,38.7,9.0,0,0,Multan,Punjab,0
2022-09-27,31.4504,73.135,33.5,28.9,43.8,33.4,27.1,2,0,Faisalabad,Punjab,0
2022-10-01,31.5204,74.3587,25.2,25.2,37.6,27.0,1.0,6,0,Lahore,Punjab,0
2022-10-05,27.7052,68.8574,31.5,25.7,60.9,30.4,5.0,8,0,Sukkur,Sindh,0
2022-10-09,30.1575,71.5249,31.4,21.2,41.4,33.1,2.6,3,0,Multan,Punjab,0
2022-10-13,31.4504,73.135,23.5,25.2,51.7,23.7,4.4,14,0,Faisalabad,Punjab,0
2022-10-17,25.396,68.3578,30.2,29.4,50.9,33.1,3.3,7,0,Hyderabad,Sindh,0
2022-10-21,24.8607,67.0011,27.7,28.6,56.3,26.3,1.4,14,0,Karachi,Sindh,0
2022-10-25,30.1798,66.975,20.3,20.8,34.8,18.6,1.0,2,0,Quetta,Balochistan,0
2022-10-29,31.5204,74.3587,26.6,20.6,40.8,28.2,3.7,5,0,Lahore,Punjab,0
2022-11-02,30.1575,71.5249,24.8,11.5,38.7,24.7,1.5,2,0,Multan,Punjab,0
2022-11-06,31.4504,73.135,18.2,11.4,41.6,19.3,3.4,13,0,Faisalabad,Punjab,0
2022-11-10,25.396,68.3578,24.5,24.8,47.3,23.6,0.0,11,0,Hyderabad,Sindh,0
2022-11-14,24.8607,67.0011,25.2,23.6,49.2,27.1,1.6,5,0,Karachi,Sindh,0
2022-11-18,30.1798,66.975,14.3,9.1,33.9,12.7,4.0,2,0,Quetta,Balochistan,0
2022-11-22,31.5204,74.3587,24.3,15.1,43.8,24.3,0.7,6,0,Lahore,Punjab,0
2022-11-26,27.7052,68.8574,23.9,19.6,47.5,26.8,3.4,10,0,Sukkur,Sindh,0
2022-11-30,30.1575,71.5249,23.2,17.0,40.0,25.0,2.1,6,0,Multan,Punjab,0
2022-12-04,30.1798,66.975,16.7,5.7,22.5,17.3,3.1,10,0,Quetta,Balochistan,0
2022-12-08,31.5204,74.3587,18.8,8.8,51.2,21.4,0.8,6,0,Lahore,Punjab,0
2022-12-12,27.7052,68.8574,24.6,20.6,59.9,25.0,2.8,13,0,Sukkur,Sindh,0
2022-12-16,30.1575,71.5249,20.2,12.6,47.5,20.2,4.7,14,0,Multan,Punjab,0
2022-12-20,31.4504,73.135,13.8,14.5,47.6,16.4,0.6,13,0,Faisalabad,Punjab,0
2022-12-24,25.396,68.3578,20.1,13.8,61.0,19.5,1.0,10,0,Hyderabad,Sindh,0
2022-12-28,24.8607,67.0011,22.0,18.2,51.6,22.2,4.9,14,0,Karachi,Sindh,0
2023-01-01,31.5204,74.3587,15.1,8.9,49.3,14.5,4.6,7,0,Lahore,Punjab,0
2023-01-05,27.7052,68.8574,19.3,17.5,61.2,19.1,1.1,6,0,Sukkur,Sindh,0
2023-01-09,30.1575,71.5249,12.6,7.1,37.9,15.1,0.9,13,0,Multan,Punjab,0
2023-01-13,31.4504,73.135,18.4,6.9,38.7,20.4,1.5,13,0,Faisalabad,Punjab,0
2023-01-17,25.396,68.3578,23.1,14.7,47.0,22.8,1.3,4,0,Hyderabad,Sindh,0
2023-01-21,24.8607,67.0011,21.2,20.2,53.2,20.8,4.3,2,0,Karachi,Sindh,0
2023-01-25,30.1798,66.975,13.0,8.6,29.8,13.0,2.7,2,0,Quetta,Balochistan,0
2023-01-29,31.5204,74.3587,14.5,13.4,46.7,15.2,3.2,11,0,Lahore,Punjab,0
2023-02-02,30.1575,71.5249,15.0,9.4,51.9,14.2,0.0,4,0,Multan,Punjab,0
2023-02-06,31.4504,73.135,17.5,12.3,42.7,15.9,2.5,11,0,Faisalabad,Punjab,0
2023-02-10,25.396,68.3578,20.4,22.6,48.4,21.5,5.0,12,0,Hyderabad,Sindh,0
2023-02-14,24.8607,67.0011,21.0,21.3,58.8,20.8,0.2,5,0,Karachi,Sindh,0
2023-02-18,30.1798,66.975,19.4,11.3,33.6,17.9,2.7,8,0,Quetta,Balochistan,0
2023-02-22,31.5204,74.3587,22.4,13.9,48.6,21.8,3.6,13,0,Lahore,Punjab,0
2023-02-26,27.7052,68.8574,22.5,15.2,62.7,21.1,0.1,6,0,Sukkur,Sindh,0
2023-03-02,30.1575,71.5249,27.3,16.8,49.5,30.0,2.7,3,0,Multan,Punjab,0
2023-03-06,31.4504,73.135,21.5,22.2,51.5,21.1,0.9,10,0,Faisalabad,Punjab,0
2023-03-10,25.396,68.3578,28.2,28.0,58.6,28.0,0.3,12,0,Hyderabad,Sindh,0
2023-03-14,24.8607,67.0011,34.0,20.8,56.7,35.1,1.6,7,0,Karachi,Sindh,0
2023-03-18,30.1798,66.975,19.3,16.5,33.1,20.3,2.9,14,0,Quetta,Balochistan,0
2023-03-22,31.5204,74.3587,20.7,15.9,44.8,23.0,1.8,10,0,Lahore,Punjab,0
2023-03-26,27.7052,68.8574,28.6,27.8,60.0,28.4,2.9,11,0,Sukkur,Sindh,0
2023-03-30,30.1575,71.5249,21.8,21.5,48.5,20.2,2.2,10,0,Multan,Punjab,0
2023-04-03,25.396,68.3578,35.7,29.4,43.7,38.2,2.7,7,0,Hyderabad,Sindh,0
2023-04-07,24.8607,67.0011,32.2,32.8,46.6,34.4,2.4,12,0,Karachi,Sindh,0
2023-04-08,29.5436,67.8772,50.6,21.9,10.0,55.6,0.0,23,1,Sibi,Balochistan,6
2023-04-09,29.5436,67.8772,49.0,22.1,10.0,53.1,0.0,18,1,Sibi,Balochistan,0
2023-04-10,29.5436,67.8772,48.1,21.5,10.0,51.8,0.0,44,1,Sibi,Balochistan,0
2023-04-11,29.5436,67.8772,47.9,23.5,10.0,50.3,0.0,42,1,Sibi,Balochistan,0
2023-04-11,30.1798,66.975,26.4,21.2,19.5,25.6,0.5,2,0,Quetta,Balochistan,0
2023-04-12,29.5436,67.8772,46.3,23.3,11.0,48.5,0.0,32,1,Sibi,Balochistan,0
2023-04-13,29.5436,67.8772,45.3,24.8,10.0,48.4,0.0,11,1,Sibi,Balochistan,0
2023-04-14,29.5436,67.8772,43.9,21.5,12.5,45.9,0.0,33,1,Sibi,Balochistan,0
2023-04-15,29.5436,67.8772,43.6,21.3,10.2,46.6,0.0,15,1,Sibi,Balochistan,0
2023-04-15,31.5204,74.3587,27.0,27.3,32.9,25.4,2.5,8,0,Lahore,Punjab,0
2023-04-16,29.5436,67.8772,42.2,21.2,10.0,47.6,0.0,44,1,Sibi,Balochistan,0
2023-04-19,27.7052,68.8574,32.2,31.3,47.9,34.1,2.9,5,0,Sukkur,Sindh,0
2023-04-20,28.2769,68.4514,51.2,30.1,36.0,53.2,0.0,16,1,Jacobabad,Sindh,9
2023-04-21,28.2769,68.4514,50.4,28.4,34.4,55.7,0.0,29,1,Jacobabad,Sindh,0
2023-04-22,28.2769,68.4514,49.0,31.6,29.9,54.3,0.0,12,1,Jacobabad,Sindh,0
2023-04-23,30.1575,71.5249,32.1,28.0,26.8,31.3,2.1,12,0,Multan,Punjab,0
2023-04-23,28.2769,68.4514,48.4,32.0,26.9,53.0,0.0,25,1,Jacobabad,Sindh,0
2023-04-24,28.2769,68.4514,47.3,28.2,35.1,50.6,0.0,28,1,Jacobabad,Sindh,0
2023-04-25,28.2769,68.4514,46.0,29.5,32.9,48.8,0.0,22,1,Jacobabad,Sindh,0
2023-04-26,28.2769,68.4514,45.7,29.6,24.7,51.5,0.0,24,1,Jacobabad,Sindh,0
2023-04-27,28.2769,68.4514,44.1,29.6,31.6,48.3,0.0,33,1,Jacobabad,Sindh,0
2023-04-27,31.4504,73.135,35.4,21.8,30.7,37.9,4.9,7,0,Faisalabad,Punjab,0
2023-05-01,31.5204,74.3587,38.8,33.4,29.2,39.1,2.8,4,0,Lahore,Punjab,0
2023-05-02,26.2442,68.41,50.5,35.7,25.5,53.2,0.0,24,1,Nawabshah,Sindh,7
2023-05-03,26.2442,68.41,49.2,33.9,31.7,52.8,0.0,40,1,Nawabshah,Sindh,0
2023-05-04,26.2442,68.41,48.4,34.2,35.5,51.4,0.0,41,1,Nawabshah,Sindh,0
2023-05-05,26.2442,68.41,46.6,32.5,30.9,48.9,0.0,38,1,Nawabshah,Sindh,0
2023-05-05,27.7052,68.8574,39.4,33.7,46.6,41.5,1.7,14,0,Sukkur,Sindh,0
2023-05-09,30.1575,71.5249,34.8,31.0,26.7,34.1,2.5,12,0,Multan,Punjab,0
2023-05-13,31.4504,73.135,31.9,31.7,35.6,33.6,2.1,12,0,Faisalabad,Punjab,0
2023-05-17,25.396,68.3578,39.7,32.3,45.8,41.4,2.8,5,0,Hyderabad,Sindh,0
2023-05-18,24.8607,67.0011,44.8,31.2,27.2,50.6,0.0,21,1,Karachi,Sindh,5
2023-05-19,24.8607,67.0011,43.9,35.9,35.1,49.2,0.0,32,1,Karachi,Sindh,0
2023-05-20,24.8607,67.0011,42.4,32.6,32.6,45.9,0.0,14,1,Karachi,Sindh,0
2023-05-21,24.8607,67.0011,40.6,30.2,42.0,43.0,3.2,13,0,Karachi,Sindh,0
2023-05-21,24.8607,67.0011,42.2,33.3,33.5,47.4,0.0,11,1,Karachi,Sindh,0
2023-05-22,24.8607,67.0011,40.9,31.8,28.5,46.0,0.0,10,1,Karachi,Sindh,0
2023-05-23,24.8607,67.0011,39.7,31.9,26.6,43.4,0.0,10,1,Karachi,Sindh,0
2023-05-24,24.8607,67.0011,39.1,34.0,35.5,44.5,0.0,40,1,Karachi,Sindh,0
2023-05-25,30.1798,66.975,32.1,25.1,19.9,32.7,2.7,2,0,Quetta,Balochistan,0
2023-05-25,24.8607,67.0011,37.8,33.3,36.7,42.8,0.0,41,1,Karachi,Sindh,0
2023-05-26,24.8607,67.0011,37.7,32.0,37.7,43.4,0.2,20,1,Karachi,Sindh,0
2023-05-28,30.1575,71.5249,47.9,33.6,24.2,53.8,0.0,19,1,Multan,Punjab,3
2023-05-29,31.5204,74.3587,32.4,30.9,32.7,32.9,2.8,10,0,Lahore,Punjab,0
2023-05-29,30.1575,71.5249,46.2,33.8,16.3,49.3,0.0,40,1,Multan,Punjab,0
2023-05-30,30.1575,71.5249,45.8,33.1,13.2,51.5,0.0,41,1,Multan,Punjab,0
2023-05-31,30.1575,71.5249,44.6,30.8,26.9,50.0,0.0,11,1,Multan,Punjab,0
2023-06-01,30.1575,71.5249,43.4,32.5,19.3,49.4,0.0,28,1,Multan,Punjab,0
2023-06-02,30.1575,71.5249,34.8,33.2,23.8,36.7,0.3,2,0,Multan,Punjab,0
2023-06-02,30.1575,71.5249,43.1,33.8,14.0,47.8,0.0,23,1,Multan,Punjab,0
2023-06-06,31.4504,73.135,40.9,35.8,35.7,40.3,3.6,13,0,Faisalabad,Punjab,0
2023-06-08,27.557,68.2247,49.1,32.5,34.8,51.6,0.0,28,1,Larkana,Sindh,6
2023-06-09,27.557,68.2247,48.0,36.3,35.5,53.7,0.0,24,1,Larkana,Sindh,0
2023-06-10,27.557,68.2247,46.6,33.0,28.4,48.8,0.0,34,1,Larkana,Sindh,0
2023-06-10,25.396,68.3578,37.3,36.4,46.4,39.4,4.9,5,0,Hyderabad,Sindh,0
2023-06-11,27.557,68.2247,45.7,35.2,22.9,49.0,0.0,17,1,Larkana,Sindh,0
2023-06-12,27.557,68.2247,44.9,32.8,27.1,47.0,0.0,10,1,Larkana,Sindh,0
2023-06-14,24.8607,67.0011,35.2,31.1,34.1,35.6,0.9,6,0,Karachi,Sindh,0
2023-06-18,30.1798,66.975,44.7,30.5,14.5,44.4,2.4,2,0,Quetta,Balochistan,0
2023-06-20,27.7052,68.8574,50.1,32.1,33.7,54.6,0.0,29,1,Sukkur,Sindh,9
2023-06-21,27.7052,68.8574,49.2,36.1,33.2,54.3,0.0,26,1,Sukkur,Sindh,0
2023-06-22,27.7052,68.8574,48.8,35.9,22.8,54.5,0.0,39,1,Sukkur,Sindh,0
2023-06-22,31.5204,74.3587,38.3,36.6,28.9,37.2,1.6,10,0,Lahore,Punjab,0
2023-06-23,27.7052,68.8574,47.4,32.7,33.6,52.2,0.0,33,1,Sukkur,Sindh,0
2023-06-24,27.7052,68.8574,46.3,35.2,31.9,49.5,0.0,35,1,Sukkur,Sindh,0
2023-06-26,27.7052,68.8574,34.7,34.9,45.3,35.5,0.6,13,0,Sukkur,Sindh,0
2023-06-30,30.1575,71.5249,34.6,33.5,32.8,36.2,2.7,9,0,Multan,Punjab,0
2023-07-02,25.396,68.3578,46.7,33.1,50.4,51.5,0.0,35,1,Hyderabad,Sindh,4
2023-07-03,25.396,68.3578,46.1,33.1,45.7,49.8,0.0,14,1,Hyderabad,Sindh,0
2023-07-04,30.1798,66.975,31.3,33.7,24.2,31.3,17.9,4,0,Quetta,Balochistan,0
2023-07-04,25.396,68.3578,45.6,31.0,42.4,48.8,0.0,20,1,Hyderabad,Sindh,0
2023-07-05,25.396,68.3578,44.0,34.9,38.5,46.8,0.0,23,1,Hyderabad,Sindh,0
2023-07-06,25.396,68.3578,42.9,33.8,42.8,46.5,0.0,18,1,Hyderabad,Sindh,0
2023-07-08,31.5204,74.3587,36.3,35.4,38.1,36.0,13.4,3,0,Lahore,Punjab,0
2023-07-12,27.7052,68.8574,35.2,28.0,54.8,33.5,20.7,3,0,Sukkur,Sindh,0
2023-07-15,30.0631,70.6339,45.2,35.4,41.8,48.3,0.0,11,1,DG Khan,Punjab,2
2023-07-16,30.1575,71.5249,38.7,30.1,52.6,36.8,12.9,4,0,Multan,Punjab,0
2023-07-16,30.0631,70.6339,45.1,34.9,42.8,50.8,0.0,38,1,DG Khan,Punjab,0
2023-07-17,30.0631,70.6339,44.1,35.5,29.3,48.5,0.0,20,1,DG Khan,Punjab,0
2023-07-18,30.0631,70.6339,42.6,34.2,42.5,45.7,0.0,32,1,DG Khan,Punjab,0
2023-07-19,30.0631,70.6339,42.3,32.9,27.1,46.7,0.0,20,1,DG Khan,Punjab,0
2023-07-20,30.0631,70.6339,41.1,31.6,35.1,46.7,0.0,43,1,DG Khan,Punjab,0
2023-07-20,31.4504,73.135,33.8,31.0,48.0,35.7,8.5,3,0,Faisalabad,Punjab,0
2023-07-21,30.0631,70.6339,39.9,32.9,37.6,44.4,0.0,34,1,DG Khan,Punjab,0
2023-07-22,30.0631,70.6339,39.5,34.5,36.0,41.5,0.0,23,1,DG Khan,Punjab,0
2023-07-23,30.0631,70.6339,38.4,34.0,36.6,43.5,0.0,11,1,DG Khan,Punjab,0
2023-07-24,25.396,68.3578,35.9,27.5,50.7,35.1,21.9,1,0,Hyderabad,Sindh,0
2023-07-28,31.5204,74.3587,44.3,32.9,41.3,49.6,0.0,24,1,Lahore,Punjab,1
2023-07-28,24.8607,67.0011,37.8,32.9,61.7,39.8,27.5,3,0,Karachi,Sindh,0
2023-07-29,31.5204,74.3587,42.8,34.1,31.2,48.2,0.0,28,1,Lahore,Punjab,0
2023-07-30,31.5204,74.3587,42.2,34.3,42.2,47.8,0.0,20,1,Lahore,Punjab,0
2023-07-31,31.5204,74.3587,41.0,35.7,28.8,44.1,0.0,32,1,Lahore,Punjab,0
2023-08-01,31.5204,74.3587,40.2,31.8,35.4,42.5,0.0,19,1,Lahore,Punjab,0
2023-08-01,31.5204,74.3587,33.3,28.3,45.3,34.3,24.0,0,0,Lahore,Punjab,0
2023-08-02,31.5204,74.3587,39.5,35.2,35.2,44.4,0.0,15,1,Lahore,Punjab,0
2023-08-03,31.5204,74.3587,38.3,31.1,34.0,41.9,0.0,39,1,Lahore,Punjab,0
2023-08-04,31.5204,74.3587,38.0,31.9,42.2,40.2,0.0,18,1,Lahore,Punjab,0
2023-08-05,31.5204,74.3587,36.9,34.1,39.0,40.2,0.0,30,1,Lahore,Punjab,0
2023-08-05,27.7052,68.8574,34.6,34.2,62.3,36.5,12.1,4,0,Sukkur,Sindh,0
2023-08-09,30.1575,71.5249,32.6,31.1,51.9,33.5,17.2,2,0,Multan,Punjab,0
2023-08-13,31.4504,73.135,37.6,33.2,38.1,40.5,21.0,0,0,Faisalabad,Punjab,0
2023-08-17,25.396,68.3578,35.1,28.7,47.1,35.0,19.9,2,0,Hyderabad,Sindh,0
2023-08-21,24.8607,67.0011,34.1,33.6,53.4,33.9,14.1,1,0,Karachi,Sindh,0
2023-08-25,30.1798,66.975,30.9,30.8,29.2,29.9,12.1,3,0,Quetta,Balochistan,0
2023-08-29,31.5204,74.3587,37.5,28.7,44.5,38.5,15.9,3,0,Lahore,Punjab,0
2023-09-02,30.1575,71.5249,35.3,30.0,42.2,35.8,9.3,0,0,Multan,Punjab,0
2023-09-06,31.4504,73.135,31.1,24.2,38.4,30.3,7.4,4,0,Faisalabad,Punjab,0
2023-09-10,25.396,68.3578,31.9,31.7,53.9,33.5,17.9,1,0,Hyderabad,Sindh,0
2023-09-14,24.8607,67.0011,33.4,26.6,50.1,32.9,23.0,2,0,Karachi,Sindh,0
2023-09-18,30.1798,66.975,31.1,20.6,30.7,31.6,22.6,2,0,Quetta,Balochistan,0
2023-09-22,31.5204,74.3587,30.1,30.2,39.3,31.9,10.8,3,0,Lahore,Punjab,0
2023-09-26,27.7052,68.8574,31.2,30.4,52.4,32.3,22.2,2,0,Sukkur,Sindh,0
2023-09-30,30.1575,71.5249,31.9,25.0,50.2,34.8,25.4,1,0,Multan,Punjab,0
2023-10-04,30.1798,66.975,26.3,17.8,36.6,25.7,1.9,7,0,Quetta,Balochistan,0
2023-10-08,31.5204,74.3587,32.6,19.6,40.2,33.0,0.3,13,0,Lahore,Punjab,0
2023-10-12,27.7052,68.8574,29.7,22.8,50.5,28.7,3.1,6,0,Sukkur,Sindh,0
2023-10-16,30.1575,71.5249,25.0,23.6,39.1,27.8,1.4,6,0,Multan,Punjab,0
2023-10-20,31.4504,73.135,27.4,20.6,51.0,28.7,3.1,6,0,Faisalabad,Punjab,0
2023-10-24,25.396,68.3578,31.9,26.9,53.4,31.5,2.7,11,0,Hyderabad,Sindh,0
2023-10-28,24.8607,67.0011,29.0,27.2,51.0,30.9,3.0,13,0,Karachi,Sindh,0
2023-11-01,31.5204,74.3587,25.7,18.7,38.7,25.9,4.6,8,0,Lahore,Punjab,0
2023-11-05,27.7052,68.8574,28.6,22.2,53.5,27.9,1.9,5,0,Sukkur,Sindh,0
2023-11-09,30.1575,71.5249,23.6,13.6,43.9,25.5,2.7,13,0,Multan,Punjab,0
2023-11-13,31.4504,73.135,21.2,11.1,52.4,24.1,0.8,14,0,Faisalabad,Punjab,0
2023-11-17,25.396,68.3578,22.5,24.2,49.6,21.3,2.6,5,0,Hyderabad,Sindh,0
2023-11-21,24.8607,67.0011,28.3,23.0,47.5,28.6,4.5,13,0,Karachi,Sindh,0
2023-11-25,30.1798,66.975,18.2,12.5,30.2,21.2,2.3,13,0,Quetta,Balochistan,0
2023-11-29,31.5204,74.3587,21.0,13.0,41.4,20.5,2.1,8,0,Lahore,Punjab,0
2023-12-03,25.396,68.3578,21.7,18.7,49.9,19.7,1.1,13,0,Hyderabad,Sindh,0
2023-12-07,24.8607,67.0011,24.6,20.0,61.6,25.2,0.5,5,0,Karachi,Sindh,0
2023-12-11,30.1798,66.975,13.7,4.0,32.9,13.2,1.8,13,0,Quetta,Balochistan,0
2023-12-15,31.5204,74.3587,19.6,9.3,44.6,20.5,2.0,14,0,Lahore,Punjab,0
2023-12-19,27.7052,68.8574,20.4,16.8,59.4,19.5,0.7,12,0,Sukkur,Sindh,0
2023-12-23,30.1575,71.5249,17.0,10.7,43.0,18.2,4.8,3,0,Multan,Punjab,0
2023-12-27,31.4504,73.135,20.6,14.6,37.5,22.3,1.1,14,0,Faisalabad,Punjab,0
2023-12-31,25.396,68.3578,18.3,13.4,61.0,18.1,2.3,13,0,Hyderabad,Sindh,0
2024-01-04,30.1798,66.975,11.9,4.7,31.5,13.8,1.1,13,0,Quetta,Balochistan,0
2024-01-08,31.5204,74.3587,11.9,7.2,49.8,12.6,2.6,11,0,Lahore,Punjab,0
2024-01-12,27.7052,68.8574,20.5,19.9,59.2,19.9,3.1,8,0,Sukkur,Sindh,0
2024-01-16,30.1575,71.5249,13.5,11.3,38.4,14.2,4.2,8,0,Multan,Punjab,0
2024-01-20,31.4504,73.135,18.8,12.3,52.2,17.4,0.8,2,0,Faisalabad,Punjab,0
2024-01-24,25.396,68.3578,23.2,18.0,51.8,23.6,4.0,3,0,Hyderabad,Sindh,0
2024-01-28,24.8607,67.0011,24.2,19.2,63.0,25.0,4.4,7,0,Karachi,Sindh,0
2024-02-01,31.5204,74.3587,20.0,13.9,41.4,22.3,4.9,6,0,Lahore,Punjab,0
2024-02-05,27.7052,68.8574,22.4,22.0,59.5,21.6,1.7,14,0,Sukkur,Sindh,0
2024-02-09,30.1575,71.5249,21.9,9.1,37.2,24.3,4.5,2,0,Multan,Punjab,0
2024-02-13,31.4504,73.135,18.8,16.2,48.7,18.3,2.4,4,0,Faisalabad,Punjab,0
2024-02-17,25.396,68.3578,24.6,22.5,50.8,23.7,3.0,11,0,Hyderabad,Sindh,0
2024-02-21,24.8607,67.0011,23.0,15.4,53.8,23.4,1.4,14,0,Karachi,Sindh,0
2024-02-25,30.1798,66.975,13.2,13.6,33.5,15.2,0.5,4,0,Quetta,Balochistan,0
2024-02-29,31.5204,74.3587,15.2,10.4,40.6,14.7,3.1,10,0,Lahore,Punjab,0
2024-03-04,30.1798,66.975,25.2,14.8,22.8,26.1,4.9,2,0,Quetta,Balochistan,0
2024-03-08,31.5204,74.3587,28.3,20.1,45.1,30.8,2.3,4,0,Lahore,Punjab,0
2024-03-12,27.7052,68.8574,30.3,24.1,58.5,31.2,4.7,13,0,Sukkur,Sindh,0
2024-03-16,30.1575,71.5249,20.3,16.3,45.6,22.2,1.4,12,0,Multan,Punjab,0
2024-03-20,31.4504,73.135,22.9,20.7,50.6,25.7,2.0,8,0,Faisalabad,Punjab,0
2024-03-24,25.396,68.3578,32.1,23.1,49.4,31.5,4.0,11,0,Hyderabad,Sindh,0
2024-03-28,24.8607,67.0011,25.1,24.4,59.6,25.2,2.8,13,0,Karachi,Sindh,0
2024-04-01,31.5204,74.3587,34.2,27.1,24.3,36.9,0.7,11,0,Lahore,Punjab,0
2024-04-05,29.5436,67.8772,50.9,25.2,11.7,54.1,0.3,35,1,Sibi,Balochistan,7
2024-04-05,27.7052,68.8574,32.9,32.8,38.1,31.2,0.4,11,0,Sukkur,Sindh,0
2024-04-06,29.5436,67.8772,50.0,22.6,10.0,52.4,0.0,15,1,Sibi,Balochistan,0
2024-04-07,29.5436,67.8772,48.5,21.5,10.0,53.9,0.8,23,1,Sibi,Balochistan,0
2024-04-08,29.5436,67.8772,48.0,22.4,10.0,50.0,0.0,39,1,Sibi,Balochistan,0
2024-04-09,29.5436,67.8772,47.0,24.0,10.0,50.9,0.0,11,1,Sibi,Balochistan,0
2024-04-09,30.1575,71.5249,28.3,22.4,26.0,29.5,4.1,8,0,Multan,Punjab,0
2024-04-13,31.4504,73.135,31.0,24.0,22.3,29.5,0.8,6,0,Faisalabad,Punjab,0
2024-04-17,25.396,68.3578,37.3,25.6,46.9,36.0,4.6,7,0,Hyderabad,Sindh,0
2024-04-18,28.2769,68.4514,52.4,29.3,27.3,54.6,0.0,19,1,Jacobabad,Sindh,11
2024-04-19,28.2769,68.4514,51.9,28.8,23.8,57.0,0.0,42,1,Jacobabad,Sindh,0
2024-04-20,28.2769,68.4514,50.6,31.3,24.6,52.7,0.0,30,1,Jacobabad,Sindh,0
2024-04-21,24.8607,67.0011,30.4,31.8,40.1,30.9,3.4,14,0,Karachi,Sindh,0
2024-04-25,30.1798,66.975,32.2,20.0,21.5,30.3,2.7,8,0,Quetta,Balochistan,0
2024-04-29,31.5204,74.3587,34.7,21.8,34.2,36.7,3.1,8,0,Lahore,Punjab,0
2024-05-01,26.2442,68.41,50.9,31.2,34.5,55.1,0.0,16,1,Nawabshah,Sindh,8
2024-05-02,26.2442,68.41,50.3,31.3,29.8,55.1,0.0,28,1,Nawabshah,Sindh,0
2024-05-03,26.2442,68.41,48.6,35.6,37.1,52.1,0.0,28,1,Nawabshah,Sindh,0
2024-05-03,25.396,68.3578,39.5,28.1,42.9,41.0,4.6,10,0,Hyderabad,Sindh,0
2024-05-04,26.2442,68.41,47.7,32.6,30.5,51.6,0.0,15,1,Nawabshah,Sindh,0
2024-05-05,26.2442,68.41,46.9,35.3,34.2,49.4,0.0,42,1,Nawabshah,Sindh,0
2024-05-06,26.2442,68.41,45.8,31.0,23.4,50.9,0.0,24,1,Nawabshah,Sindh,0
2024-05-07,26.2442,68.41,44.5,31.2,36.3,47.2,0.0,35,1,Nawabshah,Sindh,0
2024-05-07,24.8607,67.0011,40.5,28.8,37.1,39.9,0.7,6,0,Karachi,Sindh,0
2024-05-11,30.1798,66.975,39.2,28.0,18.4,40.6,0.1,4,0,Quetta,Balochistan,0
2024-05-15,24.8607,67.0011,45.8,35.2,33.8,49.6,0.0,18,1,Karachi,Sindh,6
2024-05-15,31.5204,74.3587,40.3,26.8,22.9,41.7,1.8,6,0,Lahore,Punjab,0
2024-05-16,24.8607,67.0011,44.5,34.7,36.5,49.7,0.0,20,1,Karachi,Sindh,0
2024-05-17,24.8607,67.0011,43.6,32.7,34.0,46.3,0.0,31,1,Karachi,Sindh,0
2024-05-18,24.8607,67.0011,43.3,34.8,25.9,46.9,0.0,17,1,Karachi,Sindh,0
2024-05-19,24.8607,67.0011,41.6,32.3,24.1,47.1,0.0,41,1,Karachi,Sindh,0
2024-05-19,27.7052,68.8574,35.9,30.7,38.8,35.2,3.3,3,0,Sukkur,Sindh,0
2024-05-20,24.8607,67.0011,40.7,32.2,35.5,43.6,0.0,39,1,Karachi,Sindh,0
2024-05-21,24.8607,67.0011,39.6,35.9,32.9,42.4,0.0,24,1,Karachi,Sindh,0
2024-05-22,24.8607,67.0011,38.9,33.3,29.7,43.7,0.0,17,1,Karachi,Sindh,0
2024-05-23,24.8607,67.0011,38.6,31.5,30.1,41.9,0.0,12,1,Karachi,Sindh,0
2024-05-23,30.1575,71.5249,33.2,27.0,31.9,35.4,3.5,8,0,Multan,Punjab,0
2024-05-27,31.4504,73.135,31.0,29.3,23.3,33.3,1.6,9,0,Faisalabad,Punjab,0
2024-05-28,30.1575,71.5249,48.1,31.0,18.6,51.5,0.0,25,1,Multan,Punjab,4
2024-05-29,30.1575,71.5249,47.0,32.8,24.7,52.8,0.0,31,1,Multan,Punjab,0
2024-05-30,30.1575,71.5249,45.8,33.4,23.6,50.1,0.0,24,1,Multan,Punjab,0
2024-05-31,30.1575,71.5249,44.7,34.0,24.1,48.1,0.0,25,1,Multan,Punjab,0
2024-05-31,25.396,68.3578,40.0,28.5,43.2,40.8,2.8,3,0,Hyderabad,Sindh,0
2024-06-01,30.1575,71.5249,43.9,32.8,18.9,49.4,0.0,30,1,Multan,Punjab,0
2024-06-02,30.1575,71.5249,43.4,31.4,15.6,46.7,0.0,11,1,Multan,Punjab,0
2024-06-04,30.1798,66.975,33.8,34.6,12.9,35.0,4.9,13,0,Quetta,Balochistan,0
2024-06-08,31.5204,74.3587,41.5,34.7,22.7,44.0,3.2,10,0,Lahore,Punjab,0
2024-06-10,27.557,68.2247,50.1,37.0,27.2,56.1,0.0,26,1,Larkana,Sindh,7
2024-06-11,27.557,68.2247,48.9,34.1,26.1,52.0,0.0,29,1,Larkana,Sindh,0
2024-06-12,27.557,68.2247,47.6,34.5,25.0,53.0,0.0,40,1,Larkana,Sindh,0
2024-06-12,27.7052,68.8574,37.5,29.5,43.3,38.9,2.6,4,0,Sukkur,Sindh,0
2024-06-13,27.557,68.2247,46.5,34.5,24.5,49.2,0.0,12,1,Larkana,Sindh,0
2024-06-14,27.557,68.2247,46.5,33.3,32.6,51.5,0.0,35,1,Larkana,Sindh,0
2024-06-15,27.557,68.2247,44.9,33.2,33.5,49.7,0.0,20,1,Larkana,Sindh,0
2024-06-16,27.557,68.2247,43.6,36.1,28.8,49.6,0.0,19,1,Larkana,Sindh,0
2024-06-16,30.1575,71.5249,36.3,36.7,37.7,38.4,2.5,2,0,Multan,Punjab,0
2024-06-20,31.4504,73.135,39.3,36.4,33.9,37.8,0.2,9,0,Faisalabad,Punjab,0
2024-06-22,27.7052,68.8574,51.6,32.6,22.2,56.9,0.0,44,1,Sukkur,Sindh,10
2024-06-23,27.7052,68.8574,50.5,34.1,31.9,54.6,0.0,15,1,Sukkur,Sindh,0
2024-06-24,27.7052,68.8574,49.4,34.8,35.8,51.5,0.0,30,1,Sukkur,Sindh,0
2024-06-24,25.396,68.3578,34.8,30.5,40.2,34.1,2.5,13,0,Hyderabad,Sindh,0
2024-06-25,27.7052,68.8574,48.1,32.8,33.4,50.9,0.0,25,1,Sukkur,Sindh,0
2024-06-26,27.7052,68.8574,47.1,32.0,29.3,52.4,0.0,41,1,Sukkur,Sindh,0
2024-06-27,27.7052,68.8574,46.4,35.0,24.2,50.9,0.0,29,1,Sukkur,Sindh,0
2024-06-28,24.8607,67.0011,39.1,36.4,41.0,41.8,4.3,13,0,Karachi,Sindh,0
2024-06-28,27.7052,68.8574,45.4,35.6,23.1,47.9,0.7,25,1,Sukkur,Sindh,0
2024-06-29,27.7052,68.8574,44.2,33.6,30.2,48.9,0.0,39,1,Sukkur,Sindh,0
2024-07-02,30.1575,71.5249,39.6,34.6,43.9,42.0,16.4,1,0,Multan,Punjab,0
2024-07-04,25.396,68.3578,47.1,32.2,52.7,51.2,0.0,34,1,Hyderabad,Sindh,5
2024-07-05,25.396,68.3578,46.9,31.1,42.9,51.2,0.0,26,1,Hyderabad,Sindh,0
2024-07-06,25.396,68.3578,45.5,31.7,37.8,48.6,0.0,17,1,Hyderabad,Sindh,0
2024-07-06,31.4504,73.135,33.9,34.0,42.5,35.1,21.8,2,0,Faisalabad,Punjab,0
2024-07-10,25.396,68.3578,35.6,31.7,51.9,38.5,20.7,3,0,Hyderabad,Sindh,0
2024-07-14,24.8607,67.0011,37.7,34.0,47.7,40.2,12.0,2,0,Karachi,Sindh,0
2024-07-16,30.0631,70.6339,46.3,34.8,40.8,51.6,0.0,27,1,DG Khan,Punjab,3
2024-07-17,30.0631,70.6339,44.7,31.0,40.3,49.8,0.0,37,1,DG Khan,Punjab,0
2024-07-18,30.0631,70.6339,44.0,32.3,31.0,47.3,0.0,23,1,DG Khan,Punjab,0
2024-07-18,30.1798,66.975,36.7,30.6,31.2,37.7,4.0,2,0,Quetta,Balochistan,0
2024-07-22,31.5204,74.3587,38.3,28.4,44.6,37.9,19.5,2,0,Lahore,Punjab,0
2024-07-26,27.7052,68.8574,37.5,34.0,54.7,39.8,17.4,2,0,Sukkur,Sindh,0
2024-07-30,30.1575,71.5249,38.7,30.9,39.6,39.7,10.2,0,0,Multan,Punjab,0
2024-07-30,31.5204,74.3587,44.5,31.1,27.1,46.6,0.0,42,1,Lahore,Punjab,1
2024-07-31,31.5204,74.3587,42.9,31.2,39.9,46.6,0.0,23,1,Lahore,Punjab,0
2024-08-01,31.5204,74.3587,42.1,34.8,39.7,44.5,0.4,27,1,Lahore,Punjab,0
2024-08-02,31.5204,74.3587,41.5,31.1,41.9,45.4,0.0,34,1,Lahore,Punjab,0
2024-08-03,31.5204,74.3587,40.9,33.8,27.7,43.9,0.0,26,1,Lahore,Punjab,0
2024-08-03,25.396,68.3578,36.8,31.2,48.1,35.0,6.7,2,0,Hyderabad,Sindh,0
2024-08-04,31.5204,74.3587,39.9,31.6,27.5,44.1,0.4,23,1,Lahore,Punjab,0
2024-08-07,24.8607,67.0011,33.2,29.1,52.7,33.5,25.9,2,0,Karachi,Sindh,0
2024-08-11,30.1798,66.975,30.5,26.1,31.1,28.9,17.2,0,0,Quetta,Balochistan,0
2024-08-15,31.5204,74.3587,34.2,34.3,39.5,34.3,9.0,0,0,Lahore,Punjab,0
2024-08-19,27.7052,68.8574,32.6,34.9,47.1,34.5,9.2,3,0,Sukkur,Sindh,0
2024-08-23,30.1575,71.5249,34.4,28.7,37.8,33.9,18.3,2,0,Multan,Punjab,0
2024-08-27,31.4504,73.135,36.5,31.2,50.9,37.6,11.8,4,0,Faisalabad,Punjab,0
2024-08-31,25.396,68.3578,36.7,28.8,61.8,39.4,12.5,0,0,Hyderabad,Sindh,0
2024-09-04,30.1798,66.975,29.9,20.5,37.2,31.2,12.9,1,0,Quetta,Balochistan,0
2024-09-08,31.5204,74.3587,29.5,29.2,46.8,28.8,23.7,4,0,Lahore,Punjab,0
2024-09-12,27.7052,68.8574,30.8,31.1,54.6,29.4,23.8,3,0,Sukkur,Sindh,0
2024-09-16,30.1575,71.5249,35.8,24.5,38.6,33.9,10.3,3,0,Multan,Punjab,0
2024-09-20,31.4504,73.135,32.9,24.1,39.8,33.1,8.0,0,0,Faisalabad,Punjab,0
2024-09-24,25.396,68.3578,32.0,28.8,56.3,31.3,9.4,3,0,Hyderabad,Sindh,0
2024-09-28,24.8607,67.0011,30.3,31.9,57.8,28.9,24.0,0,0,Karachi,Sindh,0
2024-10-02,30.1575,71.5249,26.2,23.5,49.2,26.8,3.9,3,0,Multan,Punjab,0
2024-10-06,31.4504,73.135,32.6,25.1,43.5,30.7,1.6,10,0,Faisalabad,Punjab,0
2024-10-10,25.396,68.3578,30.4,26.6,57.0,30.1,2.9,13,0,Hyderabad,Sindh,0
2024-10-14,24.8607,67.0011,31.0,25.2,59.3,29.2,1.8,9,0,Karachi,Sindh,0
2024-10-18,30.1798,66.975,29.4,18.5,27.6,27.9,0.7,12,0,Quetta,Balochistan,0
2024-10-22,31.5204,74.3587,32.5,21.7,42.4,34.1,2.6,11,0,Lahore,Punjab,0
2024-10-26,27.7052,68.8574,27.0,24.7,51.7,26.9,3.8,2,0,Sukkur,Sindh,0
2024-10-30,30.1575,71.5249,29.9,20.9,43.7,31.1,4.8,4,0,Multan,Punjab,0
2024-11-03,25.396,68.3578,24.2,20.3,58.7,23.6,1.2,10,0,Hyderabad,Sindh,0
2024-11-07,24.8607,67.0011,26.6,22.0,58.1,25.6,4.8,14,0,Karachi,Sindh,0
2024-11-11,30.1798,66.975,17.8,9.0,30.2,17.5,0.2,7,0,Quetta,Balochistan,0
2024-11-15,31.5204,74.3587,21.9,15.5,46.1,24.2,2.6,11,0,Lahore,Punjab,0
2024-11-19,27.7052,68.8574,23.0,22.6,52.2,25.9,1.9,9,0,Sukkur,Sindh,0
2024-11-23,30.1575,71.5249,24.4,18.9,44.7,25.3,0.6,12,0,Multan,Punjab,0
2024-11-27,31.4504,73.135,17.6,17.0,37.1,17.1,3.9,4,0,Faisalabad,Punjab,0
2024-12-01,31.5204,74.3587,15.2,14.7,45.3,13.4,1.4,9,0,Lahore,Punjab,0
2024-12-05,27.7052,68.8574,24.6,20.6,54.2,26.4,1.4,2,0,Sukkur,Sindh,0
2024-12-09,30.1575,71.5249,16.5,14.6,40.0,15.1,2.3,4,0,Multan,Punjab,0
2024-12-13,31.4504,73.135,20.2,11.0,44.5,19.4,1.1,7,0,Faisalabad,Punjab,0
2024-12-17,25.396,68.3578,24.6,21.0,57.1,22.8,1.3,5,0,Hyderabad,Sindh,0
2024-12-21,24.8607,67.0011,21.8,13.1,58.8,21.9,3.6,8,0,Karachi,Sindh,0
2024-12-25,30.1798,66.975,10.8,8.1,22.3,13.3,1.4,7,0,Quetta,Balochistan,0
2024-12-29,31.5204,74.3587,13.4,9.6,43.2,11.9,2.3,4,0,Lahore,Punjab,0
2025-01-02,30.1575,71.5249,16.2,13.7,47.6,16.1,1.5,4,0,Multan,Punjab,0
2025-01-06,31.4504,73.135,18.2,10.9,44.4,20.9,3.7,13,0,Faisalabad,Punjab,0
2025-01-10,25.396,68.3578,24.1,13.7,56.4,23.8,2.4,3,0,Hyderabad,Sindh,0
2025-01-14,24.8607,67.0011,18.5,15.4,47.8,19.0,3.9,12,0,Karachi,Sindh,0
2025-01-18,30.1798,66.975,14.4,3.5,31.9,15.3,2.3,10,0,Quetta,Balochistan,0
2025-01-22,31.5204,74.3587,15.8,13.2,49.7,15.9,1.1,7,0,Lahore,Punjab,0
2025-01-26,27.7052,68.8574,23.8,16.0,61.4,22.3,0.3,4,0,Sukkur,Sindh,0
2025-01-30,30.1575,71.5249,12.4,11.3,42.5,11.3,0.2,13,0,Multan,Punjab,0
2025-02-03,25.396,68.3578,20.9,16.1,51.7,23.3,2.2,4,0,Hyderabad,Sindh,0
2025-02-07,24.8607,67.0011,21.7,19.7,61.9,22.2,0.9,14,0,Karachi,Sindh,0
2025-02-11,30.1798,66.975,21.1,7.4,29.6,21.7,2.0,13,0,Quetta,Balochistan,0
2025-02-15,31.5204,74.3587,15.4,10.6,41.8,14.8,2.3,4,0,Lahore,Punjab,0
2025-02-19,27.7052,68.8574,24.6,21.2,48.2,25.4,3.7,14,0,Sukkur,Sindh,0
2025-02-23,30.1575,71.5249,19.1,16.2,50.2,17.6,1.1,12,0,Multan,Punjab,0
2025-02-27,31.4504,73.135,16.3,10.4,50.4,18.1,3.9,12,0,Faisalabad,Punjab,0
2025-03-03,25.396,68.3578,32.8,21.8,61.0,35.0,0.3,14,0,Hyderabad,Sindh,0
2025-03-07,24.8607,67.0011,28.4,20.6,57.2,30.1,0.7,10,0,Karachi,Sindh,0
2025-03-11,30.1798,66.975,25.5,13.1,25.2,28.2,3.4,2,0,Quetta,Balochistan,0
2025-03-15,31.5204,74.3587,23.3,16.7,43.4,23.7,0.7,2,0,Lahore,Punjab,0
2025-03-19,27.7052,68.8574,30.2,25.7,59.7,28.6,1.3,4,0,Sukkur,Sindh,0
2025-03-23,30.1575,71.5249,25.1,18.3,51.3,23.8,0.4,4,0,Multan,Punjab,0
2025-03-27,31.4504,73.135,21.3,18.0,48.0,24.1,4.9,6,0,Faisalabad,Punjab,0
2025-03-31,25.396,68.3578,29.1,21.3,62.9,30.4,0.1,7,0,Hyderabad,Sindh,0
2025-04-04,30.1798,66.975,31.8,24.4,10.0,30.8,3.0,9,0,Quetta,Balochistan,0
2025-04-08,29.5436,67.8772,52.3,22.2,10.0,55.5,0.0,29,1,Sibi,Balochistan,8
2025-04-08,31.5204,74.3587,32.4,26.9,33.4,33.0,5.0,14,0,Lahore,Punjab,0
2025-04-09,29.5436,67.8772,51.3,25.7,10.0,56.1,0.0,38,1,Sibi,Balochistan,0
2025-04-10,29.5436,67.8772,49.4,25.4,12.0,53.1,0.0,40,1,Sibi,Balochistan,0
2025-04-11,29.5436,67.8772,49.3,21.2,13.0,54.5,0.0,18,1,Sibi,Balochistan,0
2025-04-12,27.7052,68.8574,34.2,28.2,42.9,32.3,1.4,6,0,Sukkur,Sindh,0
2025-04-12,29.5436,67.8772,48.1,22.3,10.0,53.5,0.0,40,1,Sibi,Balochistan,0
2025-04-16,30.1575,71.5249,30.1,28.7,27.3,30.1,2.2,10,0,Multan,Punjab,0
2025-04-20,31.4504,73.135,30.7,25.3,26.8,31.0,4.5,5,0,Faisalabad,Punjab,0
2025-04-22,28.2769,68.4514,53.1,29.9,24.3,59.0,0.0,33,1,Jacobabad,Sindh,13
2025-04-23,28.2769,68.4514,52.6,30.3,22.1,54.8,0.0,44,1,Jacobabad,Sindh,0
2025-04-24,25.396,68.3578,35.6,28.3,34.5,37.3,3.8,3,0,Hyderabad,Sindh,0
2025-04-24,28.2769,68.4514,51.4,31.7,22.8,54.0,0.0,10,1,Jacobabad,Sindh,0
2025-04-25,28.2769,68.4514,50.3,32.3,30.1,56.1,0.0,24,1,Jacobabad,Sindh,0
2025-04-26,28.2769,68.4514,49.2,28.4,26.9,52.5,0.0,27,1,Jacobabad,Sindh,0
2025-04-27,28.2769,68.4514,48.4,32.6,32.8,53.3,0.0,43,1,Jacobabad,Sindh,0
2025-04-28,28.2769,68.4514,47.1,30.1,35.2,50.7,0.0,42,1,Jacobabad,Sindh,0
2025-04-28,24.8607,67.0011,31.7,31.6,46.1,33.0,1.7,10,0,Karachi,Sindh,0
2025-04-29,28.2769,68.4514,46.3,30.0,30.9,49.8,0.0,17,1,Jacobabad,Sindh,0
2025-04-30,28.2769,68.4514,44.7,30.6,29.4,47.3,0.0,17,1,Jacobabad,Sindh,0
2025-05-02,30.1575,71.5249,33.8,27.9,22.1,35.6,3.5,11,0,Multan,Punjab,0
2025-05-05,26.2442,68.41,51.6,32.3,24.9,56.7,0.0,40,1,Nawabshah,Sindh,10
2025-05-06,26.2442,68.41,50.7,35.3,31.8,55.0,0.0,21,1,Nawabshah,Sindh,0
2025-05-06,31.4504,73.135,40.6,27.4,32.2,40.7,0.4,2,0,Faisalabad,Punjab,0
2025-05-07,26.2442,68.41,50.0,33.5,34.5,54.0,0.0,43,1,Nawabshah,Sindh,0
2025-05-08,26.2442,68.41,48.9,35.6,27.4,51.2,0.0,17,1,Nawabshah,Sindh,0
2025-05-09,26.2442,68.41,47.8,33.7,31.0,51.9,0.0,37,1,Nawabshah,Sindh,0
2025-05-10,25.396,68.3578,37.8,30.6,35.0,36.4,4.8,12,0,Hyderabad,Sindh,0
2025-05-10,26.2442,68.41,46.9,33.8,23.4,49.8,0.0,27,1,Nawabshah,Sindh,0
2025-05-14,24.8607,67.0011,40.8,35.4,45.3,41.7,4.2,13,0,Karachi,Sindh,0
2025-05-18,30.1798,66.975,34.4,26.9,20.2,34.6,3.4,13,0,Quetta,Balochistan,0
2025-05-18,24.8607,67.0011,46.2,34.5,35.7,48.6,0.0,44,1,Karachi,Sindh,7
2025-05-19,24.8607,67.0011,44.7,34.7,28.8,47.4,0.0,15,1,Karachi,Sindh,0
2025-05-20,24.8607,67.0011,44.1,33.3,25.4,48.3,0.0,26,1,Karachi,Sindh,0
2025-05-21,24.8607,67.0011,43.1,32.6,29.9,48.5,0.0,33,1,Karachi,Sindh,0
2025-05-22,24.8607,67.0011,41.9,35.1,35.1,44.0,0.0,20,1,Karachi,Sindh,0
2025-05-22,31.5204,74.3587,38.5,31.7,35.0,38.3,0.5,2,0,Lahore,Punjab,0
2025-05-23,24.8607,67.0011,41.1,31.3,32.0,47.0,0.0,34,1,Karachi,Sindh,0
2025-05-24,24.8607,67.0011,40.1,31.3,35.6,45.5,0.0,14,1,Karachi,Sindh,0
2025-05-25,24.8607,67.0011,39.9,31.9,22.3,44.3,0.0,29,1,Karachi,Sindh,0
2025-05-26,24.8607,67.0011,38.3,35.8,29.2,43.9,0.0,26,1,Karachi,Sindh,0
2025-05-26,27.7052,68.8574,42.2,31.3,42.0,42.6,3.8,8,0,Sukkur,Sindh,0
2025-05-30,30.1575,71.5249,49.5,30.3,17.8,52.5,0.0,12,1,Multan,Punjab,5
2025-05-30,30.1575,71.5249,35.8,30.2,28.1,38.1,2.2,2,0,Multan,Punjab,0
2025-05-31,30.1575,71.5249,48.5,31.8,15.3,52.0,0.0,21,1,Multan,Punjab,0
2025-06-01,30.1575,71.5249,46.6,31.4,14.4,48.9,0.0,44,1,Multan,Punjab,0
2025-06-02,30.1575,71.5249,45.8,31.7,15.4,49.8,0.0,27,1,Multan,Punjab,0
2025-06-03,30.1575,71.5249,45.1,31.6,27.1,47.7,0.0,27,1,Multan,Punjab,0
2025-06-03,25.396,68.3578,39.3,32.9,41.7,41.7,4.3,5,0,Hyderabad,Sindh,0
2025-06-04,30.1575,71.5249,44.2,32.0,17.5,47.5,0.0,21,1,Multan,Punjab,0
2025-06-05,30.1575,71.5249,43.6,31.1,18.0,49.0,0.0,35,1,Multan,Punjab,0
2025-06-06,30.1575,71.5249,41.8,32.5,22.9,44.0,0.0,25,1,Multan,Punjab,0
2025-06-07,30.1575,71.5249,41.2,30.4,20.2,45.9,0.0,40,1,Multan,Punjab,0
2025-06-07,24.8607,67.0011,40.6,31.5,32.6,42.1,0.5,13,0,Karachi,Sindh,0
2025-06-11,30.1798,66.975,33.6,32.5,10.0,35.5,2.2,4,0,Quetta,Balochistan,0
2025-06-12,27.557,68.2247,51.4,33.1,29.1,56.2,0.0,17,1,Larkana,Sindh,8
2025-06-13,27.557,68.2247,50.4,35.2,24.3,55.2,0.0,18,1,Larkana,Sindh,0
2025-06-14,27.557,68.2247,49.4,36.6,30.9,51.8,0.0,41,1,Larkana,Sindh,0
2025-06-15,31.5204,74.3587,37.8,31.7,35.5,40.6,3.4,2,0,Lahore,Punjab,0
2025-06-15,27.557,68.2247,48.0,35.9,26.5,50.4,0.0,23,1,Larkana,Sindh,0
2025-06-16,27.557,68.2247,46.7,33.9,23.7,49.1,0.0,35,1,Larkana,Sindh,0
2025-06-17,27.557,68.2247,46.0,36.2,26.3,48.1,0.0,25,1,Larkana,Sindh,0
2025-06-18,27.557,68.2247,44.6,34.0,34.4,49.1,0.0,24,1,Larkana,Sindh,0
2025-06-19,27.557,68.2247,43.9,35.4,25.8,47.3,0.0,25,1,Larkana,Sindh,0
2025-06-19,27.7052,68.8574,40.9,33.8,44.3,42.4,0.9,12,0,Sukkur,Sindh,0
2025-06-23,30.1575,71.5249,34.5,32.2,34.1,37.3,1.1,3,0,Multan,Punjab,0
2025-06-25,27.7052,68.8574,52.8,35.9,36.8,55.6,0.0,25,1,Sukkur,Sindh,12
2025-06-26,27.7052,68.8574,51.6,35.1,33.9,56.7,0.0,14,1,Sukkur,Sindh,0
2025-06-27,27.7052,68.8574,50.6,36.0,22.9,55.3,0.0,26,1,Sukkur,Sindh,0
2025-06-27,31.4504,73.135,34.9,31.7,35.3,35.2,4.2,9,0,Faisalabad,Punjab,0
2025-06-28,27.7052,68.8574,49.4,35.7,28.3,52.2,0.0,24,1,Sukkur,Sindh,0
2025-06-29,27.7052,68.8574,48.5,33.5,26.9,54.0,0.0,36,1,Sukkur,Sindh,0
2025-06-30,27.7052,68.8574,46.8,34.1,37.2,50.9,0.0,31,1,Sukkur,Sindh,0
2025-07-01,27.7052,68.8574,46.6,34.0,31.7,51.4,0.0,19,1,Sukkur,Sindh,0
2025-07-01,31.5204,74.3587,34.2,32.9,49.6,36.1,17.5,2,0,Lahore,Punjab,0
2025-07-05,27.7052,68.8574,36.8,28.2,54.6,37.3,20.4,2,0,Sukkur,Sindh,0
2025-07-08,25.396,68.3578,48.3,33.0,52.2,52.4,0.0,17,1,Hyderabad,Sindh,6
2025-07-09,30.1575,71.5249,38.4,30.0,47.0,39.2,20.3,2,0,Multan,Punjab,0
2025-07-09,25.396,68.3578,47.1,31.3,52.9,51.2,0.0,16,1,Hyderabad,Sindh,0
2025-07-10,25.396,68.3578,46.1,34.0,51.0,51.7,0.0,33,1,Hyderabad,Sindh,0
2025-07-11,25.396,68.3578,45.2,31.1,37.9,48.5,0.0,32,1,Hyderabad,Sindh,0
2025-07-12,25.396,68.3578,44.9,34.2,41.3,50.3,0.0,12,1,Hyderabad,Sindh,0
2025-07-13,31.4504,73.135,33.7,30.6,45.1,33.4,14.8,2,0,Faisalabad,Punjab,0
2025-07-13,25.396,68.3578,44.1,34.5,48.4,47.3,0.0,12,1,Hyderabad,Sindh,0
2025-07-14,25.396,68.3578,42.8,32.8,48.7,48.5,0.0,36,1,Hyderabad,Sindh,0
2025-07-15,25.396,68.3578,41.7,31.7,41.3,44.2,0.0,20,1,Hyderabad,Sindh,0
2025-07-17,25.396,68.3578,33.7,33.4,58.2,32.2,26.2,0,0,Hyderabad,Sindh,0
2025-07-20,30.0631,70.6339,46.7,35.5,42.8,52.2,0.0,36,1,DG Khan,Punjab,3
2025-07-21,30.0631,70.6339,45.7,33.0,41.5,48.7,0.0,40,1,DG Khan,Punjab,0
2025-07-21,24.8607,67.0011,32.5,33.3,48.0,31.4,12.1,4,0,Karachi,Sindh,0
2025-07-22,30.0631,70.6339,44.6,35.7,34.2,48.9,0.0,22,1,DG Khan,Punjab,0
2025-07-23,30.0631,70.6339,43.9,33.9,32.3,47.1,0.0,25,1,DG Khan,Punjab,0
2025-07-24,30.0631,70.6339,43.6,32.5,36.9,47.5,0.0,14,1,DG Khan,Punjab,0
2025-07-25,30.0631,70.6339,42.4,32.6,35.3,47.8,0.0,17,1,DG Khan,Punjab,0
2025-07-25,30.1798,66.975,34.0,30.0,36.9,33.6,13.7,1,0,Quetta,Balochistan,0
2025-07-26,30.0631,70.6339,40.9,31.7,40.0,43.6,0.0,14,1,DG Khan,Punjab,0
2025-07-27,30.0631,70.6339,40.2,33.2,39.7,42.6,0.5,41,1,DG Khan,Punjab,0
2025-07-28,30.0631,70.6339,39.6,35.5,39.4,42.2,0.0,19,1,DG Khan,Punjab,0
2025-07-29,31.5204,74.3587,39.1,35.8,45.1,41.6,13.0,2,0,Lahore,Punjab,0
2025-08-02,30.1575,71.5249,38.6,28.5,50.4,39.0,24.6,3,0,Multan,Punjab,0
2025-08-02,31.5204,74.3587,44.9,33.0,35.6,50.7,0.0,26,1,Lahore,Punjab,2
2025-08-03,31.5204,74.3587,43.6,33.8,30.6,47.7,0.0,10,1,Lahore,Punjab,0
2025-08-04,31.5204,74.3587,43.2,34.1,36.8,47.4,0.0,16,1,Lahore,Punjab,0
2025-08-05,31.5204,74.3587,42.7,31.8,40.9,46.0,0.0,23,1,Lahore,Punjab,0
2025-08-06,31.5204,74.3587,41.6,31.8,36.2,43.9,0.0,35,1,Lahore,Punjab,0
2025-08-06,31.4504,73.135,33.4,28.8,40.0,35.4,10.8,1,0,Faisalabad,Punjab,0
2025-08-07,31.5204,74.3587,40.3,31.8,38.4,44.7,0.0,42,1,Lahore,Punjab,0
2025-08-08,31.5204,74.3587,40.0,31.7,40.1,44.8,0.5,17,1,Lahore,Punjab,0
2025-08-10,25.396,68.3578,34.5,29.8,49.0,35.3,28.4,4,0,Hyderabad,Sindh,0
2025-08-14,24.8607,67.0011,36.1,27.3,49.0,38.7,2.1,0,0,Karachi,Sindh,0
2025-08-18,30.1798,66.975,35.8,26.5,23.9,35.8,6.1,2,0,Quetta,Balochistan,0
2025-08-22,31.5204,74.3587,38.1,31.1,41.5,38.3,29.1,0,0,Lahore,Punjab,0
2025-08-26,27.7052,68.8574,35.4,33.1,47.4,34.8,19.9,1,0,Sukkur,Sindh,0
2025-08-30,30.1575,71.5249,36.0,28.0,51.0,36.6,28.4,2,0,Multan,Punjab,0
2025-09-03,25.396,68.3578,32.8,28.0,55.8,34.0,21.9,4,0,Hyderabad,Sindh,0
2025-09-07,24.8607,67.0011,33.0,27.7,53.3,33.7,29.3,0,0,Karachi,Sindh,0
2025-09-11,30.1798,66.975,34.6,25.1,35.1,37.1,23.5,0,0,Quetta,Balochistan,0
2025-09-15,31.5204,74.3587,36.2,28.3,52.8,38.1,9.1,2,0,Lahore,Punjab,0
2025-09-19,27.7052,68.8574,32.2,29.6,52.0,34.4,22.4,2,0,Sukkur,Sindh,0
2025-09-23,30.1575,71.5249,34.4,25.3,43.1,33.3,23.1,2,0,Multan,Punjab,0
2025-09-27,31.4504,73.135,30.6,30.5,51.6,29.0,11.3,0,0,Faisalabad,Punjab,0
2025-10-01,31.5204,74.3587,31.9,25.5,39.9,34.7,3.1,10,0,Lahore,Punjab,0
2025-10-05,27.7052,68.8574,27.6,29.3,58.9,27.8,2.2,8,0,Sukkur,Sindh,0
2025-10-09,30.1575,71.5249,29.2,22.1,40.4,31.0,2.9,8,0,Multan,Punjab,0
2025-10-13,31.4504,73.135,25.5,25.8,49.5,27.4,0.3,7,0,Faisalabad,Punjab,0
2025-10-17,25.396,68.3578,27.3,28.3,62.5,28.5,3.7,9,0,Hyderabad,Sindh,0
2025-10-21,24.8607,67.0011,30.4,28.1,47.3,32.0,1.8,10,0,Karachi,Sindh,0
2025-10-25,30.1798,66.975,26.0,20.3,28.5,26.0,3.6,3,0,Quetta,Balochistan,0
2025-10-29,31.5204,74.3587,26.7,24.7,45.1,26.1,1.1,9,0,Lahore,Punjab,0
2025-11-02,30.1575,71.5249,17.8,12.2,43.6,17.9,1.8,6,0,Multan,Punjab,0
2025-11-06,31.4504,73.135,16.9,14.1,45.7,17.0,4.9,4,0,Faisalabad,Punjab,0
2025-11-10,25.396,68.3578,23.4,21.2,52.3,25.0,3.6,9,0,Hyderabad,Sindh,0
2025-11-14,24.8607,67.0011,25.0,24.9,50.9,27.5,1.7,4,0,Karachi,Sindh,0
2025-11-18,30.1798,66.975,18.0,15.8,31.7,16.4,3.1,3,0,Quetta,Balochistan,0
2025-11-22,31.5204,74.3587,23.3,11.7,38.9,22.9,0.1,7,0,Lahore,Punjab,0
2025-11-26,27.7052,68.8574,27.6,18.8,59.5,30.4,3.2,10,0,Sukkur,Sindh,0
2025-11-30,30.1575,71.5249,22.9,12.0,43.2,24.8,3.1,14,0,Multan,Punjab,0
2025-12-04,30.1798,66.975,17.5,9.9,23.6,16.0,3.2,2,0,Quetta,Balochistan,0
2025-12-08,31.5204,74.3587,13.8,9.3,47.0,11.9,4.8,13,0,Lahore,Punjab,0
2025-12-12,27.7052,68.8574,21.0,16.6,54.3,21.7,2.5,14,0,Sukkur,Sindh,0
2025-12-16,30.1575,71.5249,18.1,8.6,52.3,19.2,3.1,12,0,Multan,Punjab,0
2025-12-20,31.4504,73.135,13.6,14.9,39.5,14.2,1.0,14,0,Faisalabad,Punjab,0
2025-12-24,25.396,68.3578,21.6,14.9,57.2,24.2,4.0,9,0,Hyderabad,Sindh,0
2025-12-28,24.8607,67.0011,23.3,18.9,52.3,24.9,2.0,8,0,Karachi,Sindh,0
