date,latitude,longitude,rainfall_mm,river_level_m,flood_occurred,city,province,flood_cause,people_affected,deaths
2020-01-01,31.5204,74.3587,0.0,1.11,0,Lahore,Punjab,None,0,0
2020-01-04,30.1575,71.5249,0.0,0.57,0,Multan,Punjab,None,0,0
2020-01-07,24.8607,67.0011,0.0,0.9,0,Karachi,Sindh,None,0,0
2020-01-10,30.1798,66.975,4.7,0.53,0,Quetta,Balochistan,None,0,0
2020-01-13,35.9221,74.3082,0.0,1.22,0,Gilgit,GB,None,0,0
2020-01-16,34.0151,71.5249,0.0,1.7,0,Peshawar,KPK,None,0,0
2020-01-19,27.7052,68.8574,0.0,1.68,0,Sukkur,Sindh,None,0,0
2020-01-22,31.5204,74.3587,0.0,1.16,0,Lahore,Punjab,None,0,0
2020-01-25,30.1575,71.5249,0.0,1.4,0,Multan,Punjab,None,0,0
2020-01-28,24.8607,67.0011,9.4,0.98,0,Karachi,Sindh,None,0,0
2020-01-31,30.1798,66.975,1.2,1.56,0,Quetta,Balochistan,None,0,0
2020-02-03,30.1798,66.975,1.3,1.6,0,Quetta,Balochistan,None,0,0
2020-02-06,35.9221,74.3082,0.0,0.9,0,Gilgit,GB,None,0,0
2020-02-09,34.0151,71.5249,0.0,1.5,0,Peshawar,KPK,None,0,0
2020-02-12,27.7052,68.8574,0.0,0.9,0,Sukkur,Sindh,None,0,0
2020-02-15,31.5204,74.3587,5.4,0.82,0,Lahore,Punjab,None,0,0
2020-02-18,30.1575,71.5249,0.0,0.98,0,Multan,Punjab,None,0,0
2020-02-21,24.8607,67.0011,0.0,0.51,0,Karachi,Sindh,None,0,0
2020-02-24,30.1798,66.975,0.0,0.93,0,Quetta,Balochistan,None,0,0
2020-02-27,35.9221,74.3082,0.0,1.17,0,Gilgit,GB,None,0,0
2020-03-01,31.5204,74.3587,0.0,1.3,0,Lahore,Punjab,None,0,0
2020-03-04,30.1575,71.5249,1.9,0.52,0,Multan,Punjab,None,0,0
2020-03-04,34.0151,71.5249,155.6,6.19,1,Peshawar,KPK,Flash Flood,4836,66
2020-03-05,34.0151,71.5249,141.3,6.67,1,Peshawar,KPK,Flash Flood,4836,0
2020-03-06,34.0151,71.5249,95.3,5.42,1,Peshawar,KPK,Flash Flood,4836,0
2020-03-07,24.8607,67.0011,0.0,1.8,0,Karachi,Sindh,None,0,0
2020-03-07,34.0151,71.5249,87.5,5.52,1,Peshawar,KPK,Flash Flood,4836,0
2020-03-08,34.0151,71.5249,52.4,5.7,1,Peshawar,KPK,Flash Flood,4836,0
2020-03-09,34.0151,71.5249,40.1,5.45,1,Peshawar,KPK,Flash Flood,4836,0
2020-03-10,34.0151,71.5249,89.8,4.08,1,Peshawar,KPK,Flash Flood,4836,0
2020-03-10,30.1798,66.975,0.0,0.4,0,Quetta,Balochistan,None,0,0
2020-03-13,35.9221,74.3082,0.0,1.65,0,Gilgit,GB,None,0,0
2020-03-16,34.0151,71.5249,0.0,0.35,0,Peshawar,KPK,None,0,0
2020-03-19,27.7052,68.8574,0.0,0.4,0,Sukkur,Sindh,None,0,0
2020-03-22,31.5204,74.3587,0.0,1.09,0,Lahore,Punjab,None,0,0
2020-03-25,30.1575,71.5249,0.0,1.14,0,Multan,Punjab,None,0,0
2020-03-28,24.8607,67.0011,0.0,1.59,0,Karachi,Sindh,None,0,0
2020-03-31,30.1798,66.975,0.0,0.71,0,Quetta,Balochistan,None,0,0
2020-03-31,34.0151,71.5249,15.5,3.81,1,Peshawar,KPK,Heavy Rain,179,24
2020-04-01,34.0151,71.5249,23.6,3.86,1,Peshawar,KPK,Heavy Rain,179,0
2020-04-02,34.0151,71.5249,15.7,3.98,1,Peshawar,KPK,Heavy Rain,179,0
2020-04-03,34.0151,71.5249,10.8,3.22,1,Peshawar,KPK,Heavy Rain,179,0
2020-04-03,30.1798,66.975,0.0,0.34,0,Quetta,Balochistan,None,0,0
2020-04-04,34.0151,71.5249,14.3,3.29,1,Peshawar,KPK,Heavy Rain,179,0
2020-04-05,34.0151,71.5249,20.2,2.7,1,Peshawar,KPK,Heavy Rain,179,0
2020-04-06,34.0151,71.5249,13.2,3.07,1,Peshawar,KPK,Heavy Rain,179,0
2020-04-06,35.9221,74.3082,0.0,1.29,0,Gilgit,GB,None,0,0
2020-04-07,34.0151,71.5249,5.0,2.87,1,Peshawar,KPK,Heavy Rain,179,0
2020-04-08,34.0151,71.5249,5.4,2.0,1,Peshawar,KPK,Heavy Rain,179,0
2020-04-09,34.0151,71.5249,11.5,2.82,1,Peshawar,KPK,Heavy Rain,179,0
2020-04-09,34.0151,71.5249,0.0,0.65,0,Peshawar,KPK,None,0,0
2020-04-10,34.0151,71.5249,10.3,1.91,1,Peshawar,KPK,Heavy Rain,179,0
2020-04-11,34.0151,71.5249,3.9,2.29,1,Peshawar,KPK,Heavy Rain,179,0
2020-04-12,27.7052,68.8574,0.0,0.46,0,Sukkur,Sindh,None,0,0
2020-04-15,31.5204,74.3587,0.0,1.28,0,Lahore,Punjab,None,0,0
2020-04-18,30.1575,71.5249,0.0,0.66,0,Multan,Punjab,None,0,0
2020-04-21,24.8607,67.0011,0.0,1.55,0,Karachi,Sindh,None,0,0
2020-04-24,30.1798,66.975,0.0,0.61,0,Quetta,Balochistan,None,0,0
2020-04-27,35.9221,74.3082,0.0,0.32,0,Gilgit,GB,None,0,0
2020-04-30,34.0151,71.5249,0.0,0.34,0,Peshawar,KPK,None,0,0
2020-05-03,30.1798,66.975,0.0,0.93,0,Quetta,Balochistan,None,0,0
2020-05-06,35.9221,74.3082,0.0,0.81,0,Gilgit,GB,None,0,0
2020-05-09,34.0151,71.5249,0.0,1.19,0,Peshawar,KPK,None,0,0
2020-05-12,27.7052,68.8574,0.0,0.91,0,Sukkur,Sindh,None,0,0
2020-05-15,31.5204,74.3587,0.0,0.74,0,Lahore,Punjab,None,0,0
2020-05-18,30.1575,71.5249,0.0,0.51,0,Multan,Punjab,None,0,0
2020-05-21,24.8607,67.0011,0.0,1.64,0,Karachi,Sindh,None,0,0
2020-05-24,30.1798,66.975,0.0,0.33,0,Quetta,Balochistan,None,0,0
2020-05-27,35.9221,74.3082,0.0,1.25,0,Gilgit,GB,None,0,0
2020-05-30,34.0151,71.5249,0.0,1.55,0,Peshawar,KPK,None,0,0
2020-06-01,35.2227,72.4258,74.6,3.87,1,Swat,KPK,Flash Flood,5000,7
2020-06-02,35.2227,72.4258,59.0,4.46,1,Swat,KPK,Flash Flood,5000,0
2020-06-02,34.0151,71.5249,0.0,0.56,0,Peshawar,KPK,None,0,0
2020-06-03,35.2227,72.4258,76.5,3.78,1,Swat,KPK,Flash Flood,5000,0
2020-06-04,35.2227,72.4258,74.0,3.33,1,Swat,KPK,Flash Flood,5000,0
2020-06-05,27.7052,68.8574,0.0,1.67,0,Sukkur,Sindh,None,0,0
2020-06-05,35.2227,72.4258,85.4,2.59,1,Swat,KPK,Flash Flood,5000,0
2020-06-06,35.2227,72.4258,105.8,3.32,1,Swat,KPK,Flash Flood,5000,0
2020-06-07,35.2227,72.4258,89.8,3.26,1,Swat,KPK,Flash Flood,5000,0
2020-06-08,35.2227,72.4258,57.9,3.07,1,Swat,KPK,Flash Flood,5000,0
2020-06-08,31.5204,74.3587,0.0,0.71,0,Lahore,Punjab,None,0,0
2020-06-09,35.2227,72.4258,25.4,1.96,1,Swat,KPK,Flash Flood,5000,0
2020-06-10,35.2227,72.4258,19.6,1.94,1,Swat,KPK,Flash Flood,5000,0
2020-06-11,30.1575,71.5249,0.0,1.54,0,Multan,Punjab,None,0,0
2020-06-11,35.2227,72.4258,32.0,1.71,1,Swat,KPK,Flash Flood,5000,0
2020-06-12,35.2227,72.4258,47.8,1.79,1,Swat,KPK,Flash Flood,5000,0
2020-06-14,24.8607,67.0011,0.0,0.51,0,Karachi,Sindh,None,0,0
2020-06-17,30.1798,66.975,0.0,1.2,0,Quetta,Balochistan,None,0,0
2020-06-20,35.9221,74.3082,0.0,0.56,0,Gilgit,GB,None,0,0
2020-06-23,34.0151,71.5249,0.0,0.87,0,Peshawar,KPK,None,0,0
2020-06-26,27.7052,68.8574,0.0,0.55,0,Sukkur,Sindh,None,0,0
2020-06-29,31.5204,74.3587,0.0,1.2,0,Lahore,Punjab,None,0,0
2020-07-02,34.0151,71.5249,0.0,0.73,0,Peshawar,KPK,None,0,0
2020-07-05,27.7052,68.8574,0.0,0.75,0,Sukkur,Sindh,None,0,0
2020-07-08,31.5204,74.3587,0.0,1.3,0,Lahore,Punjab,None,0,0
2020-07-11,30.1575,71.5249,0.0,0.62,0,Multan,Punjab,None,0,0
2020-07-14,24.8607,67.0011,0.0,1.19,0,Karachi,Sindh,None,0,0
2020-07-17,30.1798,66.975,0.0,1.2,0,Quetta,Balochistan,None,0,0
2020-07-20,35.9221,74.3082,0.0,0.46,0,Gilgit,GB,None,0,0
2020-07-23,34.0151,71.5249,0.0,1.04,0,Peshawar,KPK,None,0,0
2020-07-26,27.7052,68.8574,0.0,0.67,0,Sukkur,Sindh,None,0,0
2020-07-29,31.5204,74.3587,0.0,1.34,0,Lahore,Punjab,None,0,0
2020-08-01,31.5204,74.3587,0.0,0.84,0,Lahore,Punjab,None,0,0
2020-08-01,25.396,68.3578,223.0,8.55,1,Hyderabad,Sindh,Monsoon,500000,150
2020-08-01,27.7052,68.8574,196.6,8.24,1,Sukkur,Sindh,Monsoon,400000,100
2020-08-02,25.396,68.3578,149.1,7.91,1,Hyderabad,Sindh,Monsoon,500000,0
2020-08-02,27.7052,68.8574,224.3,9.04,1,Sukkur,Sindh,Monsoon,400000,0
2020-08-03,25.396,68.3578,90.0,7.96,1,Hyderabad,Sindh,Monsoon,500000,0
2020-08-03,27.7052,68.8574,179.8,8.59,1,Sukkur,Sindh,Monsoon,400000,0
2020-08-04,25.396,68.3578,137.9,7.3,1,Hyderabad,Sindh,Monsoon,500000,0
2020-08-04,30.1575,71.5249,1.0,0.51,0,Multan,Punjab,None,0,0
2020-08-05,25.396,68.3578,72.6,6.72,1,Hyderabad,Sindh,Monsoon,500000,0
2020-08-05,24.8607,67.0011,8.1,7.57,1,Karachi,Sindh,Urban Flood,200000,90
2020-08-06,25.396,68.3578,146.0,7.19,1,Hyderabad,Sindh,Monsoon,500000,0
2020-08-06,24.8607,67.0011,9.9,6.8,1,Karachi,Sindh,Urban Flood,200000,0
2020-08-07,24.8607,67.0011,12.0,7.06,1,Karachi,Sindh,Urban Flood,200000,0
2020-08-07,25.396,68.3578,115.9,6.89,1,Hyderabad,Sindh,Monsoon,500000,0
2020-08-07,24.8607,67.0011,0.0,0.58,0,Karachi,Sindh,None,0,0
2020-08-08,25.396,68.3578,101.9,6.39,1,Hyderabad,Sindh,Monsoon,500000,0
2020-08-08,24.8607,67.0011,18.8,6.24,1,Karachi,Sindh,Urban Flood,200000,0
2020-08-09,25.396,68.3578,97.4,5.34,1,Hyderabad,Sindh,Monsoon,500000,0
2020-08-09,24.8607,67.0011,22.6,5.37,1,Karachi,Sindh,Urban Flood,200000,0
2020-08-10,30.1798,66.975,0.0,1.4,0,Quetta,Balochistan,None,0,0
2020-08-10,25.396,68.3578,36.8,4.81,1,Hyderabad,Sindh,Monsoon,500000,0
2020-08-10,30.1798,66.975,111.4,6.57,1,Quetta,Balochistan,Flash Flood,150000,60
2020-08-10,24.8607,67.0011,17.9,5.48,1,Karachi,Sindh,Urban Flood,200000,0
2020-08-11,30.1798,66.975,196.7,7.48,1,Quetta,Balochistan,Flash Flood,150000,0
2020-08-11,25.396,68.3578,70.5,4.67,1,Hyderabad,Sindh,Monsoon,500000,0
2020-08-11,24.8607,67.0011,7.4,5.54,1,Karachi,Sindh,Urban Flood,200000,0
2020-08-12,25.396,68.3578,66.0,4.28,1,Hyderabad,Sindh,Monsoon,500000,0
2020-08-12,30.1798,66.975,139.7,7.19,1,Quetta,Balochistan,Flash Flood,150000,0
2020-08-13,30.1798,66.975,147.1,5.63,1,Quetta,Balochistan,Flash Flood,150000,0
2020-08-13,35.9221,74.3082,0.0,1.34,0,Gilgit,GB,None,0,0
2020-08-14,30.1798,66.975,141.3,5.86,1,Quetta,Balochistan,Flash Flood,150000,0
2020-08-15,30.0631,70.6339,202.4,6.5,1,DG Khan,Punjab,Monsoon,300000,40
2020-08-15,30.1798,66.975,116.5,6.03,1,Quetta,Balochistan,Flash Flood,150000,0
2020-08-16,34.0151,71.5249,0.0,1.03,0,Peshawar,KPK,None,0,0
2020-08-16,30.1798,66.975,60.3,4.53,1,Quetta,Balochistan,Flash Flood,150000,0
2020-08-16,30.0631,70.6339,134.0,6.75,1,DG Khan,Punjab,Monsoon,300000,0
2020-08-17,30.0631,70.6339,92.1,6.81,1,DG Khan,Punjab,Monsoon,300000,0
2020-08-18,30.0631,70.6339,130.0,6.7,1,DG Khan,Punjab,Monsoon,300000,0
2020-08-19,27.7052,68.8574,2.3,1.72,0,Sukkur,Sindh,None,0,0
2020-08-19,30.0631,70.6339,88.2,5.59,1,DG Khan,Punjab,Monsoon,300000,0
2020-08-20,30.0631,70.6339,66.2,5.21,1,DG Khan,Punjab,Monsoon,300000,0
2020-08-21,30.0631,70.6339,96.3,5.12,1,DG Khan,Punjab,Monsoon,300000,0
2020-08-22,30.0631,70.6339,39.8,4.56,1,DG Khan,Punjab,Monsoon,300000,0
2020-08-22,31.5204,74.3587,0.0,1.69,0,Lahore,Punjab,None,0,0
2020-08-23,30.0631,70.6339,45.1,4.73,1,DG Khan,Punjab,Monsoon,300000,0
2020-08-25,30.1575,71.5249,0.0,1.67,0,Multan,Punjab,None,0,0
2020-08-28,24.8607,67.0011,0.0,0.75,0,Karachi,Sindh,None,0,0
2020-08-31,30.1798,66.975,9.3,1.72,0,Quetta,Balochistan,None,0,0
2020-09-01,27.557,68.2247,163.0,5.07,1,Larkana,Sindh,Monsoon,100000,20
2020-09-02,27.557,68.2247,102.3,5.43,1,Larkana,Sindh,Monsoon,100000,0
2020-09-03,30.1798,66.975,0.0,1.57,0,Quetta,Balochistan,None,0,0
2020-09-03,27.557,68.2247,170.1,4.14,1,Larkana,Sindh,Monsoon,100000,0
2020-09-06,35.9221,74.3082,0.0,0.36,0,Gilgit,GB,None,0,0
2020-09-09,34.0151,71.5249,0.0,0.48,0,Peshawar,KPK,None,0,0
2020-09-12,27.7052,68.8574,0.0,0.81,0,Sukkur,Sindh,None,0,0
2020-09-15,31.5204,74.3587,0.0,0.77,0,Lahore,Punjab,None,0,0
2020-09-18,30.1575,71.5249,0.0,0.78,0,Multan,Punjab,None,0,0
2020-09-21,24.8607,67.0011,0.0,1.22,0,Karachi,Sindh,None,0,0
2020-09-24,30.1798,66.975,0.0,1.61,0,Quetta,Balochistan,None,0,0
2020-09-27,35.9221,74.3082,0.0,1.09,0,Gilgit,GB,None,0,0
2020-09-30,34.0151,71.5249,0.0,1.8,0,Peshawar,KPK,None,0,0
2020-10-03,30.1798,66.975,0.0,0.9,0,Quetta,Balochistan,None,0,0
2020-10-06,35.9221,74.3082,0.0,1.61,0,Gilgit,GB,None,0,0
2020-10-09,34.0151,71.5249,0.0,0.93,0,Peshawar,KPK,None,0,0
2020-10-12,27.7052,68.8574,0.0,0.66,0,Sukkur,Sindh,None,0,0
2020-10-15,31.5204,74.3587,0.0,0.73,0,Lahore,Punjab,None,0,0
2020-10-18,30.1575,71.5249,0.0,0.36,0,Multan,Punjab,None,0,0
2020-10-21,24.8607,67.0011,0.3,0.94,0,Karachi,Sindh,None,0,0
2020-10-24,30.1798,66.975,0.0,0.63,0,Quetta,Balochistan,None,0,0
2020-10-27,35.9221,74.3082,0.0,0.43,0,Gilgit,GB,None,0,0
2020-10-30,34.0151,71.5249,0.0,1.72,0,Peshawar,KPK,None,0,0
2020-11-02,34.0151,71.5249,0.0,0.55,0,Peshawar,KPK,None,0,0
2020-11-05,27.7052,68.8574,0.0,1.71,0,Sukkur,Sindh,None,0,0
2020-11-08,31.5204,74.3587,0.0,1.07,0,Lahore,Punjab,None,0,0
2020-11-11,30.1575,71.5249,0.0,0.63,0,Multan,Punjab,None,0,0
2020-11-14,24.8607,67.0011,0.0,0.83,0,Karachi,Sindh,None,0,0
2020-11-17,30.1798,66.975,0.7,1.63,0,Quetta,Balochistan,None,0,0
2020-11-20,35.9221,74.3082,9.3,0.56,0,Gilgit,GB,None,0,0
2020-11-23,34.0151,71.5249,0.0,1.34,0,Peshawar,KPK,None,0,0
2020-11-26,27.7052,68.8574,0.0,0.64,0,Sukkur,Sindh,None,0,0
2020-11-29,31.5204,74.3587,0.0,1.19,0,Lahore,Punjab,None,0,0
2020-12-02,34.0151,71.5249,0.0,1.62,0,Peshawar,KPK,None,0,0
2020-12-05,27.7052,68.8574,0.0,1.63,0,Sukkur,Sindh,None,0,0
2020-12-08,31.5204,74.3587,0.0,1.51,0,Lahore,Punjab,None,0,0
2020-12-11,30.1575,71.5249,0.0,0.43,0,Multan,Punjab,None,0,0
2020-12-14,24.8607,67.0011,0.0,0.69,0,Karachi,Sindh,None,0,0
2020-12-17,30.1798,66.975,0.0,0.42,0,Quetta,Balochistan,None,0,0
2020-12-20,35.9221,74.3082,0.0,0.41,0,Gilgit,GB,None,0,0
2020-12-23,34.0151,71.5249,0.0,1.02,0,Peshawar,KPK,None,0,0
2020-12-26,27.7052,68.8574,0.0,0.82,0,Sukkur,Sindh,None,0,0
2020-12-29,31.5204,74.3587,0.0,0.7,0,Lahore,Punjab,None,0,0
2021-01-01,31.5204,74.3587,0.0,1.29,0,Lahore,Punjab,None,0,0
2021-01-04,30.1575,71.5249,0.0,1.36,0,Multan,Punjab,None,0,0
2021-01-07,24.8607,67.0011,0.0,1.32,0,Karachi,Sindh,None,0,0
2021-01-10,30.1798,66.975,0.0,0.54,0,Quetta,Balochistan,None,0,0
2021-01-13,35.9221,74.3082,0.0,0.34,0,Gilgit,GB,None,0,0
2021-01-16,34.0151,71.5249,0.0,0.8,0,Peshawar,KPK,None,0,0
2021-01-19,27.7052,68.8574,0.0,1.53,0,Sukkur,Sindh,None,0,0
2021-01-22,31.5204,74.3587,0.0,0.31,0,Lahore,Punjab,None,0,0
2021-01-25,30.1575,71.5249,0.0,1.77,0,Multan,Punjab,None,0,0
2021-01-28,24.8607,67.0011,0.0,1.25,0,Karachi,Sindh,None,0,0
2021-01-31,30.1798,66.975,0.0,0.46,0,Quetta,Balochistan,None,0,0
2021-02-03,30.1798,66.975,0.0,1.74,0,Quetta,Balochistan,None,0,0
2021-02-06,35.9221,74.3082,0.0,1.7,0,Gilgit,GB,None,0,0
2021-02-09,34.0151,71.5249,1.1,1.33,0,Peshawar,KPK,None,0,0
2021-02-12,27.7052,68.8574,0.0,1.36,0,Sukkur,Sindh,None,0,0
2021-02-15,31.5204,74.3587,0.0,0.82,0,Lahore,Punjab,None,0,0
2021-02-18,30.1575,71.5249,0.0,1.61,0,Multan,Punjab,None,0,0
2021-02-21,24.8607,67.0011,9.7,1.42,0,Karachi,Sindh,None,0,0
2021-02-24,30.1798,66.975,0.0,0.34,0,Quetta,Balochistan,None,0,0
2021-02-27,35.9221,74.3082,0.0,1.03,0,Gilgit,GB,None,0,0
2021-03-02,34.0151,71.5249,0.0,0.97,0,Peshawar,KPK,None,0,0
2021-03-05,27.7052,68.8574,2.8,0.94,0,Sukkur,Sindh,None,0,0
2021-03-08,31.5204,74.3587,0.0,1.49,0,Lahore,Punjab,None,0,0
2021-03-11,30.1575,71.5249,0.0,0.42,0,Multan,Punjab,None,0,0
2021-03-14,24.8607,67.0011,0.0,0.71,0,Karachi,Sindh,None,0,0
2021-03-17,30.1798,66.975,0.0,0.95,0,Quetta,Balochistan,None,0,0
2021-03-20,35.9221,74.3082,0.0,1.26,0,Gilgit,GB,None,0,0
2021-03-22,34.0151,71.5249,20.4,3.37,1,Peshawar,KPK,Heavy Rain,256,2
2021-03-23,34.0151,71.5249,0.0,1.78,0,Peshawar,KPK,None,0,0
2021-03-23,34.0151,71.5249,28.0,3.0,1,Peshawar,KPK,Heavy Rain,256,0
2021-03-24,34.0151,71.5249,19.7,2.89,1,Peshawar,KPK,Heavy Rain,256,0
2021-03-25,34.0151,71.5249,21.1,1.92,1,Peshawar,KPK,Heavy Rain,256,0
2021-03-26,27.7052,68.8574,0.0,0.64,0,Sukkur,Sindh,None,0,0
2021-03-26,34.0151,71.5249,14.3,2.07,1,Peshawar,KPK,Heavy Rain,256,0
2021-03-29,31.5204,74.3587,0.0,1.28,0,Lahore,Punjab,None,0,0
2021-04-01,31.5204,74.3587,0.0,1.01,0,Lahore,Punjab,None,0,0
2021-04-04,30.1575,71.5249,0.0,1.6,0,Multan,Punjab,None,0,0
2021-04-07,24.8607,67.0011,0.0,1.57,0,Karachi,Sindh,None,0,0
2021-04-10,30.1798,66.975,0.0,0.5,0,Quetta,Balochistan,None,0,0
2021-04-13,35.9221,74.3082,0.4,1.22,0,Gilgit,GB,None,0,0
2021-04-16,34.0151,71.5249,0.0,0.48,0,Peshawar,KPK,None,0,0
2021-04-19,27.7052,68.8574,0.0,0.95,0,Sukkur,Sindh,None,0,0
2021-04-22,31.5204,74.3587,0.0,0.4,0,Lahore,Punjab,None,0,0
2021-04-25,30.1575,71.5249,0.0,1.5,0,Multan,Punjab,None,0,0
2021-04-28,24.8607,67.0011,0.0,0.32,0,Karachi,Sindh,None,0,0
2021-05-01,31.5204,74.3587,0.0,1.02,0,Lahore,Punjab,None,0,0
2021-05-04,30.1575,71.5249,0.0,1.34,0,Multan,Punjab,None,0,0
2021-05-07,24.8607,67.0011,0.0,0.36,0,Karachi,Sindh,None,0,0
2021-05-10,30.1798,66.975,0.0,0.66,0,Quetta,Balochistan,None,0,0
2021-05-13,35.9221,74.3082,0.0,1.05,0,Gilgit,GB,None,0,0
2021-05-16,34.0151,71.5249,0.0,1.14,0,Peshawar,KPK,None,0,0
2021-05-19,27.7052,68.8574,0.0,1.08,0,Sukkur,Sindh,None,0,0
2021-05-22,31.5204,74.3587,0.0,0.35,0,Lahore,Punjab,None,0,0
2021-05-25,30.1575,71.5249,0.0,0.5,0,Multan,Punjab,None,0,0
2021-05-28,24.8607,67.0011,0.0,1.5,0,Karachi,Sindh,None,0,0
2021-05-31,30.1798,66.975,0.0,0.46,0,Quetta,Balochistan,None,0,0
2021-06-03,30.1798,66.975,0.0,0.35,0,Quetta,Balochistan,None,0,0
2021-06-06,35.9221,74.3082,0.0,1.11,0,Gilgit,GB,None,0,0
2021-06-09,34.0151,71.5249,0.0,1.37,0,Peshawar,KPK,None,0,0
2021-06-12,27.7052,68.8574,0.0,1.52,0,Sukkur,Sindh,None,0,0
2021-06-15,31.5204,74.3587,0.0,1.12,0,Lahore,Punjab,None,0,0
2021-06-18,30.1575,71.5249,0.0,1.27,0,Multan,Punjab,None,0,0
2021-06-21,24.8607,67.0011,0.0,0.42,0,Karachi,Sindh,None,0,0
2021-06-24,30.1798,66.975,0.0,0.54,0,Quetta,Balochistan,None,0,0
2021-06-27,35.9221,74.3082,0.0,1.76,0,Gilgit,GB,None,0,0
2021-06-30,34.0151,71.5249,0.0,1.48,0,Peshawar,KPK,None,0,0
2021-07-01,31.5204,74.3587,148.6,7.16,1,Lahore,Punjab,Monsoon,80000,50
2021-07-02,31.5204,74.3587,183.6,6.62,1,Lahore,Punjab,Monsoon,80000,0
2021-07-03,30.1798,66.975,0.0,1.13,0,Quetta,Balochistan,None,0,0
2021-07-03,31.5204,74.3587,80.1,6.81,1,Lahore,Punjab,Monsoon,80000,0
2021-07-04,31.5204,74.3587,106.1,5.33,1,Lahore,Punjab,Monsoon,80000,0
2021-07-05,31.5204,74.3587,58.3,5.66,1,Lahore,Punjab,Monsoon,80000,0
2021-07-06,35.9221,74.3082,0.0,1.79,0,Gilgit,GB,None,0,0
2021-07-06,31.5204,74.3587,124.9,4.45,1,Lahore,Punjab,Monsoon,80000,0
2021-07-09,34.0151,71.5249,0.0,0.6,0,Peshawar,KPK,None,0,0
2021-07-12,27.7052,68.8574,0.0,0.35,0,Sukkur,Sindh,None,0,0
2021-07-15,31.5204,74.3587,0.0,1.6,0,Lahore,Punjab,None,0,0
2021-07-15,24.8607,67.0011,37.7,3.77,1,Karachi,Sindh,Urban Flood,50000,30
2021-07-16,24.8607,67.0011,9.4,4.43,1,Karachi,Sindh,Urban Flood,50000,0
2021-07-17,24.8607,67.0011,18.3,3.63,1,Karachi,Sindh,Urban Flood,50000,0
2021-07-18,30.1575,71.5249,0.0,0.94,0,Multan,Punjab,None,0,0
2021-07-21,24.8607,67.0011,0.0,1.78,0,Karachi,Sindh,None,0,0
2021-07-24,30.1798,66.975,0.0,1.17,0,Quetta,Balochistan,None,0,0
2021-07-27,35.9221,74.3082,0.0,1.03,0,Gilgit,GB,None,0,0
2021-07-28,35.2227,72.4258,104.4,3.43,1,Swat,KPK,Flash Flood,97,5
2021-07-29,35.2227,72.4258,91.8,4.37,1,Swat,KPK,Flash Flood,97,0
2021-07-30,34.0151,71.5249,8.7,0.93,0,Peshawar,KPK,None,0,0
2021-07-30,35.2227,72.4258,207.0,2.94,1,Swat,KPK,Flash Flood,97,0
2021-07-31,35.2227,72.4258,155.6,3.72,1,Swat,KPK,Flash Flood,97,0
2021-08-01,34.1453,71.7306,237.4,7.29,1,Charsadda,KPK,Monsoon,120000,40
2021-08-01,35.2227,72.4258,125.5,3.05,1,Swat,KPK,Flash Flood,97,0
2021-08-02,34.0151,71.5249,0.0,1.67,0,Peshawar,KPK,None,0,0
2021-08-02,34.1453,71.7306,248.4,6.09,1,Charsadda,KPK,Monsoon,120000,0
2021-08-02,35.2227,72.4258,74.6,2.21,1,Swat,KPK,Flash Flood,97,0
2021-08-03,34.1453,71.7306,232.3,6.57,1,Charsadda,KPK,Monsoon,120000,0
2021-08-03,35.2227,72.4258,130.2,3.18,1,Swat,KPK,Flash Flood,97,0
2021-08-04,35.2227,72.4258,87.8,2.23,1,Swat,KPK,Flash Flood,97,0
2021-08-05,27.7052,68.8574,0.0,1.25,0,Sukkur,Sindh,None,0,0
2021-08-08,31.5204,74.3587,0.0,1.37,0,Lahore,Punjab,None,0,0
2021-08-10,30.1575,71.5249,109.0,6.5,1,Multan,Punjab,Monsoon,90000,25
2021-08-11,30.1575,71.5249,0.0,0.66,0,Multan,Punjab,None,0,0
2021-08-14,24.8607,67.0011,0.0,1.58,0,Karachi,Sindh,None,0,0
2021-08-17,30.1798,66.975,0.0,1.61,0,Quetta,Balochistan,None,0,0
2021-08-20,35.9221,74.3082,0.0,0.84,0,Gilgit,GB,None,0,0
2021-08-23,34.0151,71.5249,0.0,0.89,0,Peshawar,KPK,None,0,0
2021-08-26,27.7052,68.8574,0.0,1.29,0,Sukkur,Sindh,None,0,0
2021-08-29,31.5204,74.3587,0.0,0.5,0,Lahore,Punjab,None,0,0
2021-09-01,31.5204,74.3587,0.0,0.65,0,Lahore,Punjab,None,0,0
2021-09-01,30.1798,66.975,19.1,4.59,1,Quetta,Balochistan,Heavy Rain,70000,30
2021-09-02,30.1798,66.975,26.1,5.51,1,Quetta,Balochistan,Heavy Rain,70000,0
2021-09-03,30.1798,66.975,9.5,4.01,1,Quetta,Balochistan,Heavy Rain,70000,0
2021-09-04,30.1798,66.975,12.6,4.04,1,Quetta,Balochistan,Heavy Rain,70000,0
2021-09-04,30.1575,71.5249,0.0,1.08,0,Multan,Punjab,None,0,0
2021-09-07,24.8607,67.0011,0.0,0.95,0,Karachi,Sindh,None,0,0
2021-09-10,30.1798,66.975,0.0,1.36,0,Quetta,Balochistan,None,0,0
2021-09-11,35.2227,72.4258,121.1,4.87,1,Swat,KPK,Flash Flood,4,19
2021-09-12,35.2227,72.4258,113.7,3.89,1,Swat,KPK,Flash Flood,4,0
2021-09-13,35.2227,72.4258,185.9,4.28,1,Swat,KPK,Flash Flood,4,0
2021-09-13,35.9221,74.3082,0.0,0.36,0,Gilgit,GB,None,0,0
2021-09-14,35.2227,72.4258,183.2,4.05,1,Swat,KPK,Flash Flood,4,0
2021-09-15,35.2227,72.4258,127.2,2.91,1,Swat,KPK,Flash Flood,4,0
2021-09-16,34.0151,71.5249,0.0,1.01,0,Peshawar,KPK,None,0,0
2021-09-16,35.2227,72.4258,89.2,2.98,1,Swat,KPK,Flash Flood,4,0
2021-09-17,35.2227,72.4258,64.9,3.78,1,Swat,KPK,Flash Flood,4,0
2021-09-18,35.2227,72.4258,67.5,3.4,1,Swat,KPK,Flash Flood,4,0
2021-09-19,35.2227,72.4258,71.7,3.02,1,Swat,KPK,Flash Flood,4,0
2021-09-19,27.7052,68.8574,0.0,1.18,0,Sukkur,Sindh,None,0,0
2021-09-20,35.2227,72.4258,52.4,2.53,1,Swat,KPK,Flash Flood,4,0
2021-09-21,35.2227,72.4258,51.8,1.92,1,Swat,KPK,Flash Flood,4,0
2021-09-22,35.2227,72.4258,65.0,2.0,1,Swat,KPK,Flash Flood,4,0
2021-09-22,31.5204,74.3587,0.0,0.47,0,Lahore,Punjab,None,0,0
2021-09-23,35.2227,72.4258,24.8,2.37,1,Swat,KPK,Flash Flood,4,0
2021-09-25,30.1575,71.5249,0.0,1.1,0,Multan,Punjab,None,0,0
2021-09-28,24.8607,67.0011,0.0,0.48,0,Karachi,Sindh,None,0,0
2021-10-01,31.5204,74.3587,4.6,0.77,0,Lahore,Punjab,None,0,0
2021-10-04,30.1575,71.5249,0.0,0.52,0,Multan,Punjab,None,0,0
2021-10-07,24.8607,67.0011,9.9,0.31,0,Karachi,Sindh,None,0,0
2021-10-10,30.1798,66.975,0.0,1.6,0,Quetta,Balochistan,None,0,0
2021-10-13,35.9221,74.3082,0.0,1.03,0,Gilgit,GB,None,0,0
2021-10-16,34.0151,71.5249,0.0,0.34,0,Peshawar,KPK,None,0,0
2021-10-19,27.7052,68.8574,0.0,0.6,0,Sukkur,Sindh,None,0,0
2021-10-22,31.5204,74.3587,6.8,0.44,0,Lahore,Punjab,None,0,0
2021-10-25,30.1575,71.5249,0.0,1.6,0,Multan,Punjab,None,0,0
2021-10-28,24.8607,67.0011,0.0,1.56,0,Karachi,Sindh,None,0,0
2021-10-31,30.1798,66.975,0.0,1.05,0,Quetta,Balochistan,None,0,0
2021-11-03,30.1798,66.975,0.0,1.16,0,Quetta,Balochistan,None,0,0
2021-11-06,35.9221,74.3082,0.4,1.33,0,Gilgit,GB,None,0,0
2021-11-09,34.0151,71.5249,0.0,1.29,0,Peshawar,KPK,None,0,0
2021-11-12,27.7052,68.8574,0.0,0.46,0,Sukkur,Sindh,None,0,0
2021-11-15,31.5204,74.3587,6.6,0.37,0,Lahore,Punjab,None,0,0
2021-11-18,30.1575,71.5249,0.0,1.61,0,Multan,Punjab,None,0,0
2021-11-21,24.8607,67.0011,0.0,1.41,0,Karachi,Sindh,None,0,0
2021-11-24,30.1798,66.975,0.0,0.79,0,Quetta,Balochistan,None,0,0
2021-11-27,35.9221,74.3082,0.0,1.44,0,Gilgit,GB,None,0,0
2021-11-30,34.0151,71.5249,0.0,1.53,0,Peshawar,KPK,None,0,0
2021-12-03,30.1798,66.975,0.0,0.31,0,Quetta,Balochistan,None,0,0
2021-12-06,35.9221,74.3082,0.0,0.89,0,Gilgit,GB,None,0,0
2021-12-09,34.0151,71.5249,0.0,0.97,0,Peshawar,KPK,None,0,0
2021-12-12,27.7052,68.8574,0.0,0.64,0,Sukkur,Sindh,None,0,0
2021-12-15,31.5204,74.3587,0.0,1.3,0,Lahore,Punjab,None,0,0
2021-12-18,30.1575,71.5249,0.0,0.87,0,Multan,Punjab,None,0,0
2021-12-21,24.8607,67.0011,0.0,1.02,0,Karachi,Sindh,None,0,0
2021-12-24,30.1798,66.975,0.0,0.87,0,Quetta,Balochistan,None,0,0
2021-12-27,35.9221,74.3082,0.0,1.1,0,Gilgit,GB,None,0,0
2021-12-30,34.0151,71.5249,0.0,1.52,0,Peshawar,KPK,None,0,0
2022-01-02,34.0151,71.5249,7.2,0.33,0,Peshawar,KPK,None,0,0
2022-01-05,27.7052,68.8574,0.0,1.27,0,Sukkur,Sindh,None,0,0
2022-01-08,31.5204,74.3587,0.0,1.69,0,Lahore,Punjab,None,0,0
2022-01-11,30.1575,71.5249,0.7,0.83,0,Multan,Punjab,None,0,0
2022-01-14,24.8607,67.0011,0.0,0.69,0,Karachi,Sindh,None,0,0
2022-01-17,30.1798,66.975,0.0,1.5,0,Quetta,Balochistan,None,0,0
2022-01-20,35.9221,74.3082,0.0,1.22,0,Gilgit,GB,None,0,0
2022-01-23,34.0151,71.5249,0.0,0.92,0,Peshawar,KPK,None,0,0
2022-01-26,27.7052,68.8574,0.0,1.32,0,Sukkur,Sindh,None,0,0
2022-01-29,31.5204,74.3587,0.0,1.36,0,Lahore,Punjab,None,0,0
2022-02-01,31.5204,74.3587,0.0,0.68,0,Lahore,Punjab,None,0,0
2022-02-04,30.1575,71.5249,0.0,1.51,0,Multan,Punjab,None,0,0
2022-02-07,24.8607,67.0011,0.0,1.25,0,Karachi,Sindh,None,0,0
2022-02-10,30.1798,66.975,0.0,1.53,0,Quetta,Balochistan,None,0,0
2022-02-13,35.9221,74.3082,0.0,0.62,0,Gilgit,GB,None,0,0
2022-02-16,34.0151,71.5249,0.0,1.56,0,Peshawar,KPK,None,0,0
2022-02-19,27.7052,68.8574,0.0,0.66,0,Sukkur,Sindh,None,0,0
2022-02-22,31.5204,74.3587,0.0,1.53,0,Lahore,Punjab,None,0,0
2022-02-25,30.1575,71.5249,0.0,0.44,0,Multan,Punjab,None,0,0
2022-02-28,24.8607,67.0011,0.0,1.18,0,Karachi,Sindh,None,0,0
2022-03-03,30.1798,66.975,0.0,1.59,0,Quetta,Balochistan,None,0,0
2022-03-06,35.9221,74.3082,0.0,0.34,0,Gilgit,GB,None,0,0
2022-03-09,34.0151,71.5249,0.0,1.12,0,Peshawar,KPK,None,0,0
2022-03-12,27.7052,68.8574,0.0,1.19,0,Sukkur,Sindh,None,0,0
2022-03-15,31.5204,74.3587,5.0,0.5,0,Lahore,Punjab,None,0,0
2022-03-18,30.1575,71.5249,0.0,0.94,0,Multan,Punjab,None,0,0
2022-03-21,24.8607,67.0011,0.0,1.79,0,Karachi,Sindh,None,0,0
2022-03-24,30.1798,66.975,0.0,1.39,0,Quetta,Balochistan,None,0,0
2022-03-27,35.9221,74.3082,0.0,0.42,0,Gilgit,GB,None,0,0
2022-03-30,34.0151,71.5249,0.0,0.59,0,Peshawar,KPK,None,0,0
2022-04-02,34.0151,71.5249,0.0,0.83,0,Peshawar,KPK,None,0,0
2022-04-05,27.7052,68.8574,0.0,0.4,0,Sukkur,Sindh,None,0,0
2022-04-08,31.5204,74.3587,0.0,1.11,0,Lahore,Punjab,None,0,0
2022-04-11,30.1575,71.5249,0.0,1.1,0,Multan,Punjab,None,0,0
2022-04-14,24.8607,67.0011,0.0,1.3,0,Karachi,Sindh,None,0,0
2022-04-17,30.1798,66.975,0.0,1.14,0,Quetta,Balochistan,None,0,0
2022-04-20,35.9221,74.3082,0.0,0.39,0,Gilgit,GB,None,0,0
2022-04-23,34.0151,71.5249,5.7,0.56,0,Peshawar,KPK,None,0,0
2022-04-26,27.7052,68.8574,0.0,1.1,0,Sukkur,Sindh,None,0,0
2022-04-29,31.5204,74.3587,0.0,1.43,0,Lahore,Punjab,None,0,0
2022-05-02,34.0151,71.5249,0.0,1.49,0,Peshawar,KPK,None,0,0
2022-05-05,27.7052,68.8574,0.0,0.9,0,Sukkur,Sindh,None,0,0
2022-05-08,31.5204,74.3587,1.6,1.69,0,Lahore,Punjab,None,0,0
2022-05-11,30.1575,71.5249,0.0,1.08,0,Multan,Punjab,None,0,0
2022-05-14,24.8607,67.0011,0.0,1.43,0,Karachi,Sindh,None,0,0
2022-05-17,30.1798,66.975,0.0,1.47,0,Quetta,Balochistan,None,0,0
2022-05-20,35.9221,74.3082,0.0,0.75,0,Gilgit,GB,None,0,0
2022-05-23,34.0151,71.5249,0.0,0.43,0,Peshawar,KPK,None,0,0
2022-05-26,27.7052,68.8574,0.0,0.76,0,Sukkur,Sindh,None,0,0
2022-05-29,31.5204,74.3587,0.0,1.2,0,Lahore,Punjab,None,0,0
2022-06-01,31.5204,74.3587,5.2,1.05,0,Lahore,Punjab,None,0,0
2022-06-04,30.1575,71.5249,0.0,0.61,0,Multan,Punjab,None,0,0
2022-06-07,24.8607,67.0011,0.0,1.53,0,Karachi,Sindh,None,0,0
2022-06-10,30.1798,66.975,0.0,1.6,0,Quetta,Balochistan,None,0,0
2022-06-13,35.9221,74.3082,0.0,0.76,0,Gilgit,GB,None,0,0
2022-06-14,30.1798,66.975,119.6,8.94,1,Quetta,Balochistan,Monsoon,500000,200
2022-06-16,34.0151,71.5249,0.0,0.56,0,Peshawar,KPK,None,0,0
2022-06-19,27.7052,68.8574,0.0,1.76,0,Sukkur,Sindh,None,0,0
2022-06-22,31.5204,74.3587,0.0,0.5,0,Lahore,Punjab,None,0,0
2022-06-25,30.1575,71.5249,8.6,1.03,0,Multan,Punjab,None,0,0
2022-06-28,24.8607,67.0011,0.0,0.56,0,Karachi,Sindh,None,0,0
2022-07-01,27.812,66.627,211.4,8.24,1,Khuzdar,Balochistan,Flash Flood,300000,150
2022-07-01,31.5204,74.3587,0.0,0.52,0,Lahore,Punjab,None,0,0
2022-07-02,27.812,66.627,62.1,8.89,1,Khuzdar,Balochistan,Flash Flood,300000,0
2022-07-03,27.812,66.627,112.1,8.49,1,Khuzdar,Balochistan,Flash Flood,300000,0
2022-07-04,30.1575,71.5249,0.0,0.34,0,Multan,Punjab,None,0,0
2022-07-04,27.812,66.627,166.6,7.83,1,Khuzdar,Balochistan,Flash Flood,300000,0
2022-07-05,27.812,66.627,76.2,6.62,1,Khuzdar,Balochistan,Flash Flood,300000,0
2022-07-06,27.812,66.627,120.7,6.1,1,Khuzdar,Balochistan,Flash Flood,300000,0
2022-07-07,27.812,66.627,47.9,6.03,1,Khuzdar,Balochistan,Flash Flood,300000,0
2022-07-07,24.8607,67.0011,1.4,1.12,0,Karachi,Sindh,None,0,0
2022-07-08,27.812,66.627,94.5,5.78,1,Khuzdar,Balochistan,Flash Flood,300000,0
2022-07-09,27.812,66.627,56.2,4.61,1,Khuzdar,Balochistan,Flash Flood,300000,0
2022-07-10,30.1798,66.975,0.0,0.77,0,Quetta,Balochistan,None,0,0
2022-07-10,27.812,66.627,49.0,5.21,1,Khuzdar,Balochistan,Flash Flood,300000,0
2022-07-11,27.812,66.627,26.2,4.27,1,Khuzdar,Balochistan,Flash Flood,300000,0
2022-07-12,27.812,66.627,61.6,4.49,1,Khuzdar,Balochistan,Flash Flood,300000,0
2022-07-13,35.9221,74.3082,0.0,0.46,0,Gilgit,GB,None,0,0
2022-07-13,27.812,66.627,52.9,4.45,1,Khuzdar,Balochistan,Flash Flood,300000,0
2022-07-14,27.812,66.627,36.8,4.04,1,Khuzdar,Balochistan,Flash Flood,300000,0
2022-07-15,26.1541,66.1739,105.7,8.51,1,Lasbela,Balochistan,Monsoon,400000,180
2022-07-16,26.1541,66.1739,119.9,7.75,1,Lasbela,Balochistan,Monsoon,400000,0
2022-07-16,34.0151,71.5249,0.0,1.23,0,Peshawar,KPK,None,0,0
2022-07-17,26.1541,66.1739,44.3,8.33,1,Lasbela,Balochistan,Monsoon,400000,0
2022-07-18,26.1541,66.1739,58.4,6.92,1,Lasbela,Balochistan,Monsoon,400000,0
2022-07-19,26.1541,66.1739,69.9,6.48,1,Lasbela,Balochistan,Monsoon,400000,0
2022-07-19,27.7052,68.8574,0.0,0.39,0,Sukkur,Sindh,None,0,0
2022-07-20,26.1541,66.1739,99.3,6.04,1,Lasbela,Balochistan,Monsoon,400000,0
2022-07-21,26.1541,66.1739,65.6,6.22,1,Lasbela,Balochistan,Monsoon,400000,0
2022-07-22,31.5204,74.3587,0.0,0.39,0,Lahore,Punjab,None,0,0
2022-07-25,30.1575,71.5249,0.0,1.34,0,Multan,Punjab,None,0,0
2022-07-28,24.8607,67.0011,0.0,0.51,0,Karachi,Sindh,None,0,0
2022-07-31,30.1798,66.975,0.0,0.45,0,Quetta,Balochistan,None,0,0
2022-08-01,27.7052,68.8574,168.3,8.31,1,Sukkur,Sindh,Monsoon,5000000,300
2022-08-02,27.7052,68.8574,272.7,9.2,1,Sukkur,Sindh,Monsoon,5000000,0
2022-08-03,30.1798,66.975,0.0,1.06,0,Quetta,Balochistan,None,0,0
2022-08-03,27.7052,68.8574,229.0,7.65,1,Sukkur,Sindh,Monsoon,5000000,0
2022-08-04,27.7052,68.8574,84.8,7.32,1,Sukkur,Sindh,Monsoon,5000000,0
2022-08-05,27.7052,68.8574,142.3,6.92,1,Sukkur,Sindh,Monsoon,5000000,0
2022-08-06,27.7052,68.8574,159.8,6.4,1,Sukkur,Sindh,Monsoon,5000000,0
2022-08-06,35.9221,74.3082,0.0,1.22,0,Gilgit,GB,None,0,0
2022-08-09,34.0151,71.5249,0.0,1.09,0,Peshawar,KPK,None,0,0
2022-08-10,27.557,68.2247,226.1,8.17,1,Larkana,Sindh,Monsoon,4000000,250
2022-08-11,27.557,68.2247,105.0,8.61,1,Larkana,Sindh,Monsoon,4000000,0
2022-08-12,27.557,68.2247,176.4,8.34,1,Larkana,Sindh,Monsoon,4000000,0
2022-08-12,27.7052,68.8574,0.0,1.63,0,Sukkur,Sindh,None,0,0
2022-08-13,27.557,68.2247,187.2,8.46,1,Larkana,Sindh,Monsoon,4000000,0
2022-08-14,27.557,68.2247,139.5,6.92,1,Larkana,Sindh,Monsoon,4000000,0
2022-08-15,31.5204,74.3587,0.0,0.85,0,Lahore,Punjab,None,0,0
2022-08-15,27.557,68.2247,155.9,6.4,1,Larkana,Sindh,Monsoon,4000000,0
2022-08-15,25.396,68.3578,287.2,9.28,1,Hyderabad,Sindh,Monsoon,3000000,200
2022-08-16,27.557,68.2247,98.8,5.71,1,Larkana,Sindh,Monsoon,4000000,0
2022-08-16,25.396,68.3578,188.9,8.84,1,Hyderabad,Sindh,Monsoon,3000000,0
2022-08-17,25.396,68.3578,159.1,8.51,1,Hyderabad,Sindh,Monsoon,3000000,0
2022-08-17,27.557,68.2247,48.0,6.45,1,Larkana,Sindh,Monsoon,4000000,0
2022-08-18,30.1575,71.5249,0.0,1.4,0,Multan,Punjab,None,0,0
2022-08-18,27.557,68.2247,96.4,5.63,1,Larkana,Sindh,Monsoon,4000000,0
2022-08-18,25.396,68.3578,86.2,7.76,1,Hyderabad,Sindh,Monsoon,3000000,0
2022-08-19,27.557,68.2247,55.3,4.59,1,Larkana,Sindh,Monsoon,4000000,0
2022-08-19,25.396,68.3578,91.9,6.59,1,Hyderabad,Sindh,Monsoon,3000000,0
2022-08-20,30.0631,70.6339,224.6,9.61,1,DG Khan,Punjab,Monsoon,2000000,150
2022-08-20,25.396,68.3578,102.6,6.13,1,Hyderabad,Sindh,Monsoon,3000000,0
2022-08-20,27.557,68.2247,40.4,4.25,1,Larkana,Sindh,Monsoon,4000000,0
2022-08-21,25.396,68.3578,63.7,6.03,1,Hyderabad,Sindh,Monsoon,3000000,0
2022-08-21,30.0631,70.6339,132.9,8.48,1,DG Khan,Punjab,Monsoon,2000000,0
2022-08-21,24.8607,67.0011,0.0,0.92,0,Karachi,Sindh,None,0,0
2022-08-21,27.557,68.2247,63.5,4.71,1,Larkana,Sindh,Monsoon,4000000,0
2022-08-22,25.396,68.3578,130.2,5.43,1,Hyderabad,Sindh,Monsoon,3000000,0
2022-08-22,30.0631,70.6339,170.4,7.29,1,DG Khan,Punjab,Monsoon,2000000,0
2022-08-23,30.0631,70.6339,197.8,8.3,1,DG Khan,Punjab,Monsoon,2000000,0
2022-08-24,30.1798,66.975,0.0,0.69,0,Quetta,Balochistan,None,0,0
2022-08-24,30.0631,70.6339,87.1,6.42,1,DG Khan,Punjab,Monsoon,2000000,0
2022-08-25,30.0631,70.6339,154.3,6.75,1,DG Khan,Punjab,Monsoon,2000000,0
2022-08-25,29.104,70.3296,152.5,9.29,1,Rajanpur,Punjab,Monsoon,1500000,100
2022-08-26,29.104,70.3296,152.7,8.64,1,Rajanpur,Punjab,Monsoon,1500000,0
2022-08-26,30.0631,70.6339,94.4,6.56,1,DG Khan,Punjab,Monsoon,2000000,0
2022-08-27,29.104,70.3296,217.4,7.89,1,Rajanpur,Punjab,Monsoon,1500000,0
2022-08-27,35.9221,74.3082,0.0,1.1,0,Gilgit,GB,None,0,0
2022-08-27,30.0631,70.6339,86.3,6.43,1,DG Khan,Punjab,Monsoon,2000000,0
2022-08-28,30.0631,70.6339,93.3,5.84,1,DG Khan,Punjab,Monsoon,2000000,0
2022-08-28,29.104,70.3296,199.5,8.34,1,Rajanpur,Punjab,Monsoon,1500000,0
2022-08-29,30.0631,70.6339,60.1,5.28,1,DG Khan,Punjab,Monsoon,2000000,0
2022-08-29,29.104,70.3296,78.6,6.51,1,Rajanpur,Punjab,Monsoon,1500000,0
2022-08-30,34.0151,71.5249,0.0,0.66,0,Peshawar,KPK,None,0,0
2022-08-30,29.104,70.3296,58.4,6.03,1,Rajanpur,Punjab,Monsoon,1500000,0
2022-08-31,29.104,70.3296,50.0,6.56,1,Rajanpur,Punjab,Monsoon,1500000,0
2022-09-01,29.104,70.3296,40.3,5.62,1,Rajanpur,Punjab,Monsoon,1500000,0
2022-09-01,34.0153,71.9747,178.4,9.94,1,Nowshera,KPK,Monsoon,500000,80
2022-09-02,34.0151,71.5249,0.0,1.74,0,Peshawar,KPK,None,0,0
2022-09-02,29.104,70.3296,86.5,4.83,1,Rajanpur,Punjab,Monsoon,1500000,0
2022-09-02,34.0153,71.9747,189.1,8.41,1,Nowshera,KPK,Monsoon,500000,0
2022-09-03,29.104,70.3296,70.3,4.71,1,Rajanpur,Punjab,Monsoon,1500000,0
2022-09-03,34.0153,71.9747,176.2,8.24,1,Nowshera,KPK,Monsoon,500000,0
2022-09-04,29.104,70.3296,30.2,4.7,1,Rajanpur,Punjab,Monsoon,1500000,0
2022-09-04,34.0153,71.9747,185.4,7.02,1,Nowshera,KPK,Monsoon,500000,0
2022-09-05,29.104,70.3296,59.6,4.88,1,Rajanpur,Punjab,Monsoon,1500000,0
2022-09-05,34.37,73.47,253.3,7.18,1,Muzaffarabad,AJK,Flash Flood,200000,60
2022-09-05,27.7052,68.8574,0.0,1.12,0,Sukkur,Sindh,None,0,0
2022-09-08,31.5204,74.3587,0.0,0.45,0,Lahore,Punjab,None,0,0
2022-09-10,24.7461,67.9239,214.1,7.98,1,Thatta,Sindh,Monsoon,400000,50
2022-09-11,24.7461,67.9239,218.2,8.53,1,Thatta,Sindh,Monsoon,400000,0
2022-09-11,30.1575,71.5249,0.0,0.79,0,Multan,Punjab,None,0,0
2022-09-12,24.7461,67.9239,126.6,7.43,1,Thatta,Sindh,Monsoon,400000,0
2022-09-13,24.7461,67.9239,158.6,7.22,1,Thatta,Sindh,Monsoon,400000,0
2022-09-14,24.7461,67.9239,122.7,6.48,1,Thatta,Sindh,Monsoon,400000,0
2022-09-14,24.8607,67.0011,0.0,0.86,0,Karachi,Sindh,None,0,0
2022-09-14,24.8607,67.0011,8.7,5.82,1,Karachi,Sindh,Urban Flood,300000,40
2022-09-15,24.8607,67.0011,21.6,6.01,1,Karachi,Sindh,Urban Flood,300000,0
2022-09-15,24.7461,67.9239,74.2,5.71,1,Thatta,Sindh,Monsoon,400000,0
2022-09-16,24.8607,67.0011,16.8,4.66,1,Karachi,Sindh,Urban Flood,300000,0
2022-09-16,24.7461,67.9239,151.8,6.43,1,Thatta,Sindh,Monsoon,400000,0
2022-09-17,24.8607,67.0011,9.1,5.22,1,Karachi,Sindh,Urban Flood,300000,0
2022-09-17,24.7461,67.9239,76.4,6.12,1,Thatta,Sindh,Monsoon,400000,0
2022-09-17,30.1798,66.975,0.0,1.48,0,Quetta,Balochistan,None,0,0
2022-09-18,24.7461,67.9239,85.2,5.08,1,Thatta,Sindh,Monsoon,400000,0
2022-09-18,24.8607,67.0011,20.6,4.12,1,Karachi,Sindh,Urban Flood,300000,0
2022-09-19,24.7461,67.9239,60.2,4.22,1,Thatta,Sindh,Monsoon,400000,0
2022-09-19,24.8607,67.0011,5.8,4.54,1,Karachi,Sindh,Urban Flood,300000,0
2022-09-20,24.7461,67.9239,36.6,4.35,1,Thatta,Sindh,Monsoon,400000,0
2022-09-20,35.9221,74.3082,8.9,1.48,0,Gilgit,GB,None,0,0
2022-09-20,24.8607,67.0011,4.8,4.36,1,Karachi,Sindh,Urban Flood,300000,0
2022-09-21,24.7461,67.9239,63.8,3.96,1,Thatta,Sindh,Monsoon,400000,0
2022-09-21,24.8607,67.0011,14.8,3.33,1,Karachi,Sindh,Urban Flood,300000,0
2022-09-22,24.7461,67.9239,86.8,4.53,1,Thatta,Sindh,Monsoon,400000,0
2022-09-22,24.8607,67.0011,3.5,3.89,1,Karachi,Sindh,Urban Flood,300000,0
2022-09-23,24.8607,67.0011,6.3,3.06,1,Karachi,Sindh,Urban Flood,300000,0
2022-09-23,24.7461,67.9239,37.9,4.68,1,Thatta,Sindh,Monsoon,400000,0
2022-09-23,34.0151,71.5249,0.0,0.96,0,Peshawar,KPK,None,0,0
2022-09-26,27.7052,68.8574,0.0,0.36,0,Sukkur,Sindh,None,0,0
2022-09-29,31.5204,74.3587,0.0,1.26,0,Lahore,Punjab,None,0,0
2022-10-02,34.0151,71.5249,0.0,1.26,0,Peshawar,KPK,None,0,0
2022-10-05,27.7052,68.8574,0.0,1.08,0,Sukkur,Sindh,None,0,0
2022-10-08,31.5204,74.3587,0.0,1.07,0,Lahore,Punjab,None,0,0
2022-10-11,30.1575,71.5249,0.0,0.43,0,Multan,Punjab,None,0,0
2022-10-14,24.8607,67.0011,0.0,0.41,0,Karachi,Sindh,None,0,0
2022-10-17,30.1798,66.975,0.2,1.41,0,Quetta,Balochistan,None,0,0
2022-10-20,35.9221,74.3082,0.0,0.82,0,Gilgit,GB,None,0,0
2022-10-23,34.0151,71.5249,0.0,0.58,0,Peshawar,KPK,None,0,0
2022-10-26,27.7052,68.8574,0.0,1.29,0,Sukkur,Sindh,None,0,0
2022-10-29,31.5204,74.3587,0.0,0.33,0,Lahore,Punjab,None,0,0
2022-11-01,31.5204,74.3587,0.9,0.74,0,Lahore,Punjab,None,0,0
2022-11-04,30.1575,71.5249,0.0,0.87,0,Multan,Punjab,None,0,0
2022-11-07,24.8607,67.0011,0.0,1.22,0,Karachi,Sindh,None,0,0
2022-11-10,30.1798,66.975,0.0,1.1,0,Quetta,Balochistan,None,0,0
2022-11-13,35.9221,74.3082,0.5,1.5,0,Gilgit,GB,None,0,0
2022-11-16,34.0151,71.5249,3.0,1.2,0,Peshawar,KPK,None,0,0
2022-11-19,27.7052,68.8574,0.0,1.52,0,Sukkur,Sindh,None,0,0
2022-11-22,31.5204,74.3587,0.0,0.81,0,Lahore,Punjab,None,0,0
2022-11-25,30.1575,71.5249,0.0,0.86,0,Multan,Punjab,None,0,0
2022-11-28,24.8607,67.0011,0.0,1.22,0,Karachi,Sindh,None,0,0
2022-12-01,31.5204,74.3587,0.0,0.48,0,Lahore,Punjab,None,0,0
2022-12-04,30.1575,71.5249,0.0,1.27,0,Multan,Punjab,None,0,0
2022-12-07,24.8607,67.0011,0.0,1.59,0,Karachi,Sindh,None,0,0
2022-12-10,30.1798,66.975,8.5,0.68,0,Quetta,Balochistan,None,0,0
2022-12-13,35.9221,74.3082,0.0,1.56,0,Gilgit,GB,None,0,0
2022-12-16,34.0151,71.5249,0.0,1.28,0,Peshawar,KPK,None,0,0
2022-12-19,27.7052,68.8574,0.0,1.78,0,Sukkur,Sindh,None,0,0
2022-12-22,31.5204,74.3587,0.0,0.55,0,Lahore,Punjab,None,0,0
2022-12-25,30.1575,71.5249,0.0,1.53,0,Multan,Punjab,None,0,0
2022-12-28,24.8607,67.0011,0.0,1.56,0,Karachi,Sindh,None,0,0
2022-12-31,30.1798,66.975,0.0,1.19,0,Quetta,Balochistan,None,0,0
2023-01-03,30.1798,66.975,0.0,1.15,0,Quetta,Balochistan,None,0,0
2023-01-06,35.9221,74.3082,0.0,1.25,0,Gilgit,GB,None,0,0
2023-01-09,34.0151,71.5249,0.0,0.99,0,Peshawar,KPK,None,0,0
2023-01-12,27.7052,68.8574,0.0,1.39,0,Sukkur,Sindh,None,0,0
2023-01-15,31.5204,74.3587,0.0,0.9,0,Lahore,Punjab,None,0,0
2023-01-18,30.1575,71.5249,0.0,1.13,0,Multan,Punjab,None,0,0
2023-01-21,24.8607,67.0011,0.0,0.58,0,Karachi,Sindh,None,0,0
2023-01-24,30.1798,66.975,0.0,1.13,0,Quetta,Balochistan,None,0,0
2023-01-27,35.9221,74.3082,0.0,0.35,0,Gilgit,GB,None,0,0
2023-01-30,34.0151,71.5249,0.0,1.74,0,Peshawar,KPK,None,0,0
2023-02-02,34.0151,71.5249,0.0,0.52,0,Peshawar,KPK,None,0,0
2023-02-05,27.7052,68.8574,0.0,1.79,0,Sukkur,Sindh,None,0,0
2023-02-08,31.5204,74.3587,0.0,1.38,0,Lahore,Punjab,None,0,0
2023-02-11,30.1575,71.5249,0.0,0.89,0,Multan,Punjab,None,0,0
2023-02-14,24.8607,67.0011,0.0,0.3,0,Karachi,Sindh,None,0,0
2023-02-17,30.1798,66.975,0.0,1.49,0,Quetta,Balochistan,None,0,0
2023-02-20,35.9221,74.3082,0.0,1.02,0,Gilgit,GB,None,0,0
2023-02-23,34.0151,71.5249,0.0,1.17,0,Peshawar,KPK,None,0,0
2023-02-26,27.7052,68.8574,0.0,1.21,0,Sukkur,Sindh,None,0,0
2023-03-01,31.5204,74.3587,0.0,0.7,0,Lahore,Punjab,None,0,0
2023-03-04,30.1575,71.5249,0.0,0.42,0,Multan,Punjab,None,0,0
2023-03-07,24.8607,67.0011,0.0,1.48,0,Karachi,Sindh,None,0,0
2023-03-10,30.1798,66.975,0.0,1.08,0,Quetta,Balochistan,None,0,0
2023-03-13,35.9221,74.3082,0.0,0.79,0,Gilgit,GB,None,0,0
2023-03-16,34.0151,71.5249,0.0,0.63,0,Peshawar,KPK,None,0,0
2023-03-17,27.812,66.627,73.7,4.82,1,Khuzdar,Balochistan,Flash Flood,0,10
2023-03-18,27.812,66.627,100.5,3.52,1,Khuzdar,Balochistan,Flash Flood,0,0
2023-03-19,27.812,66.627,101.5,3.56,1,Khuzdar,Balochistan,Flash Flood,0,0
2023-03-19,27.7052,68.8574,0.0,1.8,0,Sukkur,Sindh,None,0,0
2023-03-20,27.812,66.627,66.7,3.75,1,Khuzdar,Balochistan,Flash Flood,0,0
2023-03-22,31.5204,74.3587,0.0,0.93,0,Lahore,Punjab,None,0,0
2023-03-24,34.0151,71.5249,37.2,2.93,1,Peshawar,KPK,Heavy Rain,777,14
2023-03-25,34.0151,71.5249,22.8,2.59,1,Peshawar,KPK,Heavy Rain,777,0
2023-03-25,30.1575,71.5249,0.0,0.48,0,Multan,Punjab,None,0,0
2023-03-25,34.0151,71.5249,11.3,4.55,1,Peshawar,KPK,Heavy Rain,50,14
2023-03-26,34.0151,71.5249,34.6,3.05,1,Peshawar,KPK,Heavy Rain,50,0
2023-03-26,34.0151,71.5249,20.2,2.54,1,Peshawar,KPK,Heavy Rain,777,0
2023-03-27,34.0151,71.5249,10.3,2.5,1,Peshawar,KPK,Heavy Rain,777,0
2023-03-27,34.0151,71.5249,26.0,2.56,1,Peshawar,KPK,Heavy Rain,50,0
2023-03-28,34.0151,71.5249,11.4,2.66,1,Peshawar,KPK,Heavy Rain,50,0
2023-03-28,34.0151,71.5249,20.1,3.36,1,Peshawar,KPK,Heavy Rain,777,0
2023-03-28,24.8607,67.0011,0.0,0.88,0,Karachi,Sindh,None,0,0
2023-03-29,34.0151,71.5249,12.8,3.75,1,Peshawar,KPK,Heavy Rain,50,0
2023-03-29,34.0151,71.5249,16.5,3.47,1,Peshawar,KPK,Heavy Rain,777,0
2023-03-30,34.0151,71.5249,11.0,2.3,1,Peshawar,KPK,Heavy Rain,777,0
2023-03-31,30.1798,66.975,0.0,0.58,0,Quetta,Balochistan,None,0,0
2023-03-31,34.0151,71.5249,15.9,2.05,1,Peshawar,KPK,Heavy Rain,777,0
2023-04-01,34.0151,71.5249,14.0,1.64,1,Peshawar,KPK,Heavy Rain,777,0
2023-04-02,34.0151,71.5249,11.7,1.53,1,Peshawar,KPK,Heavy Rain,777,0
2023-04-03,30.1798,66.975,0.0,0.34,0,Quetta,Balochistan,None,0,0
2023-04-06,35.9221,74.3082,0.0,0.71,0,Gilgit,GB,None,0,0
2023-04-09,34.0151,71.5249,0.0,1.71,0,Peshawar,KPK,None,0,0
2023-04-12,27.7052,68.8574,0.0,1.61,0,Sukkur,Sindh,None,0,0
2023-04-15,31.5204,74.3587,0.0,1.5,0,Lahore,Punjab,None,0,0
2023-04-18,30.1575,71.5249,0.0,0.5,0,Multan,Punjab,None,0,0
2023-04-21,24.8607,67.0011,0.0,1.04,0,Karachi,Sindh,None,0,0
2023-04-24,30.1798,66.975,0.0,1.45,0,Quetta,Balochistan,None,0,0
2023-04-27,35.9221,74.3082,0.0,0.5,0,Gilgit,GB,None,0,0
2023-04-29,27.812,66.627,108.4,4.9,1,Khuzdar,Balochistan,Flash Flood,3,12
2023-04-30,34.0151,71.5249,0.0,1.73,0,Peshawar,KPK,None,0,0
2023-04-30,27.812,66.627,50.1,3.48,1,Khuzdar,Balochistan,Flash Flood,3,0
2023-05-01,27.812,66.627,121.8,4.39,1,Khuzdar,Balochistan,Flash Flood,3,0
2023-05-02,27.812,66.627,72.7,3.69,1,Khuzdar,Balochistan,Flash Flood,3,0
2023-05-03,30.1798,66.975,0.0,0.72,0,Quetta,Balochistan,None,0,0
2023-05-03,27.812,66.627,52.8,2.78,1,Khuzdar,Balochistan,Flash Flood,3,0
2023-05-04,27.812,66.627,57.8,2.86,1,Khuzdar,Balochistan,Flash Flood,3,0
2023-05-06,35.9221,74.3082,0.0,1.66,0,Gilgit,GB,None,0,0
2023-05-09,34.0151,71.5249,0.0,1.44,0,Peshawar,KPK,None,0,0
2023-05-12,27.7052,68.8574,0.0,0.4,0,Sukkur,Sindh,None,0,0
2023-05-15,31.5204,74.3587,0.0,0.39,0,Lahore,Punjab,None,0,0
2023-05-18,30.1575,71.5249,0.0,1.1,0,Multan,Punjab,None,0,0
2023-05-21,24.8607,67.0011,0.0,1.65,0,Karachi,Sindh,None,0,0
2023-05-24,30.1798,66.975,0.0,1.75,0,Quetta,Balochistan,None,0,0
2023-05-27,35.9221,74.3082,5.6,0.38,0,Gilgit,GB,None,0,0
2023-05-30,34.0151,71.5249,0.0,1.4,0,Peshawar,KPK,None,0,0
2023-06-02,34.0151,71.5249,0.0,1.28,0,Peshawar,KPK,None,0,0
2023-06-05,27.7052,68.8574,0.0,1.0,0,Sukkur,Sindh,None,0,0
2023-06-08,31.5204,74.3587,0.0,0.82,0,Lahore,Punjab,None,0,0
2023-06-10,30.1798,66.975,61.3,4.47,1,Quetta,Balochistan,Pre-monsoon,100,15
2023-06-11,30.1575,71.5249,0.0,0.64,0,Multan,Punjab,None,0,0
2023-06-11,30.1798,66.975,55.9,4.43,1,Quetta,Balochistan,Pre-monsoon,100,0
2023-06-14,24.8607,67.0011,0.0,1.14,0,Karachi,Sindh,None,0,0
2023-06-17,30.1798,66.975,0.0,1.59,0,Quetta,Balochistan,None,0,0
2023-06-20,35.9221,74.3082,0.0,1.36,0,Gilgit,GB,None,0,0
2023-06-23,34.0151,71.5249,0.0,0.99,0,Peshawar,KPK,None,0,0
2023-06-25,31.5204,74.3587,93.6,6.37,1,Lahore,Punjab,Monsoon,10000,50
2023-06-26,27.7052,68.8574,0.0,1.72,0,Sukkur,Sindh,None,0,0
2023-06-29,31.5204,74.3587,0.0,0.99,0,Lahore,Punjab,None,0,0
2023-07-01,24.8607,67.0011,32.9,3.49,1,Karachi,Sindh,Urban Flood,50000,30
2023-07-02,34.0151,71.5249,0.0,1.12,0,Peshawar,KPK,None,0,0
2023-07-02,24.8607,67.0011,38.3,4.26,1,Karachi,Sindh,Urban Flood,50000,0
2023-07-03,24.8607,67.0011,36.2,3.91,1,Karachi,Sindh,Urban Flood,50000,0
2023-07-04,24.8607,67.0011,22.9,3.3,1,Karachi,Sindh,Urban Flood,50000,0
2023-07-05,27.7052,68.8574,0.0,1.51,0,Sukkur,Sindh,None,0,0
2023-07-05,24.8607,67.0011,28.8,3.64,1,Karachi,Sindh,Urban Flood,50000,0
2023-07-06,24.8607,67.0011,4.9,2.47,1,Karachi,Sindh,Urban Flood,50000,0
2023-07-07,24.8607,67.0011,10.9,3.13,1,Karachi,Sindh,Urban Flood,50000,0
2023-07-08,24.8607,67.0011,19.6,2.26,1,Karachi,Sindh,Urban Flood,50000,0
2023-07-08,31.5204,74.3587,0.0,1.48,0,Lahore,Punjab,None,0,0
2023-07-09,24.8607,67.0011,10.6,2.29,1,Karachi,Sindh,Urban Flood,50000,0
2023-07-10,24.8607,67.0011,13.1,2.48,1,Karachi,Sindh,Urban Flood,50000,0
2023-07-11,30.1575,71.5249,0.0,0.55,0,Multan,Punjab,None,0,0
2023-07-11,24.8607,67.0011,11.6,1.98,1,Karachi,Sindh,Urban Flood,50000,0
2023-07-12,24.8607,67.0011,6.8,1.83,1,Karachi,Sindh,Urban Flood,50000,0
2023-07-13,24.8607,67.0011,2.6,2.27,1,Karachi,Sindh,Urban Flood,50000,0
2023-07-14,24.8607,67.0011,0.0,1.08,0,Karachi,Sindh,None,0,0
2023-07-17,30.1798,66.975,0.0,1.62,0,Quetta,Balochistan,None,0,0
2023-07-20,35.9221,74.3082,0.0,0.98,0,Gilgit,GB,None,0,0
2023-07-22,35.2227,72.4258,180.6,4.65,1,Swat,KPK,Flash Flood,0,13
2023-07-23,34.0151,71.5249,0.0,0.34,0,Peshawar,KPK,None,0,0
2023-07-26,27.7052,68.8574,0.0,1.66,0,Sukkur,Sindh,None,0,0
2023-07-29,31.5204,74.3587,0.0,0.46,0,Lahore,Punjab,None,0,0
2023-08-01,31.5204,74.3587,0.0,0.87,0,Lahore,Punjab,None,0,0
2023-08-04,30.1575,71.5249,7.8,0.61,0,Multan,Punjab,None,0,0
2023-08-07,24.8607,67.0011,0.0,1.49,0,Karachi,Sindh,None,0,0
2023-08-10,30.1798,66.975,0.0,1.5,0,Quetta,Balochistan,None,0,0
2023-08-13,35.9221,74.3082,4.0,1.1,0,Gilgit,GB,None,0,0
2023-08-16,34.0151,71.5249,0.0,1.49,0,Peshawar,KPK,None,0,0
2023-08-19,27.7052,68.8574,0.0,1.66,0,Sukkur,Sindh,None,0,0
2023-08-20,30.1575,71.5249,184.6,5.34,1,Multan,Punjab,Monsoon,0,16
2023-08-21,30.1575,71.5249,238.6,5.22,1,Multan,Punjab,Monsoon,0,0
2023-08-22,31.5204,74.3587,2.8,0.51,0,Lahore,Punjab,None,0,0
2023-08-22,30.1575,71.5249,105.4,4.23,1,Multan,Punjab,Monsoon,0,0
2023-08-25,30.1575,71.5249,0.0,1.64,0,Multan,Punjab,None,0,0
2023-08-28,24.8607,67.0011,0.0,0.96,0,Karachi,Sindh,None,0,0
2023-08-31,30.1798,66.975,0.0,1.62,0,Quetta,Balochistan,None,0,0
2023-09-01,25.396,68.3578,16.2,3.3,1,Hyderabad,Sindh,Heavy Rain,89500,6
2023-09-02,25.396,68.3578,13.3,4.27,1,Hyderabad,Sindh,Heavy Rain,89500,0
2023-09-03,30.1798,66.975,0.0,1.75,0,Quetta,Balochistan,None,0,0
2023-09-03,25.396,68.3578,29.9,2.56,1,Hyderabad,Sindh,Heavy Rain,89500,0
2023-09-04,25.396,68.3578,12.8,2.37,1,Hyderabad,Sindh,Heavy Rain,89500,0
2023-09-05,25.396,68.3578,17.5,2.96,1,Hyderabad,Sindh,Heavy Rain,89500,0
2023-09-06,35.9221,74.3082,4.2,1.3,0,Gilgit,GB,None,0,0
2023-09-06,25.396,68.3578,23.1,2.52,1,Hyderabad,Sindh,Heavy Rain,89500,0
2023-09-07,25.396,68.3578,19.7,3.28,1,Hyderabad,Sindh,Heavy Rain,89500,0
2023-09-08,25.396,68.3578,4.4,2.81,1,Hyderabad,Sindh,Heavy Rain,89500,0
2023-09-09,34.0151,71.5249,0.0,1.62,0,Peshawar,KPK,None,0,0
2023-09-09,25.396,68.3578,10.5,2.23,1,Hyderabad,Sindh,Heavy Rain,89500,0
2023-09-10,25.396,68.3578,6.8,2.38,1,Hyderabad,Sindh,Heavy Rain,89500,0
2023-09-11,25.396,68.3578,9.3,2.18,1,Hyderabad,Sindh,Heavy Rain,89500,0
2023-09-12,25.396,68.3578,12.4,1.99,1,Hyderabad,Sindh,Heavy Rain,89500,0
2023-09-12,27.7052,68.8574,0.0,0.32,0,Sukkur,Sindh,None,0,0
2023-09-13,25.396,68.3578,13.3,1.98,1,Hyderabad,Sindh,Heavy Rain,89500,0
2023-09-14,25.396,68.3578,9.3,1.93,1,Hyderabad,Sindh,Heavy Rain,89500,0
2023-09-15,31.5204,74.3587,0.0,1.38,0,Lahore,Punjab,None,0,0
2023-09-18,30.1575,71.5249,0.0,1.4,0,Multan,Punjab,None,0,0
2023-09-21,24.8607,67.0011,0.0,1.53,0,Karachi,Sindh,None,0,0
2023-09-24,30.1798,66.975,0.0,0.77,0,Quetta,Balochistan,None,0,0
2023-09-27,35.9221,74.3082,0.0,0.99,0,Gilgit,GB,None,0,0
2023-09-30,34.0151,71.5249,0.0,1.54,0,Peshawar,KPK,None,0,0
2023-10-03,30.1798,66.975,0.0,1.37,0,Quetta,Balochistan,None,0,0
2023-10-06,35.9221,74.3082,0.0,0.66,0,Gilgit,GB,None,0,0
2023-10-09,34.0151,71.5249,0.0,0.98,0,Peshawar,KPK,None,0,0
2023-10-12,27.7052,68.8574,0.0,1.23,0,Sukkur,Sindh,None,0,0
2023-10-15,31.5204,74.3587,0.0,1.01,0,Lahore,Punjab,None,0,0
2023-10-18,30.1575,71.5249,0.0,0.49,0,Multan,Punjab,None,0,0
2023-10-21,24.8607,67.0011,0.0,1.33,0,Karachi,Sindh,None,0,0
2023-10-24,30.1798,66.975,0.0,1.58,0,Quetta,Balochistan,None,0,0
2023-10-27,35.9221,74.3082,0.0,0.72,0,Gilgit,GB,None,0,0
2023-10-30,34.0151,71.5249,0.0,1.07,0,Peshawar,KPK,None,0,0
2023-11-02,34.0151,71.5249,0.0,0.35,0,Peshawar,KPK,None,0,0
2023-11-05,27.7052,68.8574,0.0,1.71,0,Sukkur,Sindh,None,0,0
2023-11-08,31.5204,74.3587,0.0,1.48,0,Lahore,Punjab,None,0,0
2023-11-11,30.1575,71.5249,0.0,1.66,0,Multan,Punjab,None,0,0
2023-11-14,24.8607,67.0011,0.0,0.47,0,Karachi,Sindh,None,0,0
2023-11-17,30.1798,66.975,0.0,1.6,0,Quetta,Balochistan,None,0,0
2023-11-20,35.9221,74.3082,0.0,1.77,0,Gilgit,GB,None,0,0
2023-11-23,34.0151,71.5249,0.0,0.36,0,Peshawar,KPK,None,0,0
2023-11-26,27.7052,68.8574,7.4,0.72,0,Sukkur,Sindh,None,0,0
2023-11-29,31.5204,74.3587,0.0,1.67,0,Lahore,Punjab,None,0,0
2023-12-02,34.0151,71.5249,0.0,0.33,0,Peshawar,KPK,None,0,0
2023-12-05,27.7052,68.8574,0.0,0.76,0,Sukkur,Sindh,None,0,0
2023-12-08,31.5204,74.3587,0.0,1.61,0,Lahore,Punjab,None,0,0
2023-12-11,30.1575,71.5249,0.0,1.11,0,Multan,Punjab,None,0,0
2023-12-14,24.8607,67.0011,0.0,0.32,0,Karachi,Sindh,None,0,0
2023-12-17,30.1798,66.975,0.0,1.2,0,Quetta,Balochistan,None,0,0
2023-12-20,35.9221,74.3082,0.0,1.41,0,Gilgit,GB,None,0,0
2023-12-23,34.0151,71.5249,0.6,1.58,0,Peshawar,KPK,None,0,0
2023-12-26,27.7052,68.8574,0.0,1.64,0,Sukkur,Sindh,None,0,0
2023-12-29,31.5204,74.3587,0.0,0.66,0,Lahore,Punjab,None,0,0
2024-01-01,31.5204,74.3587,0.0,1.17,0,Lahore,Punjab,None,0,0
2024-01-04,30.1575,71.5249,0.0,1.08,0,Multan,Punjab,None,0,0
2024-01-07,24.8607,67.0011,0.0,1.2,0,Karachi,Sindh,None,0,0
2024-01-10,30.1798,66.975,0.0,1.66,0,Quetta,Balochistan,None,0,0
2024-01-13,35.9221,74.3082,0.0,1.62,0,Gilgit,GB,None,0,0
2024-01-16,34.0151,71.5249,0.0,0.95,0,Peshawar,KPK,None,0,0
2024-01-19,27.7052,68.8574,0.0,1.46,0,Sukkur,Sindh,None,0,0
2024-01-22,31.5204,74.3587,0.0,0.97,0,Lahore,Punjab,None,0,0
2024-01-25,30.1575,71.5249,0.0,1.19,0,Multan,Punjab,None,0,0
2024-01-28,24.8607,67.0011,0.0,1.07,0,Karachi,Sindh,None,0,0
2024-01-31,30.1798,66.975,0.0,1.03,0,Quetta,Balochistan,None,0,0
2024-02-03,30.1798,66.975,6.6,1.2,0,Quetta,Balochistan,None,0,0
2024-02-06,35.9221,74.3082,0.0,1.25,0,Gilgit,GB,None,0,0
2024-02-09,34.0151,71.5249,0.0,0.84,0,Peshawar,KPK,None,0,0
2024-02-12,27.7052,68.8574,0.0,0.51,0,Sukkur,Sindh,None,0,0
2024-02-15,31.5204,74.3587,2.8,0.8,0,Lahore,Punjab,None,0,0
2024-02-18,30.1575,71.5249,0.0,1.22,0,Multan,Punjab,None,0,0
2024-02-21,24.8607,67.0011,0.0,1.07,0,Karachi,Sindh,None,0,0
2024-02-24,30.1798,66.975,0.0,0.63,0,Quetta,Balochistan,None,0,0
2024-02-27,35.2227,72.4258,37.1,4.71,1,Swat,KPK,Heavy Rain,3232,40
2024-02-27,35.9221,74.3082,0.0,0.81,0,Gilgit,GB,None,0,0
2024-02-28,35.2227,72.4258,23.4,5.3,1,Swat,KPK,Heavy Rain,3232,0
2024-02-29,35.2227,72.4258,18.4,4.73,1,Swat,KPK,Heavy Rain,3232,0
2024-03-01,31.5204,74.3587,0.0,1.07,0,Lahore,Punjab,None,0,0
2024-03-01,30.1798,66.975,119.8,5.1,1,Quetta,Balochistan,Flash Flood,1000,20
2024-03-02,30.1798,66.975,88.2,4.93,1,Quetta,Balochistan,Flash Flood,1000,0
2024-03-03,30.1798,66.975,106.6,3.28,1,Quetta,Balochistan,Flash Flood,1000,0
2024-03-04,30.1575,71.5249,3.0,0.9,0,Multan,Punjab,None,0,0
2024-03-07,24.8607,67.0011,0.0,0.47,0,Karachi,Sindh,None,0,0
2024-03-10,30.1798,66.975,0.0,1.61,0,Quetta,Balochistan,None,0,0
2024-03-13,35.9221,74.3082,0.0,1.79,0,Gilgit,GB,None,0,0
2024-03-16,34.0151,71.5249,0.0,0.89,0,Peshawar,KPK,None,0,0
2024-03-19,27.7052,68.8574,0.0,1.66,0,Sukkur,Sindh,None,0,0
2024-03-22,31.5204,74.3587,0.0,0.76,0,Lahore,Punjab,None,0,0
2024-03-25,30.1575,71.5249,8.3,1.53,0,Multan,Punjab,None,0,0
2024-03-28,24.8607,67.0011,0.0,0.38,0,Karachi,Sindh,None,0,0
2024-03-31,30.1798,66.975,0.0,1.21,0,Quetta,Balochistan,None,0,0
2024-04-03,30.1798,66.975,0.0,0.88,0,Quetta,Balochistan,None,0,0
2024-04-06,35.9221,74.3082,0.0,0.48,0,Gilgit,GB,None,0,0
2024-04-09,34.0151,71.5249,0.0,0.41,0,Peshawar,KPK,None,0,0
2024-04-12,27.7052,68.8574,0.0,1.71,0,Sukkur,Sindh,None,0,0
2024-04-15,31.5204,74.3587,0.0,0.84,0,Lahore,Punjab,None,0,0
2024-04-18,30.1575,71.5249,0.0,1.25,0,Multan,Punjab,None,0,0
2024-04-21,24.8607,67.0011,0.0,1.61,0,Karachi,Sindh,None,0,0
2024-04-24,30.1798,66.975,0.0,1.65,0,Quetta,Balochistan,None,0,0
2024-04-27,35.9221,74.3082,0.0,0.51,0,Gilgit,GB,None,0,0
2024-04-30,34.0151,71.5249,0.0,0.74,0,Peshawar,KPK,None,0,0
2024-05-03,30.1798,66.975,0.0,0.37,0,Quetta,Balochistan,None,0,0
2024-05-06,35.9221,74.3082,0.0,0.81,0,Gilgit,GB,None,0,0
2024-05-09,34.0151,71.5249,0.0,1.57,0,Peshawar,KPK,None,0,0
2024-05-12,27.7052,68.8574,0.0,1.31,0,Sukkur,Sindh,None,0,0
2024-05-15,31.5204,74.3587,0.0,1.48,0,Lahore,Punjab,None,0,0
2024-05-18,30.1575,71.5249,0.0,1.53,0,Multan,Punjab,None,0,0
2024-05-21,24.8607,67.0011,8.6,0.95,0,Karachi,Sindh,None,0,0
2024-05-24,30.1798,66.975,0.0,0.86,0,Quetta,Balochistan,None,0,0
2024-05-27,35.9221,74.3082,0.0,1.33,0,Gilgit,GB,None,0,0
2024-05-30,34.0151,71.5249,0.0,0.95,0,Peshawar,KPK,None,0,0
2024-06-02,34.0151,71.5249,0.0,0.82,0,Peshawar,KPK,None,0,0
2024-06-05,27.7052,68.8574,0.0,1.27,0,Sukkur,Sindh,None,0,0
2024-06-08,31.5204,74.3587,0.0,0.41,0,Lahore,Punjab,None,0,0
2024-06-11,30.1575,71.5249,0.0,1.32,0,Multan,Punjab,None,0,0
2024-06-14,24.8607,67.0011,0.0,0.63,0,Karachi,Sindh,None,0,0
2024-06-17,30.1798,66.975,0.0,1.33,0,Quetta,Balochistan,None,0,0
2024-06-20,35.9221,74.3082,0.0,0.34,0,Gilgit,GB,None,0,0
2024-06-23,34.0151,71.5249,5.1,0.88,0,Peshawar,KPK,None,0,0
2024-06-26,27.7052,68.8574,0.0,0.88,0,Sukkur,Sindh,None,0,0
2024-06-29,31.5204,74.3587,0.0,1.43,0,Lahore,Punjab,None,0,0
2024-07-01,31.5204,74.3587,266.2,8.49,1,Lahore,Punjab,Monsoon,100000,80
2024-07-02,34.0151,71.5249,0.0,1.65,0,Peshawar,KPK,None,0,0
2024-07-02,31.5204,74.3587,129.8,8.33,1,Lahore,Punjab,Monsoon,100000,0
2024-07-03,31.5204,74.3587,104.2,6.89,1,Lahore,Punjab,Monsoon,100000,0
2024-07-04,31.5204,74.3587,78.1,6.6,1,Lahore,Punjab,Monsoon,100000,0
2024-07-05,31.5204,74.3587,72.9,6.22,1,Lahore,Punjab,Monsoon,100000,0
2024-07-05,27.7052,68.8574,1.2,0.77,0,Sukkur,Sindh,None,0,0
2024-07-08,31.5204,74.3587,0.0,1.54,0,Lahore,Punjab,None,0,0
2024-07-11,30.1575,71.5249,0.0,1.74,0,Multan,Punjab,None,0,0
2024-07-14,24.8607,67.0011,0.0,0.81,0,Karachi,Sindh,None,0,0
2024-07-15,24.8607,67.0011,13.4,5.44,1,Karachi,Sindh,Urban Flood,80000,50
2024-07-16,24.8607,67.0011,20.5,5.42,1,Karachi,Sindh,Urban Flood,80000,0
2024-07-17,24.8607,67.0011,22.1,5.27,1,Karachi,Sindh,Urban Flood,80000,0
2024-07-17,30.1798,66.975,0.0,1.13,0,Quetta,Balochistan,None,0,0
2024-07-18,24.8607,67.0011,22.6,4.03,1,Karachi,Sindh,Urban Flood,80000,0
2024-07-19,24.8607,67.0011,25.9,3.94,1,Karachi,Sindh,Urban Flood,80000,0
2024-07-20,24.8607,67.0011,11.9,3.34,1,Karachi,Sindh,Urban Flood,80000,0
2024-07-20,35.9221,74.3082,0.0,1.55,0,Gilgit,GB,None,0,0
2024-07-20,34.0153,71.9747,196.2,8.38,1,Nowshera,KPK,Monsoon,200000,60
2024-07-21,24.8607,67.0011,14.4,3.64,1,Karachi,Sindh,Urban Flood,80000,0
2024-07-22,24.8607,67.0011,8.9,3.73,1,Karachi,Sindh,Urban Flood,80000,0
2024-07-23,34.0151,71.5249,0.0,0.69,0,Peshawar,KPK,None,0,0
2024-07-26,27.7052,68.8574,0.0,0.81,0,Sukkur,Sindh,None,0,0
2024-07-29,31.5204,74.3587,2.8,1.14,0,Lahore,Punjab,None,0,0
2024-08-01,31.5204,74.3587,0.0,0.51,0,Lahore,Punjab,None,0,0
2024-08-01,30.1575,71.5249,95.7,6.71,1,Multan,Punjab,Monsoon,150000,40
2024-08-02,30.1575,71.5249,193.3,6.43,1,Multan,Punjab,Monsoon,150000,0
2024-08-03,30.1575,71.5249,90.8,5.85,1,Multan,Punjab,Monsoon,150000,0
2024-08-04,30.1575,71.5249,0.0,1.03,0,Multan,Punjab,None,0,0
2024-08-04,30.1575,71.5249,59.7,6.37,1,Multan,Punjab,Monsoon,150000,0
2024-08-05,30.1575,71.5249,64.1,5.55,1,Multan,Punjab,Monsoon,150000,0
2024-08-06,30.1575,71.5249,160.4,5.12,1,Multan,Punjab,Monsoon,150000,0
2024-08-07,24.8607,67.0011,4.1,1.62,0,Karachi,Sindh,None,0,0
2024-08-07,30.1575,71.5249,132.8,4.35,1,Multan,Punjab,Monsoon,150000,0
2024-08-08,30.1575,71.5249,98.5,4.43,1,Multan,Punjab,Monsoon,150000,0
2024-08-09,30.1575,71.5249,77.9,3.52,1,Multan,Punjab,Monsoon,150000,0
2024-08-10,27.7052,68.8574,153.5,6.53,1,Sukkur,Sindh,Monsoon,120000,30
2024-08-10,30.1798,66.975,0.0,1.23,0,Quetta,Balochistan,None,0,0
2024-08-11,27.7052,68.8574,257.1,5.81,1,Sukkur,Sindh,Monsoon,120000,0
2024-08-12,27.7052,68.8574,175.0,4.78,1,Sukkur,Sindh,Monsoon,120000,0
2024-08-13,27.7052,68.8574,145.7,5.24,1,Sukkur,Sindh,Monsoon,120000,0
2024-08-13,35.9221,74.3082,0.0,0.36,0,Gilgit,GB,None,0,0
2024-08-14,27.7052,68.8574,103.0,4.51,1,Sukkur,Sindh,Monsoon,120000,0
2024-08-15,27.7052,68.8574,106.7,3.85,1,Sukkur,Sindh,Monsoon,120000,0
2024-08-16,34.0151,71.5249,0.0,0.64,0,Peshawar,KPK,None,0,0
2024-08-16,27.7052,68.8574,86.9,3.86,1,Sukkur,Sindh,Monsoon,120000,0
2024-08-17,27.7052,68.8574,74.0,3.47,1,Sukkur,Sindh,Monsoon,120000,0
2024-08-18,27.7052,68.8574,100.3,3.77,1,Sukkur,Sindh,Monsoon,120000,0
2024-08-19,27.7052,68.8574,9.6,1.38,0,Sukkur,Sindh,None,0,0
2024-08-19,27.7052,68.8574,71.1,3.67,1,Sukkur,Sindh,Monsoon,120000,0
2024-08-20,27.7052,68.8574,60.5,2.63,1,Sukkur,Sindh,Monsoon,120000,0
2024-08-22,31.5204,74.3587,0.0,0.5,0,Lahore,Punjab,None,0,0
2024-08-25,30.1575,71.5249,0.0,1.49,0,Multan,Punjab,None,0,0
2024-08-28,24.8607,67.0011,0.0,1.72,0,Karachi,Sindh,None,0,0
2024-08-29,31.4504,73.135,190.7,6.14,1,Faisalabad,Punjab,Monsoon,80000,25
2024-08-30,31.4504,73.135,148.0,4.66,1,Faisalabad,Punjab,Monsoon,80000,0
2024-08-31,31.4504,73.135,111.3,4.84,1,Faisalabad,Punjab,Monsoon,80000,0
2024-08-31,30.1798,66.975,0.0,1.77,0,Quetta,Balochistan,None,0,0
2024-09-01,31.4504,73.135,153.5,4.92,1,Faisalabad,Punjab,Monsoon,80000,0
2024-09-02,31.4504,73.135,99.6,5.3,1,Faisalabad,Punjab,Monsoon,80000,0
2024-09-03,30.1798,66.975,0.0,1.18,0,Quetta,Balochistan,None,0,0
2024-09-03,31.4504,73.135,116.6,3.84,1,Faisalabad,Punjab,Monsoon,80000,0
2024-09-06,35.9221,74.3082,0.0,0.6,0,Gilgit,GB,None,0,0
2024-09-09,34.0151,71.5249,0.0,1.07,0,Peshawar,KPK,None,0,0
2024-09-12,27.7052,68.8574,0.0,1.6,0,Sukkur,Sindh,None,0,0
2024-09-15,31.5204,74.3587,0.0,1.54,0,Lahore,Punjab,None,0,0
2024-09-18,30.1575,71.5249,0.0,1.73,0,Multan,Punjab,None,0,0
2024-09-21,24.8607,67.0011,0.0,1.58,0,Karachi,Sindh,None,0,0
2024-09-24,30.1798,66.975,0.0,1.64,0,Quetta,Balochistan,None,0,0
2024-09-27,35.9221,74.3082,0.0,0.97,0,Gilgit,GB,None,0,0
2024-09-30,34.0151,71.5249,0.0,1.69,0,Peshawar,KPK,None,0,0
2024-10-03,30.1798,66.975,0.0,1.33,0,Quetta,Balochistan,None,0,0
2024-10-06,35.9221,74.3082,0.0,0.5,0,Gilgit,GB,None,0,0
2024-10-09,34.0151,71.5249,0.0,1.51,0,Peshawar,KPK,None,0,0
2024-10-12,27.7052,68.8574,0.0,1.74,0,Sukkur,Sindh,None,0,0
2024-10-15,31.5204,74.3587,0.2,1.32,0,Lahore,Punjab,None,0,0
2024-10-18,30.1575,71.5249,0.0,0.32,0,Multan,Punjab,None,0,0
2024-10-21,24.8607,67.0011,0.0,1.41,0,Karachi,Sindh,None,0,0
2024-10-24,30.1798,66.975,0.0,1.45,0,Quetta,Balochistan,None,0,0
2024-10-27,35.9221,74.3082,0.0,1.57,0,Gilgit,GB,None,0,0
2024-10-30,34.0151,71.5249,0.0,1.03,0,Peshawar,KPK,None,0,0
2024-11-02,34.0151,71.5249,0.0,0.91,0,Peshawar,KPK,None,0,0
2024-11-05,27.7052,68.8574,0.0,0.47,0,Sukkur,Sindh,None,0,0
2024-11-08,31.5204,74.3587,8.1,0.41,0,Lahore,Punjab,None,0,0
2024-11-11,30.1575,71.5249,0.0,0.75,0,Multan,Punjab,None,0,0
2024-11-14,24.8607,67.0011,0.0,1.49,0,Karachi,Sindh,None,0,0
2024-11-17,30.1798,66.975,0.0,0.41,0,Quetta,Balochistan,None,0,0
2024-11-20,35.9221,74.3082,0.0,0.65,0,Gilgit,GB,None,0,0
2024-11-23,34.0151,71.5249,0.0,1.69,0,Peshawar,KPK,None,0,0
2024-11-26,27.7052,68.8574,4.1,0.78,0,Sukkur,Sindh,None,0,0
2024-11-29,31.5204,74.3587,0.0,1.26,0,Lahore,Punjab,None,0,0
2024-12-02,34.0151,71.5249,0.0,0.84,0,Peshawar,KPK,None,0,0
2024-12-05,27.7052,68.8574,0.0,1.63,0,Sukkur,Sindh,None,0,0
2024-12-08,31.5204,74.3587,0.0,1.18,0,Lahore,Punjab,None,0,0
2024-12-11,30.1575,71.5249,0.0,1.32,0,Multan,Punjab,None,0,0
2024-12-14,24.8607,67.0011,0.0,1.53,0,Karachi,Sindh,None,0,0
2024-12-17,30.1798,66.975,0.0,1.08,0,Quetta,Balochistan,None,0,0
2024-12-20,35.9221,74.3082,0.0,0.71,0,Gilgit,GB,None,0,0
2024-12-23,34.0151,71.5249,0.0,0.5,0,Peshawar,KPK,None,0,0
2024-12-26,27.7052,68.8574,0.0,1.42,0,Sukkur,Sindh,None,0,0
2024-12-29,31.5204,74.3587,0.0,1.07,0,Lahore,Punjab,None,0,0
2025-01-01,31.5204,74.3587,0.0,1.36,0,Lahore,Punjab,None,0,0
2025-01-04,30.1575,71.5249,0.0,0.31,0,Multan,Punjab,None,0,0
2025-01-07,24.8607,67.0011,0.0,0.77,0,Karachi,Sindh,None,0,0
2025-01-10,30.1798,66.975,0.0,0.71,0,Quetta,Balochistan,None,0,0
2025-01-13,35.9221,74.3082,0.0,1.48,0,Gilgit,GB,None,0,0
2025-01-16,34.0151,71.5249,0.0,1.66,0,Peshawar,KPK,None,0,0
2025-01-19,27.7052,68.8574,3.8,0.43,0,Sukkur,Sindh,None,0,0
2025-01-22,31.5204,74.3587,0.0,0.88,0,Lahore,Punjab,None,0,0
2025-01-25,30.1575,71.5249,0.0,0.31,0,Multan,Punjab,None,0,0
2025-01-28,24.8607,67.0011,0.0,1.3,0,Karachi,Sindh,None,0,0
2025-01-31,30.1798,66.975,0.0,1.73,0,Quetta,Balochistan,None,0,0
2025-02-03,30.1798,66.975,0.0,0.46,0,Quetta,Balochistan,None,0,0
2025-02-06,35.9221,74.3082,0.0,0.37,0,Gilgit,GB,None,0,0
2025-02-09,34.0151,71.5249,3.7,1.05,0,Peshawar,KPK,None,0,0
2025-02-12,27.7052,68.8574,0.0,0.61,0,Sukkur,Sindh,None,0,0
2025-02-15,31.5204,74.3587,0.0,0.38,0,Lahore,Punjab,None,0,0
2025-02-18,30.1575,71.5249,0.0,1.53,0,Multan,Punjab,None,0,0
2025-02-21,24.8607,67.0011,0.0,1.29,0,Karachi,Sindh,None,0,0
2025-02-24,30.1798,66.975,0.0,0.62,0,Quetta,Balochistan,None,0,0
2025-02-27,35.9221,74.3082,0.0,0.74,0,Gilgit,GB,None,0,0
2025-03-02,34.0151,71.5249,0.0,1.41,0,Peshawar,KPK,None,0,0
2025-03-05,27.7052,68.8574,0.0,0.89,0,Sukkur,Sindh,None,0,0
2025-03-08,31.5204,74.3587,0.0,1.64,0,Lahore,Punjab,None,0,0
2025-03-11,30.1575,71.5249,0.0,0.39,0,Multan,Punjab,None,0,0
2025-03-14,24.8607,67.0011,0.0,0.7,0,Karachi,Sindh,None,0,0
2025-03-17,30.1798,66.975,0.0,0.87,0,Quetta,Balochistan,None,0,0
2025-03-20,35.9221,74.3082,0.0,0.49,0,Gilgit,GB,None,0,0
2025-03-23,34.0151,71.5249,0.0,0.91,0,Peshawar,KPK,None,0,0
2025-03-26,27.7052,68.8574,0.0,0.31,0,Sukkur,Sindh,None,0,0
2025-03-29,31.5204,74.3587,4.7,1.08,0,Lahore,Punjab,None,0,0
2025-04-01,31.5204,74.3587,0.0,1.46,0,Lahore,Punjab,None,0,0
2025-04-04,30.1575,71.5249,0.0,1.76,0,Multan,Punjab,None,0,0
2025-04-07,24.8607,67.0011,0.0,1.46,0,Karachi,Sindh,None,0,0
2025-04-10,30.1798,66.975,0.0,0.7,0,Quetta,Balochistan,None,0,0
2025-04-13,35.9221,74.3082,0.0,1.46,0,Gilgit,GB,None,0,0
2025-04-16,34.0151,71.5249,0.0,0.86,0,Peshawar,KPK,None,0,0
2025-04-19,27.7052,68.8574,0.0,1.27,0,Sukkur,Sindh,None,0,0
2025-04-22,31.5204,74.3587,0.0,0.34,0,Lahore,Punjab,None,0,0
2025-04-25,30.1575,71.5249,0.0,1.47,0,Multan,Punjab,None,0,0
2025-04-28,24.8607,67.0011,0.0,0.75,0,Karachi,Sindh,None,0,0
2025-05-01,31.5204,74.3587,0.0,0.67,0,Lahore,Punjab,None,0,0
2025-05-04,30.1575,71.5249,0.0,1.01,0,Multan,Punjab,None,0,0
2025-05-07,24.8607,67.0011,0.7,1.71,0,Karachi,Sindh,None,0,0
2025-05-10,30.1798,66.975,7.9,1.12,0,Quetta,Balochistan,None,0,0
2025-05-13,35.9221,74.3082,0.0,0.85,0,Gilgit,GB,None,0,0
2025-05-16,34.0151,71.5249,0.0,0.51,0,Peshawar,KPK,None,0,0
2025-05-19,27.7052,68.8574,0.0,1.17,0,Sukkur,Sindh,None,0,0
2025-05-22,31.5204,74.3587,0.0,1.25,0,Lahore,Punjab,None,0,0
2025-05-25,30.1575,71.5249,0.0,0.69,0,Multan,Punjab,None,0,0
2025-05-28,24.8607,67.0011,3.5,0.74,0,Karachi,Sindh,None,0,0
2025-05-31,30.1798,66.975,0.0,1.36,0,Quetta,Balochistan,None,0,0
2025-06-03,30.1798,66.975,0.0,0.31,0,Quetta,Balochistan,None,0,0
2025-06-06,35.9221,74.3082,0.0,0.5,0,Gilgit,GB,None,0,0
2025-06-09,34.0151,71.5249,0.0,0.66,0,Peshawar,KPK,None,0,0
2025-06-12,27.7052,68.8574,0.0,0.41,0,Sukkur,Sindh,None,0,0
2025-06-15,31.5204,74.3587,0.0,0.99,0,Lahore,Punjab,None,0,0
2025-06-18,30.1575,71.5249,0.0,0.37,0,Multan,Punjab,None,0,0
2025-06-21,24.8607,67.0011,0.0,0.61,0,Karachi,Sindh,None,0,0
2025-06-24,30.1798,66.975,0.0,1.77,0,Quetta,Balochistan,None,0,0
2025-06-26,35.2227,72.4258,87.0,8.23,1,Swat,KPK,Flash Flood,500000,150
2025-06-27,35.2227,72.4258,109.0,8.74,1,Swat,KPK,Flash Flood,500000,0
2025-06-27,35.9221,74.3082,0.0,0.66,0,Gilgit,GB,None,0,0
2025-06-28,35.2227,72.4258,59.2,8.2,1,Swat,KPK,Flash Flood,500000,0
2025-06-29,35.2227,72.4258,50.7,7.8,1,Swat,KPK,Flash Flood,500000,0
2025-06-30,34.0151,71.5249,0.0,1.73,0,Peshawar,KPK,None,0,0
2025-06-30,35.2227,72.4258,45.0,6.03,1,Swat,KPK,Flash Flood,500000,0
2025-07-01,34.0153,71.9747,174.2,9.94,1,Nowshera,KPK,Monsoon,400000,100
2025-07-01,35.2227,72.4258,86.2,7.12,1,Swat,KPK,Flash Flood,500000,0
2025-07-02,34.0153,71.9747,250.1,9.15,1,Nowshera,KPK,Monsoon,400000,0
2025-07-03,34.0153,71.9747,121.7,7.51,1,Nowshera,KPK,Monsoon,400000,0
2025-07-03,30.1798,66.975,0.0,1.77,0,Quetta,Balochistan,None,0,0
2025-07-04,34.0153,71.9747,175.3,8.38,1,Nowshera,KPK,Monsoon,400000,0
2025-07-05,34.0153,71.9747,141.0,7.31,1,Nowshera,KPK,Monsoon,400000,0
2025-07-06,34.0153,71.9747,89.7,7.15,1,Nowshera,KPK,Monsoon,400000,0
2025-07-06,35.9221,74.3082,0.0,0.96,0,Gilgit,GB,None,0,0
2025-07-09,34.0151,71.5249,0.0,1.23,0,Peshawar,KPK,None,0,0
2025-07-10,31.5204,74.3587,263.9,9.42,1,Lahore,Punjab,Monsoon,300000,80
2025-07-11,31.5204,74.3587,107.0,9.0,1,Lahore,Punjab,Monsoon,300000,0
2025-07-12,31.5204,74.3587,150.9,8.47,1,Lahore,Punjab,Monsoon,300000,0
2025-07-12,27.7052,68.8574,0.0,1.49,0,Sukkur,Sindh,None,0,0
2025-07-13,31.5204,74.3587,171.3,6.94,1,Lahore,Punjab,Monsoon,300000,0
2025-07-14,31.5204,74.3587,119.1,7.89,1,Lahore,Punjab,Monsoon,300000,0
2025-07-15,31.5204,74.3587,83.8,6.89,1,Lahore,Punjab,Monsoon,300000,0
2025-07-15,31.5204,74.3587,9.1,1.74,0,Lahore,Punjab,None,0,0
2025-07-18,30.1575,71.5249,5.3,1.44,0,Multan,Punjab,None,0,0
2025-07-20,24.8607,67.0011,19.5,5.7,1,Karachi,Sindh,Urban Flood,200000,60
2025-07-21,24.8607,67.0011,0.0,1.38,0,Karachi,Sindh,None,0,0
2025-07-21,24.8607,67.0011,8.2,6.63,1,Karachi,Sindh,Urban Flood,200000,0
2025-07-22,24.8607,67.0011,15.9,6.04,1,Karachi,Sindh,Urban Flood,200000,0
2025-07-23,24.8607,67.0011,12.4,5.54,1,Karachi,Sindh,Urban Flood,200000,0
2025-07-24,24.8607,67.0011,24.3,5.11,1,Karachi,Sindh,Urban Flood,200000,0
2025-07-24,30.1798,66.975,0.0,1.3,0,Quetta,Balochistan,None,0,0
2025-07-25,24.8607,67.0011,14.8,4.59,1,Karachi,Sindh,Urban Flood,200000,0
2025-07-27,35.9221,74.3082,0.0,1.46,0,Gilgit,GB,None,0,0
2025-07-30,34.0151,71.5249,0.0,0.31,0,Peshawar,KPK,None,0,0
2025-08-01,27.7052,68.8574,124.9,9.7,1,Sukkur,Sindh,Monsoon,2000000,200
2025-08-02,34.0151,71.5249,3.6,0.64,0,Peshawar,KPK,None,0,0
2025-08-02,27.7052,68.8574,230.2,8.38,1,Sukkur,Sindh,Monsoon,2000000,0
2025-08-03,27.7052,68.8574,241.0,8.98,1,Sukkur,Sindh,Monsoon,2000000,0
2025-08-04,27.7052,68.8574,109.6,7.45,1,Sukkur,Sindh,Monsoon,2000000,0
2025-08-05,27.7052,68.8574,0.0,0.78,0,Sukkur,Sindh,None,0,0
2025-08-05,27.7052,68.8574,194.2,7.55,1,Sukkur,Sindh,Monsoon,2000000,0
2025-08-06,27.7052,68.8574,68.0,7.17,1,Sukkur,Sindh,Monsoon,2000000,0
2025-08-07,27.7052,68.8574,138.5,6.65,1,Sukkur,Sindh,Monsoon,2000000,0
2025-08-08,31.5204,74.3587,0.0,0.44,0,Lahore,Punjab,None,0,0
2025-08-08,27.7052,68.8574,114.7,6.27,1,Sukkur,Sindh,Monsoon,2000000,0
2025-08-09,27.7052,68.8574,50.6,5.08,1,Sukkur,Sindh,Monsoon,2000000,0
2025-08-10,27.7052,68.8574,68.5,5.4,1,Sukkur,Sindh,Monsoon,2000000,0
2025-08-11,30.1575,71.5249,0.0,1.02,0,Multan,Punjab,None,0,0
2025-08-11,27.7052,68.8574,49.8,4.59,1,Sukkur,Sindh,Monsoon,2000000,0
2025-08-12,27.7052,68.8574,71.4,4.45,1,Sukkur,Sindh,Monsoon,2000000,0
2025-08-13,27.7052,68.8574,73.2,4.9,1,Sukkur,Sindh,Monsoon,2000000,0
2025-08-14,24.8607,67.0011,0.0,0.73,0,Karachi,Sindh,None,0,0
2025-08-14,27.7052,68.8574,67.9,4.54,1,Sukkur,Sindh,Monsoon,2000000,0
2025-08-15,25.396,68.3578,149.5,9.8,1,Hyderabad,Sindh,Monsoon,1500000,150
2025-08-17,30.1798,66.975,4.0,1.79,0,Quetta,Balochistan,None,0,0
2025-08-20,35.9221,74.3082,0.0,0.86,0,Gilgit,GB,None,0,0
2025-08-23,34.0151,71.5249,0.0,1.68,0,Peshawar,KPK,None,0,0
2025-08-26,27.7052,68.8574,0.0,0.84,0,Sukkur,Sindh,None,0,0
2025-08-29,31.5204,74.3587,0.0,1.15,0,Lahore,Punjab,None,0,0
2025-09-01,31.5204,74.3587,0.0,0.66,0,Lahore,Punjab,None,0,0
2025-09-01,30.1798,66.975,150.1,7.63,1,Quetta,Balochistan,Flash Flood,500000,80
2025-09-02,30.1798,66.975,93.5,8.16,1,Quetta,Balochistan,Flash Flood,500000,0
2025-09-03,30.1798,66.975,112.6,7.35,1,Quetta,Balochistan,Flash Flood,500000,0
2025-09-04,30.1798,66.975,138.2,7.56,1,Quetta,Balochistan,Flash Flood,500000,0
2025-09-04,30.1575,71.5249,2.0,0.45,0,Multan,Punjab,None,0,0
2025-09-05,30.1798,66.975,62.4,7.41,1,Quetta,Balochistan,Flash Flood,500000,0
2025-09-06,30.1798,66.975,86.6,6.74,1,Quetta,Balochistan,Flash Flood,500000,0
2025-09-07,24.8607,67.0011,0.0,0.36,0,Karachi,Sindh,None,0,0
2025-09-07,30.1798,66.975,81.5,6.65,1,Quetta,Balochistan,Flash Flood,500000,0
2025-09-10,30.1798,66.975,0.0,1.6,0,Quetta,Balochistan,None,0,0
2025-09-11,35.9221,74.3082,137.9,6.5,1,Gilgit,GB,Flash Flood,200000,50
2025-09-12,35.9221,74.3082,203.1,5.77,1,Gilgit,GB,Flash Flood,200000,0
2025-09-13,35.9221,74.3082,157.4,6.77,1,Gilgit,GB,Flash Flood,200000,0
2025-09-13,35.9221,74.3082,2.9,1.17,0,Gilgit,GB,None,0,0
2025-09-14,35.9221,74.3082,187.2,5.68,1,Gilgit,GB,Flash Flood,200000,0
2025-09-15,35.9221,74.3082,160.3,4.98,1,Gilgit,GB,Flash Flood,200000,0
2025-09-16,34.0151,71.5249,0.0,1.08,0,Peshawar,KPK,None,0,0
2025-09-16,35.9221,74.3082,144.3,4.69,1,Gilgit,GB,Flash Flood,200000,0
2025-09-17,35.9221,74.3082,80.2,5.31,1,Gilgit,GB,Flash Flood,200000,0
2025-09-18,35.9221,74.3082,47.0,4.2,1,Gilgit,GB,Flash Flood,200000,0
2025-09-19,27.7052,68.8574,0.0,0.83,0,Sukkur,Sindh,None,0,0
2025-09-19,35.9221,74.3082,78.0,4.46,1,Gilgit,GB,Flash Flood,200000,0
2025-09-22,31.5204,74.3587,9.0,1.64,0,Lahore,Punjab,None,0,0
2025-09-25,30.1575,71.5249,0.0,1.01,0,Multan,Punjab,None,0,0
2025-09-28,24.8607,67.0011,0.0,1.19,0,Karachi,Sindh,None,0,0
2025-10-01,31.5204,74.3587,0.0,1.58,0,Lahore,Punjab,None,0,0
2025-10-04,30.1575,71.5249,0.0,0.4,0,Multan,Punjab,None,0,0
2025-10-07,24.8607,67.0011,0.0,0.91,0,Karachi,Sindh,None,0,0
2025-10-10,30.1798,66.975,0.0,0.8,0,Quetta,Balochistan,None,0,0
2025-10-13,35.9221,74.3082,0.0,1.28,0,Gilgit,GB,None,0,0
2025-10-16,34.0151,71.5249,0.0,1.11,0,Peshawar,KPK,None,0,0
2025-10-19,27.7052,68.8574,0.0,0.36,0,Sukkur,Sindh,None,0,0
2025-10-22,31.5204,74.3587,0.0,0.3,0,Lahore,Punjab,None,0,0
2025-10-25,30.1575,71.5249,0.0,0.38,0,Multan,Punjab,None,0,0
2025-10-28,24.8607,67.0011,0.0,0.76,0,Karachi,Sindh,None,0,0
2025-10-31,30.1798,66.975,0.0,0.3,0,Quetta,Balochistan,None,0,0
2025-11-03,30.1798,66.975,7.3,0.64,0,Quetta,Balochistan,None,0,0
2025-11-06,35.9221,74.3082,0.0,1.57,0,Gilgit,GB,None,0,0
2025-11-09,34.0151,71.5249,0.0,0.79,0,Peshawar,KPK,None,0,0
2025-11-12,27.7052,68.8574,0.0,0.57,0,Sukkur,Sindh,None,0,0
2025-11-15,31.5204,74.3587,3.8,1.51,0,Lahore,Punjab,None,0,0
2025-11-18,30.1575,71.5249,0.0,0.89,0,Multan,Punjab,None,0,0
2025-11-21,24.8607,67.0011,0.0,0.42,0,Karachi,Sindh,None,0,0
2025-11-24,30.1798,66.975,0.0,0.55,0,Quetta,Balochistan,None,0,0
2025-11-27,35.9221,74.3082,0.0,1.73,0,Gilgit,GB,None,0,0
2025-11-30,34.0151,71.5249,0.0,1.2,0,Peshawar,KPK,None,0,0
2025-12-03,30.1798,66.975,0.0,1.44,0,Quetta,Balochistan,None,0,0
2025-12-06,35.9221,74.3082,0.0,1.06,0,Gilgit,GB,None,0,0
2025-12-09,34.0151,71.5249,3.8,1.54,0,Peshawar,KPK,None,0,0
2025-12-12,27.7052,68.8574,0.0,0.99,0,Sukkur,Sindh,None,0,0
2025-12-15,31.5204,74.3587,0.0,1.39,0,Lahore,Punjab,None,0,0
2025-12-18,30.1575,71.5249,0.0,1.51,0,Multan,Punjab,None,0,0
2025-12-21,24.8607,67.0011,0.0,0.8,0,Karachi,Sindh,None,0,0
2025-12-24,30.1798,66.975,0.0,1.35,0,Quetta,Balochistan,None,0,0
2025-12-27,35.9221,74.3082,0.0,1.72,0,Gilgit,GB,None,0,0
2025-12-30,34.0151,71.5249,0.0,0.54,0,Peshawar,KPK,None,0,0
