date,latitude,longitude,rainfall_mm,max_24hr_rainfall_mm,slope_degree,elevation_m,soil_type,consecutive_wet_days,landslide_occurred,city,province,landslide_cause,deaths,people_affected
2020-01-01,35.8781,74.371,1.9,0.9,15.5,2878,Clay,1,0,Gilgit,GB,None,0,0
2020-01-05,35.2617,71.8668,2.7,1.5,26.5,1453,Silt,2,0,Dir,KPK,None,0,0
2020-01-09,35.9379,71.7968,19.0,10.7,29.4,1456,Clay,1,0,Chitral,KPK,None,0,0
2020-01-13,35.9599,74.2893,0.0,0.0,12.2,1551,Sandy Loam,3,0,Gilgit,GB,None,0,0
2020-01-17,35.1804,71.8059,2.2,0.9,19.6,2734,Sandy Loam,0,0,Dir,KPK,None,0,0
2020-01-21,35.8354,71.7319,0.0,0.0,16.4,1731,Clay,4,0,Chitral,KPK,None,0,0
2020-01-25,36.0143,74.2585,6.4,3.2,11.5,2159,Clay,2,0,Gilgit,GB,None,0,0
2020-01-29,35.2109,71.9064,24.9,7.7,29.2,2482,Silt,4,0,Dir,KPK,None,0,0
2020-02-02,34.4374,73.4468,22.0,6.8,19.2,2713,Silt,2,0,Muzaffarabad,AJK,None,0,0
2020-02-06,35.2069,72.3669,0.0,0.0,21.3,2616,Loam,1,0,Swat,KPK,None,0,0
2020-02-10,36.3712,74.5747,2.5,0.8,18.5,1666,Loam,4,0,Hunza,GB,None,0,0
2020-02-14,34.2911,73.5176,29.0,9.7,23.7,1776,Clay,2,0,Muzaffarabad,AJK,None,0,0
2020-02-18,35.1411,72.4497,0.0,0.0,26.2,3034,Silt,2,0,Swat,KPK,None,0,0
2020-02-22,36.2368,74.66,0.0,0.0,27.0,2263,Loam,0,0,Hunza,GB,None,0,0
2020-02-26,34.3457,73.441,0.0,0.0,16.6,802,Clay,2,0,Muzaffarabad,AJK,None,0,0
2020-03-01,35.9483,74.3377,28.5,9.5,24.9,3604,Loam,1,0,Gilgit,GB,None,0,0
2020-03-04,35.8781,71.7842,77.1,50.6,43.4,1596,Sandy Loam,10,1,Chitral,KPK,Heavy Rain,8,200
2020-03-05,35.1675,71.8632,14.7,6.2,16.8,1247,Loam,0,0,Dir,KPK,None,0,0
2020-03-09,35.8734,71.833,20.5,12.9,19.6,2109,Loam,4,0,Chitral,KPK,None,0,0
2020-03-13,35.8608,74.4017,27.0,11.8,29.3,1862,Rocky,2,0,Gilgit,GB,None,0,0
2020-03-17,35.1408,71.8581,0.0,0.0,12.7,1951,Sandy Loam,2,0,Dir,KPK,None,0,0
2020-03-21,35.7818,71.882,0.0,0.0,25.9,1999,Clay,4,0,Chitral,KPK,None,0,0
2020-03-25,35.9307,74.3652,6.0,3.1,11.0,2537,Loam,3,0,Gilgit,GB,None,0,0
2020-03-29,35.2966,71.8782,2.4,0.8,14.1,3046,Loam,1,0,Dir,KPK,None,0,0
2020-04-02,34.3636,73.5693,14.6,5.0,16.9,1335,Silt,0,0,Muzaffarabad,AJK,None,0,0
2020-04-06,35.2261,72.4717,29.7,17.4,25.7,880,Silt,2,0,Swat,KPK,None,0,0
2020-04-10,36.3791,74.6244,4.5,2.4,13.1,4565,Loam,0,0,Hunza,GB,None,0,0
2020-04-14,36.2785,74.6317,33.4,28.9,50.2,3075,Sandy Loam,9,1,Hunza,GB,Snowmelt,3,500
2020-04-14,34.364,73.3802,24.6,9.7,25.9,2973,Loam,2,0,Muzaffarabad,AJK,None,0,0
2020-04-15,36.3156,74.6862,29.7,19.2,52.9,3212,Silt,10,1,Hunza,GB,Snowmelt,0,500
2020-04-16,36.3409,74.6127,28.2,23.6,50.1,2236,Clay,12,1,Hunza,GB,Snowmelt,0,500
2020-04-18,35.1894,72.452,23.7,15.2,18.2,1483,Loam,2,0,Swat,KPK,None,0,0
2020-04-22,36.3326,74.7024,0.0,0.0,27.0,3582,Loam,2,0,Hunza,GB,None,0,0
2020-04-26,34.4668,73.3741,0.0,0.0,25.7,2433,Loam,0,0,Muzaffarabad,AJK,None,0,0
2020-04-30,35.2986,72.4298,7.9,3.5,19.9,2311,Rocky,3,0,Swat,KPK,None,0,0
2020-05-04,36.2755,74.7385,15.3,7.2,11.0,4931,Loam,4,0,Hunza,GB,None,0,0
2020-05-08,34.3379,73.4932,0.0,0.0,20.7,2077,Clay,0,0,Muzaffarabad,AJK,None,0,0
2020-05-08,35.1873,72.4248,83.2,72.3,41.8,3090,Sandy Loam,3,1,Swat,KPK,Heavy Rain,5,300
2020-05-12,35.3004,72.4148,23.8,10.4,11.5,2791,Clay,2,0,Swat,KPK,None,0,0
2020-05-16,36.3358,74.6417,0.0,0.0,19.8,2833,Clay,3,0,Hunza,GB,None,0,0
2020-05-20,34.3515,73.5134,0.0,0.0,26.4,1250,Sandy Loam,1,0,Muzaffarabad,AJK,None,0,0
2020-05-24,35.1376,72.4503,3.1,1.8,14.9,2435,Clay,1,0,Swat,KPK,None,0,0
2020-05-28,36.3412,74.5691,2.9,1.5,27.3,1888,Loam,4,0,Hunza,GB,None,0,0
2020-06-01,35.9455,74.2596,27.9,8.4,24.8,2722,Silt,1,0,Gilgit,GB,None,0,0
2020-06-05,35.2493,71.7962,6.0,4.2,13.7,1304,Clay,0,0,Dir,KPK,None,0,0
2020-06-09,35.7688,71.8481,12.0,4.4,20.0,1493,Clay,2,0,Chitral,KPK,None,0,0
2020-06-13,35.9215,74.2343,0.0,0.0,24.3,2226,Clay,3,0,Gilgit,GB,None,0,0
2020-06-15,35.9627,74.3086,58.1,34.9,52.4,1628,Sandy Loam,9,1,Gilgit,GB,Heavy Rain,2,150
2020-06-16,35.8838,74.2603,40.4,27.3,57.0,4491,Rocky,4,1,Gilgit,GB,Heavy Rain,0,150
2020-06-17,35.9333,74.2691,37.6,28.0,54.9,3791,Clay,9,1,Gilgit,GB,Heavy Rain,0,150
2020-06-17,35.2786,71.8935,10.9,3.4,25.5,2663,Sandy Loam,2,0,Dir,KPK,None,0,0
2020-06-21,35.8828,71.7049,6.9,2.9,29.3,1499,Loam,4,0,Chitral,KPK,None,0,0
2020-06-25,35.9906,74.2803,19.0,8.3,21.5,4422,Sandy Loam,4,0,Gilgit,GB,None,0,0
2020-06-29,35.2108,71.9412,4.7,2.0,28.6,1013,Rocky,2,0,Dir,KPK,None,0,0
2020-07-03,35.9483,71.7949,14.0,6.9,11.9,1621,Sandy Loam,3,0,Chitral,KPK,None,0,0
2020-07-07,35.8248,74.3717,23.5,16.0,28.9,4534,Loam,4,0,Gilgit,GB,None,0,0
2020-07-11,35.19,71.9387,0.0,0.0,15.6,1593,Loam,0,0,Dir,KPK,None,0,0
2020-07-12,35.463,73.0319,47.3,37.1,48.1,1686,Sandy Loam,12,1,Kohistan,KPK,Monsoon Rain,12,800
2020-07-13,35.5151,73.0347,65.2,45.1,49.3,2705,Sandy Loam,4,1,Kohistan,KPK,Monsoon Rain,0,800
2020-07-14,35.514,72.9622,28.8,20.7,47.5,2823,Clay,13,1,Kohistan,KPK,Monsoon Rain,0,800
2020-07-15,35.9147,71.6964,11.6,7.1,10.7,2123,Clay,1,0,Chitral,KPK,None,0,0
2020-07-19,35.8348,74.2357,15.3,6.3,29.1,4783,Loam,4,0,Gilgit,GB,None,0,0
2020-07-23,35.2663,71.9268,23.7,16.3,27.5,2537,Loam,1,0,Dir,KPK,None,0,0
2020-07-25,34.3642,73.4331,108.4,75.0,41.1,1950,Loam,3,1,Muzaffarabad,AJK,Monsoon Rain,6,400
2020-07-26,34.3743,73.4377,53.0,43.5,39.3,1320,Loam,7,1,Muzaffarabad,AJK,Monsoon Rain,0,400
2020-07-27,35.8656,71.7448,6.2,3.1,14.3,1166,Silt,0,0,Chitral,KPK,None,0,0
2020-07-31,35.8344,74.2319,0.0,0.0,13.5,1313,Clay,0,0,Gilgit,GB,None,0,0
2020-08-04,36.4036,74.6044,11.6,4.0,26.7,4787,Clay,2,0,Hunza,GB,None,0,0
2020-08-05,35.1982,71.831,78.2,53.8,47.1,2525,Clay,11,1,Dir,KPK,Monsoon Rain,9,600
2020-08-08,34.4537,73.4314,26.6,14.7,21.7,1267,Clay,3,0,Muzaffarabad,AJK,None,0,0
2020-08-12,35.1455,72.4162,11.6,5.1,22.3,846,Clay,2,0,Swat,KPK,None,0,0
2020-08-16,36.3276,74.5809,0.0,0.0,22.9,2462,Sandy Loam,1,0,Hunza,GB,None,0,0
2020-08-20,34.6533,72.4824,54.6,32.9,44.9,861,Rocky,13,1,Shangla,KPK,Monsoon Rain,7,450
2020-08-20,34.2821,73.4062,11.2,4.8,16.2,2230,Loam,4,0,Muzaffarabad,AJK,None,0,0
2020-08-21,34.6389,72.5626,39.7,27.7,46.6,2143,Loam,8,1,Shangla,KPK,Monsoon Rain,0,450
2020-08-24,35.2151,72.4235,23.1,11.5,23.8,1215,Clay,4,0,Swat,KPK,None,0,0
2020-08-28,36.402,74.6243,2.9,1.6,18.7,1510,Sandy Loam,4,0,Hunza,GB,None,0,0
2020-09-01,35.9335,74.2937,4.2,1.8,12.2,2762,Sandy Loam,4,0,Gilgit,GB,None,0,0
2020-09-05,35.2052,71.8207,4.1,1.8,12.5,3406,Loam,3,0,Dir,KPK,None,0,0
2020-09-09,35.8683,71.798,0.0,0.0,24.9,2277,Clay,4,0,Chitral,KPK,None,0,0
2020-09-10,35.4478,76.7341,32.9,20.4,62.1,3746,Sandy Loam,3,1,Ghanche,GB,Heavy Rain,4,200
2020-09-11,35.4621,76.7254,54.2,39.9,60.0,4203,Loam,5,1,Ghanche,GB,Heavy Rain,0,200
2020-09-12,35.5164,76.7677,33.5,19.7,58.9,2974,Clay,10,1,Ghanche,GB,Heavy Rain,0,200
2020-09-13,35.9496,74.393,0.0,0.0,20.8,1328,Clay,3,0,Gilgit,GB,None,0,0
2020-09-17,35.1821,71.8011,6.1,3.9,15.3,914,Sandy Loam,2,0,Dir,KPK,None,0,0
2020-09-21,35.9279,71.781,0.9,0.5,27.5,2163,Sandy Loam,0,0,Chitral,KPK,None,0,0
2020-09-25,35.9503,74.2491,10.1,5.5,11.9,2646,Loam,3,0,Gilgit,GB,None,0,0
2020-09-29,35.157,71.9336,19.8,7.6,23.4,2948,Loam,0,0,Dir,KPK,None,0,0
2020-10-02,34.5372,73.8744,35.9,19.8,50.9,1704,Loam,13,1,Neelum Valley,AJK,Heavy Rain,3,180
2020-10-03,34.5881,73.9476,28.2,14.6,50.2,1575,Loam,8,1,Neelum Valley,AJK,Heavy Rain,0,180
2020-10-03,35.7838,71.842,7.8,5.3,21.0,2012,Sandy Loam,4,0,Chitral,KPK,None,0,0
2020-10-07,35.9717,74.3573,3.2,1.8,27.4,2347,Clay,2,0,Gilgit,GB,None,0,0
2020-10-11,35.2669,71.8776,1.2,0.5,14.4,2519,Silt,2,0,Dir,KPK,None,0,0
2020-10-15,35.8574,71.7799,0.0,0.0,19.2,1612,Clay,1,0,Chitral,KPK,None,0,0
2020-10-19,35.8555,74.3841,11.7,4.9,20.6,3611,Clay,2,0,Gilgit,GB,None,0,0
2020-10-23,35.2026,71.8671,0.0,0.0,10.7,2939,Loam,0,0,Dir,KPK,None,0,0
2020-10-27,35.8084,71.7824,23.4,8.0,14.8,1943,Loam,1,0,Chitral,KPK,None,0,0
2020-10-31,35.8363,74.3822,25.3,14.1,22.4,1736,Loam,2,0,Gilgit,GB,None,0,0
2020-11-04,36.2932,74.6504,0.0,0.0,24.0,1735,Sandy Loam,0,0,Hunza,GB,None,0,0
2020-11-08,34.3415,73.5505,6.2,1.9,18.9,2768,Silt,3,0,Muzaffarabad,AJK,None,0,0
2020-11-12,35.292,72.3799,0.0,0.0,27.9,1687,Silt,4,0,Swat,KPK,None,0,0
2020-11-16,36.2586,74.5596,0.0,0.0,26.6,1680,Silt,3,0,Hunza,GB,None,0,0
2020-11-20,34.3947,73.4947,0.7,0.3,12.0,972,Clay,1,0,Muzaffarabad,AJK,None,0,0
2020-11-24,35.2985,72.5221,16.6,6.9,18.0,912,Sandy Loam,2,0,Swat,KPK,None,0,0
2020-11-28,36.4058,74.5947,0.0,0.0,22.6,4195,Rocky,0,0,Hunza,GB,None,0,0
2020-12-02,34.4434,73.4864,11.0,6.9,25.7,1517,Loam,0,0,Muzaffarabad,AJK,None,0,0
2020-12-06,35.3108,72.3487,15.9,9.8,19.2,1403,Sandy Loam,1,0,Swat,KPK,None,0,0
2020-12-10,36.4156,74.5672,9.2,5.0,16.5,1236,Silt,1,0,Hunza,GB,None,0,0
2020-12-14,34.2803,73.5323,0.0,0.0,19.2,2235,Loam,2,0,Muzaffarabad,AJK,None,0,0
2020-12-18,35.2436,72.4405,0.0,0.0,16.0,2188,Loam,0,0,Swat,KPK,None,0,0
2020-12-22,36.2393,74.6425,0.0,0.0,26.2,3459,Loam,1,0,Hunza,GB,None,0,0
2020-12-26,34.3515,73.4255,15.6,7.7,12.9,1408,Clay,1,0,Muzaffarabad,AJK,None,0,0
2020-12-30,35.212,72.3361,3.0,1.8,29.5,1236,Loam,0,0,Swat,KPK,None,0,0
2021-01-03,35.8478,71.8541,24.7,13.4,21.2,872,Loam,0,0,Chitral,KPK,None,0,0
2021-01-07,36.022,74.3917,14.7,4.6,13.8,2114,Loam,4,0,Gilgit,GB,None,0,0
2021-01-11,35.1578,71.8288,0.0,0.0,24.1,2419,Loam,0,0,Dir,KPK,None,0,0
2021-01-15,35.8274,71.821,3.2,2.0,19.6,1094,Sandy Loam,2,0,Chitral,KPK,None,0,0
2021-01-19,35.9764,74.2449,2.4,0.7,26.7,2605,Loam,1,0,Gilgit,GB,None,0,0
2021-01-23,35.1575,71.8367,2.4,1.2,18.5,2985,Sandy Loam,2,0,Dir,KPK,None,0,0
2021-01-27,35.8865,71.8311,1.8,0.9,29.4,3025,Clay,0,0,Chitral,KPK,None,0,0
2021-01-31,35.8946,74.2103,4.4,1.4,17.4,2187,Clay,4,0,Gilgit,GB,None,0,0
2021-02-04,36.3164,74.7277,0.0,0.0,10.9,4073,Clay,4,0,Hunza,GB,None,0,0
2021-02-08,34.3265,73.4003,18.4,7.5,22.8,1994,Sandy Loam,4,0,Muzaffarabad,AJK,None,0,0
2021-02-12,35.1664,72.5253,20.8,9.3,13.7,2681,Clay,4,0,Swat,KPK,None,0,0
2021-02-16,36.3871,74.6051,0.0,0.0,11.9,1963,Clay,4,0,Hunza,GB,None,0,0
2021-02-20,34.3183,73.3988,0.7,0.4,22.4,1199,Silt,2,0,Muzaffarabad,AJK,None,0,0
2021-02-24,35.1955,72.451,0.0,0.0,14.6,2109,Loam,2,0,Swat,KPK,None,0,0
2021-02-28,36.2787,74.6197,26.2,11.7,18.9,1813,Loam,4,0,Hunza,GB,None,0,0
2021-03-04,36.4077,74.6926,0.0,0.0,28.9,1944,Loam,2,0,Hunza,GB,None,0,0
2021-03-08,34.3231,73.5657,0.0,0.0,21.4,724,Loam,1,0,Muzaffarabad,AJK,None,0,0
2021-03-12,35.2913,72.3349,14.8,9.9,23.8,2604,Sandy Loam,1,0,Swat,KPK,None,0,0
2021-03-16,36.2656,74.7217,0.0,0.0,21.6,3988,Sandy Loam,3,0,Hunza,GB,None,0,0
2021-03-18,35.8139,71.7404,46.8,38.3,44.1,1745,Rocky,4,1,Chitral,KPK,Snowmelt,5,300
2021-03-19,35.8077,71.8139,41.4,34.4,49.2,3489,Sandy Loam,4,1,Chitral,KPK,Snowmelt,0,300
2021-03-20,34.434,73.3888,7.5,4.0,11.0,2163,Clay,4,0,Muzaffarabad,AJK,None,0,0
2021-03-24,35.281,72.3725,28.5,17.0,11.0,1290,Sandy Loam,3,0,Swat,KPK,None,0,0
2021-03-28,36.3678,74.6109,8.0,4.4,14.0,2961,Loam,0,0,Hunza,GB,None,0,0
2021-04-01,35.9533,74.4035,7.2,2.8,25.7,4631,Clay,2,0,Gilgit,GB,None,0,0
2021-04-05,35.2333,71.8769,1.3,0.5,20.1,3009,Sandy Loam,4,0,Dir,KPK,None,0,0
2021-04-09,35.9202,71.7918,11.6,7.0,22.8,882,Silt,0,0,Chitral,KPK,None,0,0
2021-04-13,35.9081,74.2126,0.0,0.0,19.2,2281,Loam,0,0,Gilgit,GB,None,0,0
2021-04-17,35.1911,71.7954,0.0,0.0,13.0,1861,Rocky,1,0,Dir,KPK,None,0,0
2021-04-21,35.9315,71.7031,10.0,6.4,14.1,2655,Loam,4,0,Chitral,KPK,None,0,0
2021-04-22,36.269,74.6272,43.4,31.9,50.6,1681,Loam,10,1,Hunza,GB,Snowmelt,4,600
2021-04-23,36.3376,74.6346,28.3,21.4,50.3,3310,Clay,11,1,Hunza,GB,Snowmelt,0,600
2021-04-24,36.3244,74.6712,26.1,13.2,52.2,1596,Clay,14,1,Hunza,GB,Snowmelt,0,600
2021-04-25,35.9157,74.2685,4.1,2.7,14.0,4967,Clay,3,0,Gilgit,GB,None,0,0
2021-04-29,35.2846,71.9172,0.0,0.0,28.4,1955,Silt,3,0,Dir,KPK,None,0,0
2021-05-03,35.9366,71.875,23.7,15.5,29.8,1143,Clay,3,0,Chitral,KPK,None,0,0
2021-05-07,36.0024,74.2898,0.0,0.0,24.0,3415,Clay,0,0,Gilgit,GB,None,0,0
2021-05-11,35.2601,71.8058,0.0,0.0,10.9,1135,Loam,2,0,Dir,KPK,None,0,0
2021-05-15,35.8329,71.7459,2.2,1.3,11.3,1341,Silt,2,0,Chitral,KPK,None,0,0
2021-05-15,35.2505,72.4446,83.5,53.3,43.2,3084,Clay,13,1,Swat,KPK,Heavy Rain,8,500
2021-05-16,35.2153,72.4372,22.3,16.6,41.1,2252,Sandy Loam,14,1,Swat,KPK,Heavy Rain,0,500
2021-05-17,35.1893,72.4502,19.0,16.6,38.5,2263,Clay,14,1,Swat,KPK,Heavy Rain,0,500
2021-05-19,35.8731,74.3918,3.2,1.1,23.8,4405,Sandy Loam,1,0,Gilgit,GB,None,0,0
2021-05-23,35.2403,71.7996,0.0,0.0,26.3,829,Clay,1,0,Dir,KPK,None,0,0
2021-05-27,35.8878,71.8233,0.0,0.0,19.5,1136,Loam,2,0,Chitral,KPK,None,0,0
2021-05-31,35.9635,74.3238,9.1,5.1,14.2,1572,Loam,3,0,Gilgit,GB,None,0,0
2021-06-04,36.3085,74.6078,6.3,4.2,22.2,3562,Loam,4,0,Hunza,GB,None,0,0
2021-06-08,34.2759,73.4501,3.5,2.1,15.8,885,Clay,3,0,Muzaffarabad,AJK,None,0,0
2021-06-08,35.8986,74.3158,55.9,28.7,56.6,4853,Clay,12,1,Gilgit,GB,Heavy Rain,3,250
2021-06-12,35.3116,72.3676,0.0,0.0,14.8,2925,Clay,1,0,Swat,KPK,None,0,0
2021-06-16,36.343,74.6603,11.9,5.5,16.5,4425,Sandy Loam,2,0,Hunza,GB,None,0,0
2021-06-20,34.355,73.4639,0.0,0.0,19.8,2776,Sandy Loam,2,0,Muzaffarabad,AJK,None,0,0
2021-06-24,35.2044,72.3667,0.0,0.0,15.0,2020,Clay,1,0,Swat,KPK,None,0,0
2021-06-28,36.3619,74.7259,11.6,3.6,22.0,3423,Rocky,3,0,Hunza,GB,None,0,0
2021-07-02,34.2766,73.4007,3.0,2.0,28.4,1045,Clay,1,0,Muzaffarabad,AJK,None,0,0
2021-07-04,35.4603,73.0467,103.9,69.7,47.1,1937,Clay,2,1,Kohistan,KPK,Monsoon Rain,15,1000
2021-07-06,35.2344,72.4525,2.6,0.9,29.7,2968,Loam,0,0,Swat,KPK,None,0,0
2021-07-10,36.2324,74.6901,0.0,0.0,24.1,4874,Rocky,4,0,Hunza,GB,None,0,0
2021-07-14,34.4652,73.5182,26.5,13.1,30.0,952,Sandy Loam,1,0,Muzaffarabad,AJK,None,0,0
2021-07-18,35.1615,72.3899,14.9,4.5,15.7,1695,Silt,4,0,Swat,KPK,None,0,0
2021-07-18,35.1987,71.8751,52.4,26.5,47.2,2697,Clay,6,1,Dir,KPK,Monsoon Rain,10,700
2021-07-19,35.1617,71.914,65.0,53.5,42.2,1574,Clay,11,1,Dir,KPK,Monsoon Rain,0,700
2021-07-20,35.2497,71.8646,38.0,28.5,47.4,2290,Loam,12,1,Dir,KPK,Monsoon Rain,0,700
2021-07-22,36.3394,74.7114,3.7,1.9,22.0,3041,Loam,3,0,Hunza,GB,None,0,0
2021-07-26,34.3448,73.5178,0.0,0.0,21.1,2095,Loam,3,0,Muzaffarabad,AJK,None,0,0
2021-07-30,34.4131,73.4639,83.0,60.2,43.3,1491,Loam,9,1,Muzaffarabad,AJK,Monsoon Rain,7,500
2021-07-30,35.3091,72.4731,0.0,0.0,28.5,1413,Loam,1,0,Swat,KPK,None,0,0
2021-08-03,35.8919,71.833,6.0,2.1,22.4,1630,Loam,4,0,Chitral,KPK,None,0,0
2021-08-07,35.989,74.2214,12.7,7.7,27.5,1351,Clay,4,0,Gilgit,GB,None,0,0
2021-08-11,35.2249,71.9359,0.0,0.0,27.4,2621,Clay,1,0,Dir,KPK,None,0,0
2021-08-12,34.6364,72.4973,62.6,47.2,47.6,1977,Clay,13,1,Shangla,KPK,Monsoon Rain,11,800
2021-08-15,35.7891,71.7072,2.0,1.0,26.4,2864,Clay,0,0,Chitral,KPK,None,0,0
2021-08-19,35.9418,74.4052,2.4,1.0,29.4,1784,Loam,1,0,Gilgit,GB,None,0,0
2021-08-23,35.1507,71.8766,26.2,14.3,23.4,3174,Loam,0,0,Dir,KPK,None,0,0
2021-08-27,35.8315,71.8053,1.9,1.2,15.0,2309,Loam,0,0,Chitral,KPK,None,0,0
2021-08-31,35.8863,74.2364,7.2,2.5,27.0,2731,Silt,4,0,Gilgit,GB,None,0,0
2021-09-02,35.5099,76.7563,86.2,54.3,64.1,1772,Loam,10,1,Ghanche,GB,Heavy Rain,5,300
2021-09-04,36.3118,74.737,1.9,1.1,11.1,3164,Loam,2,0,Hunza,GB,None,0,0
2021-09-08,34.3334,73.5532,13.6,6.4,11.9,2424,Sandy Loam,3,0,Muzaffarabad,AJK,None,0,0
2021-09-12,35.2812,72.5061,0.0,0.0,10.2,2265,Silt,2,0,Swat,KPK,None,0,0
2021-09-16,36.2617,74.7011,10.9,7.2,16.6,2227,Loam,2,0,Hunza,GB,None,0,0
2021-09-20,34.3159,73.4131,0.0,0.0,24.1,2664,Clay,1,0,Muzaffarabad,AJK,None,0,0
2021-09-24,35.2099,72.3316,8.3,5.4,17.2,1894,Clay,1,0,Swat,KPK,None,0,0
2021-09-28,36.2288,74.6296,0.0,0.0,28.5,2210,Clay,4,0,Hunza,GB,None,0,0
2021-10-02,34.3285,73.4439,0.0,0.0,10.2,2399,Loam,4,0,Muzaffarabad,AJK,None,0,0
2021-10-06,35.3155,72.4288,0.0,0.0,25.8,1373,Clay,3,0,Swat,KPK,None,0,0
2021-10-10,36.2307,74.685,0.0,0.0,24.9,4102,Loam,0,0,Hunza,GB,None,0,0
2021-10-14,34.6152,73.9372,75.1,64.5,54.9,2697,Sandy Loam,11,1,Neelum Valley,AJK,Heavy Rain,4,220
2021-10-14,34.2935,73.4008,12.0,6.0,20.5,1861,Silt,3,0,Muzaffarabad,AJK,None,0,0
2021-10-15,34.5988,73.9054,61.1,43.4,51.1,1357,Clay,9,1,Neelum Valley,AJK,Heavy Rain,0,220
2021-10-18,35.2908,72.3328,0.0,0.0,12.2,1180,Sandy Loam,2,0,Swat,KPK,None,0,0
2021-10-22,36.2264,74.5891,11.8,6.4,12.5,4363,Silt,2,0,Hunza,GB,None,0,0
2021-10-26,34.2756,73.543,1.0,0.7,19.8,2085,Silt,1,0,Muzaffarabad,AJK,None,0,0
2021-10-30,35.1452,72.4444,5.0,3.3,24.2,3161,Loam,4,0,Swat,KPK,None,0,0
2021-11-03,35.8471,71.691,0.0,0.0,28.1,3130,Silt,0,0,Chitral,KPK,None,0,0
2021-11-05,34.2202,71.0516,27.1,19.6,38.9,3052,Clay,4,1,Khyber,KPK,Heavy Rain,2,150
2021-11-07,35.9194,74.3524,0.0,0.0,29.9,3419,Clay,4,0,Gilgit,GB,None,0,0
2021-11-11,35.2245,71.8792,0.0,0.0,14.3,3474,Clay,0,0,Dir,KPK,None,0,0
2021-11-15,35.7603,71.7684,7.8,5.4,19.7,1009,Loam,1,0,Chitral,KPK,None,0,0
2021-11-19,35.9108,74.255,0.0,0.0,22.6,3862,Sandy Loam,0,0,Gilgit,GB,None,0,0
2021-11-23,35.2436,71.8915,11.2,3.7,24.7,2073,Loam,3,0,Dir,KPK,None,0,0
2021-11-27,35.7518,71.7452,27.8,19.2,10.9,1864,Clay,1,0,Chitral,KPK,None,0,0
2021-12-01,35.9752,74.3715,0.0,0.0,24.8,4105,Loam,4,0,Gilgit,GB,None,0,0
2021-12-05,35.1469,71.8825,8.5,3.2,10.2,1440,Clay,3,0,Dir,KPK,None,0,0
2021-12-09,35.8779,71.767,11.1,5.5,17.9,2979,Rocky,2,0,Chitral,KPK,None,0,0
2021-12-13,35.8892,74.2149,4.2,1.3,27.7,3254,Loam,3,0,Gilgit,GB,None,0,0
2021-12-17,35.1406,71.7977,21.7,11.5,15.6,1221,Loam,1,0,Dir,KPK,None,0,0
2021-12-21,35.794,71.6978,4.4,2.5,12.2,1026,Rocky,0,0,Chitral,KPK,None,0,0
2021-12-25,35.8485,74.2093,21.3,14.2,28.9,1421,Loam,4,0,Gilgit,GB,None,0,0
2021-12-29,35.2978,71.888,0.0,0.0,26.4,3231,Loam,1,0,Dir,KPK,None,0,0
2022-01-02,34.3342,73.4876,25.4,12.4,17.9,2957,Rocky,2,0,Muzaffarabad,AJK,None,0,0
2022-01-06,35.1665,72.4666,7.9,5.4,23.5,3138,Clay,4,0,Swat,KPK,None,0,0
2022-01-10,36.2424,74.6783,17.0,7.3,25.1,4841,Rocky,4,0,Hunza,GB,None,0,0
2022-01-14,34.3301,73.3878,0.0,0.0,29.3,854,Loam,1,0,Muzaffarabad,AJK,None,0,0
2022-01-18,35.1878,72.4139,28.1,9.3,10.1,3233,Clay,1,0,Swat,KPK,None,0,0
2022-01-22,36.3839,74.6926,0.0,0.0,24.1,1308,Sandy Loam,3,0,Hunza,GB,None,0,0
2022-01-26,34.4011,73.3946,22.0,9.3,27.4,1597,Loam,3,0,Muzaffarabad,AJK,None,0,0
2022-01-30,35.1732,72.346,0.0,0.0,16.3,1332,Rocky,2,0,Swat,KPK,None,0,0
2022-02-03,35.9319,71.7414,12.5,6.3,24.2,2003,Sandy Loam,0,0,Chitral,KPK,None,0,0
2022-02-07,35.8669,74.2421,0.0,0.0,16.6,3443,Clay,0,0,Gilgit,GB,None,0,0
2022-02-11,35.1415,71.895,5.6,3.8,12.8,1186,Sandy Loam,4,0,Dir,KPK,None,0,0
2022-02-15,35.9372,71.7373,0.0,0.0,28.0,3302,Loam,1,0,Chitral,KPK,None,0,0
2022-02-19,35.9496,74.3666,0.0,0.0,11.5,2409,Rocky,2,0,Gilgit,GB,None,0,0
2022-02-23,35.2076,71.7853,7.6,4.2,20.8,2263,Clay,1,0,Dir,KPK,None,0,0
2022-02-27,35.7531,71.7864,0.0,0.0,15.6,2489,Sandy Loam,4,0,Chitral,KPK,None,0,0
2022-03-03,35.9072,71.7229,2.1,0.6,19.0,3356,Loam,4,0,Chitral,KPK,None,0,0
2022-03-07,35.8304,74.2169,7.6,4.1,15.0,2426,Sandy Loam,4,0,Gilgit,GB,None,0,0
2022-03-10,35.8094,71.8188,29.1,16.7,45.5,3197,Clay,2,1,Chitral,KPK,Snowmelt,6,350
2022-03-11,35.852,71.7712,27.7,20.7,50.9,848,Loam,7,1,Chitral,KPK,Snowmelt,0,350
2022-03-11,35.1277,71.8932,14.9,8.8,28.2,1824,Clay,2,0,Dir,KPK,None,0,0
2022-03-15,35.8353,71.8361,12.6,6.9,29.4,1678,Loam,4,0,Chitral,KPK,None,0,0
2022-03-19,35.9307,74.243,0.0,0.0,28.1,2620,Clay,3,0,Gilgit,GB,None,0,0
2022-03-23,35.1667,71.8502,0.0,0.0,29.1,2627,Loam,0,0,Dir,KPK,None,0,0
2022-03-27,35.8496,71.7355,12.1,8.2,20.5,2988,Clay,4,0,Chitral,KPK,None,0,0
2022-03-31,36.0064,74.2652,4.9,2.8,12.3,1524,Silt,0,0,Gilgit,GB,None,0,0
2022-04-04,36.2337,74.7117,10.0,4.4,13.5,2682,Silt,0,0,Hunza,GB,None,0,0
2022-04-05,36.3279,74.6671,34.8,30.0,54.7,3468,Clay,7,1,Hunza,GB,Snowmelt,5,700
2022-04-06,36.3591,74.6026,25.4,13.4,51.3,3822,Loam,7,1,Hunza,GB,Snowmelt,0,700
2022-04-08,34.4172,73.3975,12.0,3.6,13.0,2584,Loam,1,0,Muzaffarabad,AJK,None,0,0
2022-04-12,35.1235,72.3955,5.6,3.4,27.2,1761,Sandy Loam,1,0,Swat,KPK,None,0,0
2022-04-16,36.3283,74.6212,0.0,0.0,29.4,4351,Sandy Loam,1,0,Hunza,GB,None,0,0
2022-04-20,34.3523,73.5109,0.0,0.0,19.4,1381,Rocky,3,0,Muzaffarabad,AJK,None,0,0
2022-04-24,35.1724,72.4103,6.7,4.0,11.2,3024,Rocky,1,0,Swat,KPK,None,0,0
2022-04-28,36.3256,74.6407,0.6,0.4,23.9,1234,Sandy Loam,1,0,Hunza,GB,None,0,0
2022-05-02,34.3156,73.4732,0.0,0.0,17.6,2970,Rocky,4,0,Muzaffarabad,AJK,None,0,0
2022-05-06,35.1671,72.4621,2.2,1.2,22.0,2148,Clay,2,0,Swat,KPK,None,0,0
2022-05-10,36.3325,74.6837,8.0,3.3,10.4,3465,Silt,3,0,Hunza,GB,None,0,0
2022-05-14,34.2862,73.4045,0.0,0.0,26.8,1329,Clay,4,0,Muzaffarabad,AJK,None,0,0
2022-05-18,35.1619,72.3671,0.0,0.0,11.2,1660,Sandy Loam,4,0,Swat,KPK,None,0,0
2022-05-20,35.2378,72.4349,50.8,40.4,41.7,2544,Silt,14,1,Swat,KPK,Heavy Rain,9,550
2022-05-21,35.2423,72.4181,58.7,44.8,42.6,3012,Silt,9,1,Swat,KPK,Heavy Rain,0,550
2022-05-22,36.2962,74.6598,20.9,9.0,22.3,3756,Loam,4,0,Hunza,GB,None,0,0
2022-05-26,34.3528,73.5356,13.1,5.8,23.4,2627,Clay,0,0,Muzaffarabad,AJK,None,0,0
2022-05-30,35.1811,72.4204,0.0,0.0,18.6,1214,Loam,4,0,Swat,KPK,None,0,0
2022-06-03,35.7921,71.6894,8.8,4.8,26.9,1796,Loam,1,0,Chitral,KPK,None,0,0
2022-06-07,35.9323,74.3193,0.0,0.0,14.3,4081,Clay,0,0,Gilgit,GB,None,0,0
2022-06-11,35.1902,71.8626,0.0,0.0,17.7,1918,Rocky,3,0,Dir,KPK,None,0,0
2022-06-14,35.5218,72.9864,68.9,56.0,51.0,1691,Clay,9,1,Kohistan,KPK,Monsoon Rain,18,1200
2022-06-15,35.9291,71.6957,0.0,0.0,17.9,1407,Rocky,1,0,Chitral,KPK,None,0,0
2022-06-19,36.0144,74.3955,0.0,0.0,23.1,3426,Clay,2,0,Gilgit,GB,None,0,0
2022-06-23,35.2983,71.8888,0.0,0.0,12.0,1195,Clay,2,0,Dir,KPK,None,0,0
2022-06-27,35.7959,71.7638,13.8,5.4,10.9,2131,Clay,1,0,Chitral,KPK,None,0,0
2022-07-01,35.217,71.916,97.9,51.1,46.4,1090,Loam,8,1,Dir,KPK,Monsoon Rain,14,900
2022-07-01,35.8469,74.3801,0.0,0.0,16.4,1382,Silt,2,0,Gilgit,GB,None,0,0
2022-07-02,35.1728,71.8586,55.5,41.8,44.6,2794,Loam,7,1,Dir,KPK,Monsoon Rain,0,900
2022-07-05,35.1242,71.8487,4.5,2.4,29.4,2721,Rocky,2,0,Dir,KPK,None,0,0
2022-07-09,35.8043,71.7273,27.7,19.0,13.6,3048,Clay,2,0,Chitral,KPK,None,0,0
2022-07-13,35.9617,74.2702,13.5,4.4,15.1,1214,Rocky,4,0,Gilgit,GB,None,0,0
2022-07-15,34.6504,72.4998,99.4,62.3,44.0,2247,Rocky,5,1,Shangla,KPK,Monsoon Rain,20,1500
2022-07-16,34.6228,72.5592,61.2,32.8,45.1,2159,Loam,4,1,Shangla,KPK,Monsoon Rain,0,1500
2022-07-17,34.6656,72.5161,64.2,53.1,44.7,911,Clay,14,1,Shangla,KPK,Monsoon Rain,0,1500
2022-07-17,35.1691,71.8499,13.1,5.1,19.2,1625,Silt,4,0,Dir,KPK,None,0,0
2022-07-21,35.7592,71.7834,10.6,5.9,23.6,1481,Rocky,0,0,Chitral,KPK,None,0,0
2022-07-25,35.9729,74.3733,0.0,0.0,26.5,4413,Clay,2,0,Gilgit,GB,None,0,0
2022-07-28,34.3623,73.4722,54.0,45.0,45.3,1779,Sandy Loam,13,1,Muzaffarabad,AJK,Monsoon Rain,12,900
2022-07-29,35.242,71.9209,0.0,0.0,25.9,1726,Loam,2,0,Dir,KPK,None,0,0
2022-07-29,34.3433,73.4907,91.9,75.0,42.2,2924,Loam,7,1,Muzaffarabad,AJK,Monsoon Rain,0,900
2022-08-02,34.4328,73.4733,0.0,0.0,12.6,1156,Clay,3,0,Muzaffarabad,AJK,None,0,0
2022-08-06,35.1618,72.4145,0.0,0.0,28.8,3332,Clay,4,0,Swat,KPK,None,0,0
2022-08-10,36.3019,74.5513,0.0,0.0,10.5,4442,Loam,2,0,Hunza,GB,None,0,0
2022-08-10,35.8864,74.356,109.5,67.4,56.3,1907,Clay,6,1,Gilgit,GB,Monsoon Rain,8,600
2022-08-11,35.8844,74.3543,80.3,59.5,55.9,3647,Rocky,3,1,Gilgit,GB,Monsoon Rain,0,600
2022-08-12,35.8963,74.31,56.7,31.5,58.4,3468,Rocky,11,1,Gilgit,GB,Monsoon Rain,0,600
2022-08-14,34.3072,73.4482,8.7,3.3,15.6,1929,Clay,3,0,Muzaffarabad,AJK,None,0,0
2022-08-18,35.1316,72.4617,0.0,0.0,17.7,3439,Loam,3,0,Swat,KPK,None,0,0
2022-08-22,34.5417,73.9493,40.3,28.9,57.4,1142,Loam,7,1,Neelum Valley,AJK,Monsoon Rain,6,400
2022-08-22,36.2736,74.6457,0.6,0.3,29.7,2984,Loam,4,0,Hunza,GB,None,0,0
2022-08-23,34.5545,73.8713,86.3,76.2,56.9,709,Clay,8,1,Neelum Valley,AJK,Monsoon Rain,0,400
2022-08-26,34.365,73.5687,0.7,0.3,27.9,1100,Silt,4,0,Muzaffarabad,AJK,None,0,0
2022-08-30,35.2982,72.3518,29.6,18.3,24.6,2527,Clay,4,0,Swat,KPK,None,0,0
2022-09-03,35.9162,71.8677,2.7,0.9,14.6,2339,Loam,3,0,Chitral,KPK,None,0,0
2022-09-05,35.4445,76.7397,30.0,21.8,61.7,1693,Loam,8,1,Ghanche,GB,Heavy Rain,7,350
2022-09-06,35.4917,76.7755,22.3,14.5,64.8,1561,Silt,4,1,Ghanche,GB,Heavy Rain,0,350
2022-09-07,35.5275,76.7195,24.7,16.6,62.9,3478,Loam,11,1,Ghanche,GB,Heavy Rain,0,350
2022-09-07,35.9608,74.3911,9.4,6.6,25.8,3487,Loam,1,0,Gilgit,GB,None,0,0
2022-09-11,35.2794,71.9261,2.5,1.3,28.2,2136,Clay,1,0,Dir,KPK,None,0,0
2022-09-15,35.8158,71.7061,0.0,0.0,16.8,3452,Loam,0,0,Chitral,KPK,None,0,0
2022-09-19,36.0049,74.2296,0.0,0.0,16.0,2506,Silt,3,0,Gilgit,GB,None,0,0
2022-09-23,35.1438,71.8776,0.0,0.0,19.9,3330,Loam,0,0,Dir,KPK,None,0,0
2022-09-27,35.8233,71.7107,15.5,7.1,28.8,1270,Silt,3,0,Chitral,KPK,None,0,0
2022-10-01,35.9656,74.2618,2.0,0.8,20.1,1607,Loam,4,0,Gilgit,GB,None,0,0
2022-10-05,35.1072,71.9676,0.0,0.0,22.0,3243,Loam,1,0,Dir,KPK,None,0,0
2022-10-09,35.9479,71.7483,16.4,6.8,23.7,3498,Clay,2,0,Chitral,KPK,None,0,0
2022-10-13,35.9532,74.3838,0.0,0.0,10.3,4112,Clay,2,0,Gilgit,GB,None,0,0
2022-10-17,35.1323,71.833,0.0,0.0,22.0,2946,Clay,1,0,Dir,KPK,None,0,0
2022-10-18,27.8113,66.6498,33.2,23.4,37.4,2037,Clay,9,1,Khuzdar,Balochistan,Heavy Rain,4,250
2022-10-19,27.854,66.5785,47.4,24.3,37.7,849,Sandy Loam,10,1,Khuzdar,Balochistan,Heavy Rain,0,250
2022-10-21,35.9129,71.8012,2.7,0.8,16.4,1336,Clay,3,0,Chitral,KPK,None,0,0
2022-10-25,35.8596,74.2372,5.4,1.7,29.7,4089,Clay,4,0,Gilgit,GB,None,0,0
2022-10-29,35.2402,71.8959,0.0,0.0,18.1,1412,Clay,4,0,Dir,KPK,None,0,0
2022-11-02,34.3834,73.5682,0.0,0.0,26.7,825,Loam,4,0,Muzaffarabad,AJK,None,0,0
2022-11-06,35.1499,72.473,20.6,12.9,19.1,1734,Clay,2,0,Swat,KPK,None,0,0
2022-11-10,36.263,74.5895,12.8,4.2,14.9,3740,Sandy Loam,0,0,Hunza,GB,None,0,0
2022-11-14,34.4358,73.4502,0.0,0.0,19.0,2108,Rocky,2,0,Muzaffarabad,AJK,None,0,0
2022-11-18,35.231,72.5122,13.4,5.1,13.5,2556,Loam,4,0,Swat,KPK,None,0,0
2022-11-22,36.2718,74.6105,0.0,0.0,12.8,4141,Sandy Loam,1,0,Hunza,GB,None,0,0
2022-11-26,34.3528,73.4836,0.0,0.0,15.0,963,Clay,3,0,Muzaffarabad,AJK,None,0,0
2022-11-30,35.2418,72.4234,5.7,3.8,21.5,1786,Loam,4,0,Swat,KPK,None,0,0
2022-12-04,36.407,74.7294,0.0,0.0,15.0,2050,Sandy Loam,3,0,Hunza,GB,None,0,0
2022-12-08,34.3373,73.3775,0.0,0.0,14.8,2851,Sandy Loam,4,0,Muzaffarabad,AJK,None,0,0
2022-12-12,35.2861,72.4134,0.0,0.0,28.8,2483,Clay,3,0,Swat,KPK,None,0,0
2022-12-16,36.3247,74.5852,8.0,4.4,16.8,1744,Rocky,1,0,Hunza,GB,None,0,0
2022-12-20,34.374,73.5026,15.9,6.4,24.0,1578,Loam,3,0,Muzaffarabad,AJK,None,0,0
2022-12-24,35.1877,72.3719,0.0,0.0,10.1,1642,Sandy Loam,4,0,Swat,KPK,None,0,0
2022-12-28,36.229,74.6226,22.0,12.0,11.3,4062,Clay,0,0,Hunza,GB,None,0,0
2023-01-01,35.8691,74.3099,15.4,10.5,25.7,2856,Clay,4,0,Gilgit,GB,None,0,0
2023-01-05,35.2398,71.827,24.0,13.8,17.1,1046,Loam,0,0,Dir,KPK,None,0,0
2023-01-09,35.7982,71.6987,0.0,0.0,17.1,1714,Silt,4,0,Chitral,KPK,None,0,0
2023-01-13,35.8223,74.3793,0.0,0.0,29.5,4538,Rocky,3,0,Gilgit,GB,None,0,0
2023-01-17,35.1051,71.854,28.1,13.3,11.3,800,Clay,2,0,Dir,KPK,None,0,0
2023-01-21,35.8124,71.7959,0.0,0.0,20.4,931,Silt,2,0,Chitral,KPK,None,0,0
2023-01-25,35.9401,74.3825,0.0,0.0,22.1,4918,Clay,4,0,Gilgit,GB,None,0,0
2023-01-29,35.192,71.8533,0.0,0.0,29.4,2964,Rocky,4,0,Dir,KPK,None,0,0
2023-02-02,34.3148,73.5534,27.7,10.1,23.2,1507,Rocky,2,0,Muzaffarabad,AJK,None,0,0
2023-02-06,35.1924,72.442,0.0,0.0,27.6,3249,Silt,2,0,Swat,KPK,None,0,0
2023-02-10,36.3358,74.6936,0.0,0.0,13.9,3171,Sandy Loam,3,0,Hunza,GB,None,0,0
2023-02-14,34.4662,73.5333,0.0,0.0,12.2,2353,Loam,1,0,Muzaffarabad,AJK,None,0,0
2023-02-18,35.296,72.4007,13.4,5.5,11.2,3172,Clay,3,0,Swat,KPK,None,0,0
2023-02-22,36.3258,74.5555,18.0,7.7,21.6,4959,Clay,2,0,Hunza,GB,None,0,0
2023-02-26,34.2707,73.5139,14.7,5.7,29.0,2585,Clay,4,0,Muzaffarabad,AJK,None,0,0
2023-03-02,34.3436,73.5003,0.0,0.0,16.0,1679,Clay,4,0,Muzaffarabad,AJK,None,0,0
2023-03-06,35.2716,72.4861,25.2,12.4,13.2,3274,Clay,1,0,Swat,KPK,None,0,0
2023-03-10,36.3841,74.5819,8.8,3.0,18.3,2771,Loam,0,0,Hunza,GB,None,0,0
2023-03-14,34.34,73.5049,0.0,0.0,10.3,2822,Sandy Loam,1,0,Muzaffarabad,AJK,None,0,0
2023-03-15,35.8695,71.7974,53.2,28.0,51.3,1260,Sandy Loam,7,1,Chitral,KPK,Snowmelt,7,400
2023-03-16,35.8397,71.781,37.5,22.5,47.8,1829,Clay,3,1,Chitral,KPK,Snowmelt,0,400
2023-03-18,35.1384,72.4653,27.1,12.4,16.5,3348,Rocky,3,0,Swat,KPK,None,0,0
2023-03-22,36.2528,74.6995,0.0,0.0,22.4,1420,Clay,1,0,Hunza,GB,None,0,0
2023-03-26,34.3019,73.4866,24.6,13.4,14.3,1826,Sandy Loam,2,0,Muzaffarabad,AJK,None,0,0
2023-03-30,35.1259,72.3803,12.3,7.5,24.8,2854,Loam,2,0,Swat,KPK,None,0,0
2023-04-03,35.7972,71.7088,12.4,7.8,19.9,1727,Loam,4,0,Chitral,KPK,None,0,0
2023-04-07,36.0165,74.3742,7.0,3.3,20.0,3704,Rocky,4,0,Gilgit,GB,None,0,0
2023-04-10,36.3552,74.6297,24.8,15.4,54.7,4036,Sandy Loam,2,1,Hunza,GB,Snowmelt,5,750
2023-04-11,35.2931,71.9102,0.0,0.0,28.4,1449,Loam,3,0,Dir,KPK,None,0,0
2023-04-11,36.3358,74.6301,17.8,9.1,53.1,1486,Clay,11,1,Hunza,GB,Snowmelt,0,750
2023-04-15,35.7659,71.7894,0.0,0.0,10.5,2574,Loam,0,0,Chitral,KPK,None,0,0
2023-04-19,35.851,74.2535,11.2,5.1,11.5,3472,Loam,1,0,Gilgit,GB,None,0,0
2023-04-23,35.2723,71.9118,0.7,0.3,23.9,1871,Rocky,4,0,Dir,KPK,None,0,0
2023-04-27,35.9489,71.8061,22.1,15.4,28.0,3027,Sandy Loam,2,0,Chitral,KPK,None,0,0
2023-04-28,35.1884,72.4376,25.3,15.8,44.3,1925,Clay,8,1,Swat,KPK,Heavy Rain,10,600
2023-04-29,35.2154,72.4556,39.9,31.5,40.5,2135,Clay,3,1,Swat,KPK,Heavy Rain,0,600
2023-05-01,35.9308,74.3533,3.0,2.1,22.2,3081,Loam,4,0,Gilgit,GB,None,0,0
2023-05-05,35.1355,71.921,21.7,12.2,14.3,2544,Silt,1,0,Dir,KPK,None,0,0
2023-05-09,35.9039,71.6982,0.5,0.3,26.5,2068,Loam,4,0,Chitral,KPK,None,0,0
2023-05-13,35.8529,74.3769,9.1,5.7,24.8,1849,Silt,4,0,Gilgit,GB,None,0,0
2023-05-17,35.2111,71.8869,8.7,5.6,21.9,2468,Clay,2,0,Dir,KPK,None,0,0
2023-05-21,35.9308,71.7911,26.6,15.8,24.7,2299,Loam,4,0,Chitral,KPK,None,0,0
2023-05-22,35.4583,73.0414,32.5,28.4,53.6,3266,Sandy Loam,7,1,Kohistan,KPK,Heavy Rain,16,1100
2023-05-23,35.519,73.0107,65.9,50.9,49.7,2370,Silt,4,1,Kohistan,KPK,Heavy Rain,0,1100
2023-05-24,35.4556,72.9656,22.0,13.3,53.0,1177,Clay,11,1,Kohistan,KPK,Heavy Rain,0,1100
2023-05-25,35.9464,74.3545,11.1,6.1,18.3,2035,Sandy Loam,4,0,Gilgit,GB,None,0,0
2023-05-29,35.142,71.9424,24.1,11.9,11.4,1534,Rocky,2,0,Dir,KPK,None,0,0
2023-06-02,34.4467,73.4247,28.3,8.9,18.4,2196,Clay,0,0,Muzaffarabad,AJK,None,0,0
2023-06-06,35.1944,72.4805,0.0,0.0,22.1,1152,Silt,1,0,Swat,KPK,None,0,0
2023-06-10,36.3375,74.558,0.0,0.0,14.5,4033,Clay,2,0,Hunza,GB,None,0,0
2023-06-14,34.4351,73.4127,0.0,0.0,22.9,1027,Clay,2,0,Muzaffarabad,AJK,None,0,0
2023-06-18,35.1605,71.8737,82.1,60.7,46.0,2605,Sandy Loam,8,1,Dir,KPK,Monsoon Rain,12,850
2023-06-18,35.2332,72.4402,28.3,12.4,27.1,2491,Rocky,2,0,Swat,KPK,None,0,0
2023-06-19,35.2413,71.8596,70.2,53.9,46.9,1675,Sandy Loam,9,1,Dir,KPK,Monsoon Rain,0,850
2023-06-20,35.1932,71.8366,35.9,20.9,45.8,2000,Loam,13,1,Dir,KPK,Monsoon Rain,0,850
2023-06-22,36.2497,74.6248,0.0,0.0,25.6,2578,Loam,0,0,Hunza,GB,None,0,0
2023-06-26,34.3778,73.4545,0.0,0.0,29.5,1858,Clay,4,0,Muzaffarabad,AJK,None,0,0
2023-06-30,35.2463,72.5062,7.5,2.4,10.3,3470,Rocky,2,0,Swat,KPK,None,0,0
2023-07-04,36.303,74.6623,0.0,0.0,16.8,2056,Sandy Loam,1,0,Hunza,GB,None,0,0
2023-07-05,34.6652,72.5426,70.9,59.4,48.4,2243,Sandy Loam,10,1,Shangla,KPK,Monsoon Rain,18,1300
2023-07-06,34.6081,72.4866,63.9,40.9,46.2,1801,Silt,12,1,Shangla,KPK,Monsoon Rain,0,1300
2023-07-08,34.3789,73.4836,24.4,16.4,16.2,805,Clay,0,0,Muzaffarabad,AJK,None,0,0
2023-07-12,35.1826,72.339,0.0,0.0,20.2,3496,Loam,4,0,Swat,KPK,None,0,0
2023-07-16,36.3981,74.6869,11.2,6.1,14.8,4121,Loam,0,0,Hunza,GB,None,0,0
2023-07-20,34.3733,73.5079,95.7,67.5,45.4,2277,Loam,9,1,Muzaffarabad,AJK,Monsoon Rain,9,700
2023-07-20,34.3633,73.4203,29.9,17.1,18.0,2089,Sandy Loam,2,0,Muzaffarabad,AJK,None,0,0
2023-07-21,34.3306,73.4281,65.2,41.2,45.9,1451,Clay,4,1,Muzaffarabad,AJK,Monsoon Rain,0,700
2023-07-24,35.1393,72.3613,5.8,2.5,19.0,1237,Sandy Loam,2,0,Swat,KPK,None,0,0
2023-07-28,36.2947,74.7409,0.0,0.0,16.5,3459,Clay,2,0,Hunza,GB,None,0,0
2023-08-01,35.9659,74.3073,21.7,6.9,29.6,1441,Rocky,0,0,Gilgit,GB,None,0,0
2023-08-04,35.9674,74.3245,94.9,83.1,60.4,1242,Clay,8,1,Gilgit,GB,Monsoon Rain,6,450
2023-08-05,35.224,71.9736,21.4,7.4,12.4,2653,Clay,0,0,Dir,KPK,None,0,0
2023-08-05,35.9246,74.3116,80.2,40.7,55.6,4571,Sandy Loam,9,1,Gilgit,GB,Monsoon Rain,0,450
2023-08-09,35.8885,71.7027,24.9,12.2,28.9,3289,Loam,1,0,Chitral,KPK,None,0,0
2023-08-13,35.9222,74.325,0.0,0.0,12.2,3042,Loam,0,0,Gilgit,GB,None,0,0
2023-08-17,35.1781,71.8455,4.6,2.3,28.0,3061,Sandy Loam,4,0,Dir,KPK,None,0,0
2023-08-18,34.6187,73.9387,102.7,87.7,58.2,2427,Loam,10,1,Neelum Valley,AJK,Monsoon Rain,8,500
2023-08-21,35.7556,71.7089,0.0,0.0,20.5,3029,Clay,4,0,Chitral,KPK,None,0,0
2023-08-25,35.8529,74.2287,2.8,0.9,18.5,2968,Sandy Loam,0,0,Gilgit,GB,None,0,0
2023-08-29,35.1543,71.9733,13.7,9.0,25.6,1513,Loam,0,0,Dir,KPK,None,0,0
2023-09-02,34.3313,73.4135,23.7,12.6,26.6,2659,Loam,1,0,Muzaffarabad,AJK,None,0,0
2023-09-06,35.2403,72.5197,7.7,3.6,29.3,2726,Silt,2,0,Swat,KPK,None,0,0
2023-09-08,35.469,76.7193,32.7,28.9,63.7,4006,Rocky,11,1,Ghanche,GB,Heavy Rain,5,300
2023-09-09,35.5026,76.7008,69.3,35.4,62.0,2990,Rocky,12,1,Ghanche,GB,Heavy Rain,0,300
2023-09-10,36.3671,74.6929,25.9,9.7,18.7,2035,Clay,3,0,Hunza,GB,None,0,0
2023-09-14,34.3245,73.5524,12.7,8.9,16.1,833,Silt,3,0,Muzaffarabad,AJK,None,0,0
2023-09-18,35.1747,72.3584,0.0,0.0,19.8,1456,Clay,4,0,Swat,KPK,None,0,0
2023-09-22,36.4123,74.6094,8.5,4.6,29.8,1908,Sandy Loam,0,0,Hunza,GB,None,0,0
2023-09-26,34.3589,73.4009,18.4,9.4,11.9,777,Silt,1,0,Muzaffarabad,AJK,None,0,0
2023-09-30,35.309,72.5143,6.0,2.0,17.6,1047,Loam,1,0,Swat,KPK,None,0,0
2023-10-04,36.3665,74.5869,0.0,0.0,28.4,3948,Clay,1,0,Hunza,GB,None,0,0
2023-10-05,27.7635,66.6272,26.3,15.9,34.0,1096,Rocky,5,1,Khuzdar,Balochistan,Heavy Rain,3,200
2023-10-06,27.8281,66.6073,67.8,57.3,36.5,1292,Loam,2,1,Khuzdar,Balochistan,Heavy Rain,0,200
2023-10-07,27.771,66.5919,40.1,23.8,35.8,1628,Sandy Loam,13,1,Khuzdar,Balochistan,Heavy Rain,0,200
2023-10-08,34.3659,73.5207,29.0,11.4,26.5,2424,Loam,0,0,Muzaffarabad,AJK,None,0,0
2023-10-12,35.2215,72.3776,8.4,2.7,14.9,1409,Clay,0,0,Swat,KPK,None,0,0
2023-10-16,36.3721,74.6731,28.6,19.8,13.3,3269,Silt,0,0,Hunza,GB,None,0,0
2023-10-20,34.3998,73.4899,0.0,0.0,21.3,2188,Sandy Loam,1,0,Muzaffarabad,AJK,None,0,0
2023-10-24,35.1908,72.4398,7.4,2.4,17.5,1077,Loam,1,0,Swat,KPK,None,0,0
2023-10-28,36.3947,74.6954,5.8,2.1,12.9,1637,Loam,1,0,Hunza,GB,None,0,0
2023-11-01,35.932,74.3301,13.3,8.0,17.3,3334,Silt,3,0,Gilgit,GB,None,0,0
2023-11-05,35.2548,71.8279,0.0,0.0,29.9,2289,Loam,3,0,Dir,KPK,None,0,0
2023-11-09,35.7754,71.7828,0.0,0.0,17.4,1959,Loam,2,0,Chitral,KPK,None,0,0
2023-11-13,35.8239,74.3842,7.8,4.8,26.6,1683,Clay,0,0,Gilgit,GB,None,0,0
2023-11-17,35.1737,71.7859,14.9,6.0,24.2,1843,Clay,4,0,Dir,KPK,None,0,0
2023-11-21,35.8993,71.6927,5.6,2.5,20.7,1871,Clay,4,0,Chitral,KPK,None,0,0
2023-11-25,35.8507,74.3113,12.6,6.1,16.1,3510,Loam,3,0,Gilgit,GB,None,0,0
2023-11-29,35.286,71.9217,6.2,3.7,10.7,972,Sandy Loam,2,0,Dir,KPK,None,0,0
2023-12-03,35.7574,71.7298,10.3,5.8,29.1,3496,Clay,1,0,Chitral,KPK,None,0,0
2023-12-07,35.8962,74.2401,0.0,0.0,16.0,4958,Clay,1,0,Gilgit,GB,None,0,0
2023-12-11,35.2847,71.9628,0.0,0.0,24.5,2558,Clay,2,0,Dir,KPK,None,0,0
2023-12-15,35.8795,71.7284,29.8,14.3,24.9,1903,Clay,3,0,Chitral,KPK,None,0,0
2023-12-19,35.8604,74.2098,9.2,3.2,15.5,4540,Clay,1,0,Gilgit,GB,None,0,0
2023-12-23,35.2851,71.8352,0.0,0.0,19.4,2202,Clay,0,0,Dir,KPK,None,0,0
2023-12-27,35.9208,71.7247,0.0,0.0,29.6,2590,Clay,0,0,Chitral,KPK,None,0,0
2023-12-31,35.9196,74.3153,19.5,6.0,13.0,4616,Rocky,0,0,Gilgit,GB,None,0,0
2024-01-04,36.4157,74.5886,0.0,0.0,27.6,3598,Sandy Loam,2,0,Hunza,GB,None,0,0
2024-01-08,34.3994,73.4787,0.0,0.0,13.4,874,Loam,2,0,Muzaffarabad,AJK,None,0,0
2024-01-12,35.3085,72.3516,10.2,6.4,27.7,1559,Loam,2,0,Swat,KPK,None,0,0
2024-01-16,36.3323,74.7325,11.5,6.3,16.8,1245,Silt,2,0,Hunza,GB,None,0,0
2024-01-20,34.3834,73.4286,8.1,4.5,24.3,2912,Loam,4,0,Muzaffarabad,AJK,None,0,0
2024-01-24,35.1241,72.369,11.2,6.9,19.7,912,Rocky,0,0,Swat,KPK,None,0,0
2024-01-28,36.3223,74.6971,0.0,0.0,16.3,1853,Clay,4,0,Hunza,GB,None,0,0
2024-02-01,35.9387,74.4065,11.4,6.5,21.7,1732,Clay,4,0,Gilgit,GB,None,0,0
2024-02-05,35.2722,71.8375,0.0,0.0,16.5,2246,Loam,0,0,Dir,KPK,None,0,0
2024-02-09,35.9249,71.8499,0.0,0.0,11.0,1338,Loam,3,0,Chitral,KPK,None,0,0
2024-02-13,35.873,74.2618,14.0,7.8,27.9,3754,Clay,2,0,Gilgit,GB,None,0,0
2024-02-17,35.227,71.8521,21.9,13.9,24.6,1373,Loam,4,0,Dir,KPK,None,0,0
2024-02-21,35.8006,71.8481,12.5,4.3,15.7,2870,Silt,3,0,Chitral,KPK,None,0,0
2024-02-25,35.978,74.3642,1.6,1.0,29.4,4420,Clay,1,0,Gilgit,GB,None,0,0
2024-02-29,35.2619,71.9239,10.9,5.6,16.1,1672,Silt,0,0,Dir,KPK,None,0,0
2024-03-04,36.3112,74.5646,0.0,0.0,23.8,3636,Loam,3,0,Hunza,GB,None,0,0
2024-03-08,34.2925,73.416,0.0,0.0,14.0,897,Sandy Loam,2,0,Muzaffarabad,AJK,None,0,0
2024-03-12,35.2219,72.4737,23.1,12.3,14.6,2320,Loam,4,0,Swat,KPK,None,0,0
2024-03-16,36.2747,74.6421,0.0,0.0,14.6,1889,Clay,1,0,Hunza,GB,None,0,0
2024-03-20,34.3682,73.3992,0.0,0.0,16.0,1163,Clay,2,0,Muzaffarabad,AJK,None,0,0
2024-03-20,35.8141,71.8257,55.5,41.4,49.3,1750,Rocky,3,1,Chitral,KPK,Snowmelt,8,450
2024-03-24,35.3188,72.4483,22.8,7.9,22.4,940,Clay,1,0,Swat,KPK,None,0,0
2024-03-28,36.2768,74.7054,0.0,0.0,19.2,4567,Sandy Loam,4,0,Hunza,GB,None,0,0
2024-04-01,35.9778,74.3039,10.3,7.1,15.9,4273,Rocky,4,0,Gilgit,GB,None,0,0
2024-04-05,35.2567,71.8756,20.1,9.2,19.5,988,Loam,2,0,Dir,KPK,None,0,0
2024-04-09,35.8103,71.8304,25.7,12.3,25.2,2646,Sandy Loam,4,0,Chitral,KPK,None,0,0
2024-04-13,35.9831,74.2569,0.0,0.0,25.5,2405,Silt,1,0,Gilgit,GB,None,0,0
2024-04-15,36.3412,74.694,42.0,31.6,56.4,3874,Silt,9,1,Hunza,GB,Snowmelt,6,800
2024-04-16,36.3049,74.6224,45.8,34.6,57.3,4654,Sandy Loam,11,1,Hunza,GB,Snowmelt,0,800
2024-04-17,35.1884,71.8829,11.4,6.1,19.3,3012,Sandy Loam,2,0,Dir,KPK,None,0,0
2024-04-17,36.3479,74.6856,24.1,17.1,52.4,1282,Clay,3,1,Hunza,GB,Snowmelt,0,800
2024-04-21,35.8802,71.828,4.1,2.1,22.2,2923,Loam,2,0,Chitral,KPK,None,0,0
2024-04-25,35.9053,74.2804,21.6,9.9,19.3,3516,Rocky,2,0,Gilgit,GB,None,0,0
2024-04-29,35.1967,71.8255,0.0,0.0,28.4,1317,Loam,0,0,Dir,KPK,None,0,0
2024-05-03,35.7806,71.8309,19.2,12.3,21.5,855,Loam,4,0,Chitral,KPK,None,0,0
2024-05-07,35.8726,74.405,0.0,0.0,19.9,3934,Clay,2,0,Gilgit,GB,None,0,0
2024-05-08,35.2062,72.4362,49.7,38.2,43.2,1713,Sandy Loam,6,1,Swat,KPK,Heavy Rain,11,650
2024-05-09,35.2575,72.4735,57.9,30.5,45.7,1882,Silt,8,1,Swat,KPK,Heavy Rain,0,650
2024-05-11,35.1676,71.8645,3.7,1.3,23.8,1942,Clay,4,0,Dir,KPK,None,0,0
2024-05-15,35.8601,71.6901,0.0,0.0,19.4,2489,Sandy Loam,1,0,Chitral,KPK,None,0,0
2024-05-19,35.898,74.3797,0.0,0.0,16.7,3362,Sandy Loam,4,0,Gilgit,GB,None,0,0
2024-05-23,35.1057,71.9566,0.0,0.0,15.5,1694,Clay,2,0,Dir,KPK,None,0,0
2024-05-27,35.8588,71.8342,0.0,0.0,28.9,2267,Sandy Loam,1,0,Chitral,KPK,None,0,0
2024-05-31,35.9478,74.3176,0.8,0.3,20.0,1252,Loam,1,0,Gilgit,GB,None,0,0
2024-06-01,35.5032,73.046,96.1,60.5,51.2,1552,Clay,14,1,Kohistan,KPK,Monsoon Rain,20,1400
2024-06-02,35.5141,73.0046,62.7,43.9,54.6,3423,Loam,6,1,Kohistan,KPK,Monsoon Rain,0,1400
2024-06-04,36.3659,74.6302,14.1,6.1,11.6,2634,Sandy Loam,3,0,Hunza,GB,None,0,0
2024-06-08,34.3525,73.5597,0.0,0.0,17.8,1817,Clay,1,0,Muzaffarabad,AJK,None,0,0
2024-06-12,35.3015,72.4327,0.0,0.0,16.9,3064,Rocky,3,0,Swat,KPK,None,0,0
2024-06-16,36.2981,74.6372,0.0,0.0,14.1,3841,Rocky,0,0,Hunza,GB,None,0,0
2024-06-20,34.2793,73.4425,0.0,0.0,13.2,719,Clay,3,0,Muzaffarabad,AJK,None,0,0
2024-06-20,35.2119,71.8556,88.2,51.7,47.7,1110,Silt,8,1,Dir,KPK,Monsoon Rain,15,950
2024-06-21,35.2251,71.9104,47.8,24.5,49.9,2121,Loam,3,1,Dir,KPK,Monsoon Rain,0,950
2024-06-22,35.1648,71.9211,28.0,18.4,45.7,1237,Loam,11,1,Dir,KPK,Monsoon Rain,0,950
2024-06-24,35.3059,72.3503,29.5,20.1,27.8,3260,Loam,1,0,Swat,KPK,None,0,0
2024-06-28,36.3253,74.6519,29.1,11.1,18.1,4884,Clay,0,0,Hunza,GB,None,0,0
2024-07-02,34.3226,73.4051,2.6,1.0,18.1,1915,Sandy Loam,3,0,Muzaffarabad,AJK,None,0,0
2024-07-06,35.2702,72.3396,0.0,0.0,11.2,1620,Clay,4,0,Swat,KPK,None,0,0
2024-07-08,34.597,72.5117,79.3,57.3,46.5,3496,Clay,5,1,Shangla,KPK,Monsoon Rain,22,1600
2024-07-09,34.5893,72.4993,60.4,48.5,46.5,2763,Sandy Loam,13,1,Shangla,KPK,Monsoon Rain,0,1600
2024-07-10,34.6507,72.5345,32.9,29.2,46.0,1870,Clay,9,1,Shangla,KPK,Monsoon Rain,0,1600
2024-07-10,36.361,74.6347,5.3,1.7,27.8,4417,Clay,1,0,Hunza,GB,None,0,0
2024-07-14,34.3009,73.4089,0.0,0.0,29.6,1829,Clay,3,0,Muzaffarabad,AJK,None,0,0
2024-07-18,35.2414,72.5034,0.0,0.0,14.1,3144,Silt,2,0,Swat,KPK,None,0,0
2024-07-22,36.3088,74.5735,0.0,0.0,12.4,2388,Loam,4,0,Hunza,GB,None,0,0
2024-07-22,34.4028,73.5004,53.6,46.3,43.5,2787,Clay,14,1,Muzaffarabad,AJK,Monsoon Rain,11,800
2024-07-23,34.3807,73.4456,67.0,59.9,44.1,1003,Rocky,8,1,Muzaffarabad,AJK,Monsoon Rain,0,800
2024-07-26,34.2805,73.5292,9.9,3.7,29.5,2183,Loam,3,0,Muzaffarabad,AJK,None,0,0
2024-07-30,35.2045,72.5217,0.0,0.0,11.7,1533,Silt,4,0,Swat,KPK,None,0,0
2024-08-03,35.8309,71.8294,1.2,0.5,27.5,2152,Rocky,1,0,Chitral,KPK,None,0,0
2024-08-05,35.8745,74.3489,54.6,28.6,56.8,2398,Sandy Loam,11,1,Gilgit,GB,Monsoon Rain,9,550
2024-08-06,35.9172,74.3113,49.3,36.0,61.0,4493,Loam,9,1,Gilgit,GB,Monsoon Rain,0,550
2024-08-07,35.8472,74.3448,0.0,0.0,20.5,3902,Clay,4,0,Gilgit,GB,None,0,0
2024-08-11,35.1566,71.9392,2.5,1.0,27.1,1152,Loam,2,0,Dir,KPK,None,0,0
2024-08-15,35.8914,71.7989,0.0,0.0,21.6,1588,Clay,1,0,Chitral,KPK,None,0,0
2024-08-19,35.8363,74.3712,7.6,3.5,27.3,2082,Clay,1,0,Gilgit,GB,None,0,0
2024-08-20,34.6124,73.8709,54.1,43.7,55.3,1680,Silt,7,1,Neelum Valley,AJK,Monsoon Rain,7,450
2024-08-23,35.1562,71.9777,0.0,0.0,15.7,2734,Clay,3,0,Dir,KPK,None,0,0
2024-08-27,35.8938,71.8262,8.2,4.3,25.1,1978,Rocky,2,0,Chitral,KPK,None,0,0
2024-08-31,35.8795,74.372,2.4,0.7,16.4,4392,Loam,2,0,Gilgit,GB,None,0,0
2024-09-04,36.3118,74.7382,16.4,11.1,23.7,3451,Sandy Loam,0,0,Hunza,GB,None,0,0
2024-09-08,34.3916,73.3833,12.1,6.1,11.8,2643,Clay,2,0,Muzaffarabad,AJK,None,0,0
2024-09-10,35.4862,76.6943,87.6,66.5,65.7,2523,Clay,9,1,Ghanche,GB,Heavy Rain,6,320
2024-09-12,35.1435,72.5192,25.8,14.3,19.7,1285,Rocky,0,0,Swat,KPK,None,0,0
2024-09-16,36.2588,74.6258,12.1,7.0,20.1,3278,Clay,3,0,Hunza,GB,None,0,0
2024-09-20,34.4073,73.5456,16.6,8.1,15.9,1693,Rocky,0,0,Muzaffarabad,AJK,None,0,0
2024-09-24,35.1894,72.5245,20.3,12.2,23.9,1471,Clay,3,0,Swat,KPK,None,0,0
2024-09-28,36.2425,74.6576,10.4,6.4,14.7,4487,Clay,0,0,Hunza,GB,None,0,0
2024-10-02,34.422,73.5677,6.4,1.9,16.2,2933,Sandy Loam,2,0,Muzaffarabad,AJK,None,0,0
2024-10-06,35.2324,72.458,0.0,0.0,12.3,2104,Clay,0,0,Swat,KPK,None,0,0
2024-10-10,36.2883,74.6755,3.8,2.4,13.7,1920,Clay,2,0,Hunza,GB,None,0,0
2024-10-14,34.3488,73.3718,11.6,4.1,24.1,1153,Loam,3,0,Muzaffarabad,AJK,None,0,0
2024-10-18,35.2755,72.4748,14.1,6.7,10.7,1140,Sandy Loam,3,0,Swat,KPK,None,0,0
2024-10-22,36.3641,74.6739,0.9,0.3,21.0,1833,Loam,1,0,Hunza,GB,None,0,0
2024-10-26,34.4312,73.4188,0.0,0.0,23.1,2090,Rocky,3,0,Muzaffarabad,AJK,None,0,0
2024-10-30,35.2757,72.3821,14.7,9.9,12.4,2409,Rocky,0,0,Swat,KPK,None,0,0
2024-11-03,35.8439,71.8773,0.0,0.0,24.9,1955,Sandy Loam,1,0,Chitral,KPK,None,0,0
2024-11-07,35.8438,74.2479,8.1,3.5,14.6,3852,Silt,2,0,Gilgit,GB,None,0,0
2024-11-11,35.152,71.8784,0.0,0.0,13.1,1746,Loam,1,0,Dir,KPK,None,0,0
2024-11-15,35.8139,71.8044,29.4,19.2,24.9,1815,Loam,2,0,Chitral,KPK,None,0,0
2024-11-19,35.8635,74.2288,22.9,12.8,15.5,2776,Loam,4,0,Gilgit,GB,None,0,0
2024-11-23,35.2911,71.8344,20.6,8.6,17.5,2820,Clay,3,0,Dir,KPK,None,0,0
2024-11-27,35.908,71.8196,13.0,5.6,14.9,1402,Sandy Loam,3,0,Chitral,KPK,None,0,0
2024-12-01,36.0029,74.2937,29.6,11.2,27.8,1422,Clay,0,0,Gilgit,GB,None,0,0
2024-12-05,35.2398,71.9071,0.0,0.0,25.0,1256,Clay,1,0,Dir,KPK,None,0,0
2024-12-09,35.835,71.8359,1.4,0.9,11.6,2931,Silt,2,0,Chitral,KPK,None,0,0
2024-12-13,35.923,74.2886,0.0,0.0,28.4,1293,Loam,1,0,Gilgit,GB,None,0,0
2024-12-17,35.2789,71.9572,6.5,3.8,13.3,2385,Clay,4,0,Dir,KPK,None,0,0
2024-12-21,35.8865,71.7119,0.0,0.0,26.0,3060,Loam,4,0,Chitral,KPK,None,0,0
2024-12-25,35.9164,74.3468,6.1,2.9,23.7,2644,Loam,0,0,Gilgit,GB,None,0,0
2024-12-29,35.1609,71.893,0.0,0.0,28.3,1115,Loam,1,0,Dir,KPK,None,0,0
2025-01-02,34.2884,73.5542,6.9,4.5,26.3,2079,Rocky,2,0,Muzaffarabad,AJK,None,0,0
2025-01-06,35.258,72.4722,0.0,0.0,22.1,2322,Clay,4,0,Swat,KPK,None,0,0
2025-01-10,36.3389,74.666,0.0,0.0,10.1,2194,Sandy Loam,0,0,Hunza,GB,None,0,0
2025-01-14,34.381,73.3925,3.9,2.3,11.4,1523,Clay,0,0,Muzaffarabad,AJK,None,0,0
2025-01-18,35.1935,72.3988,0.7,0.3,27.1,1228,Sandy Loam,0,0,Swat,KPK,None,0,0
2025-01-22,36.2223,74.6245,0.0,0.0,24.3,3532,Sandy Loam,1,0,Hunza,GB,None,0,0
2025-01-26,34.4285,73.5657,8.1,5.0,25.6,2138,Loam,2,0,Muzaffarabad,AJK,None,0,0
2025-01-30,35.3149,72.42,1.8,1.0,23.1,2886,Loam,0,0,Swat,KPK,None,0,0
2025-02-03,35.838,71.7759,14.8,7.5,23.0,2056,Rocky,3,0,Chitral,KPK,None,0,0
2025-02-07,35.8335,74.247,0.0,0.0,27.9,2203,Silt,3,0,Gilgit,GB,None,0,0
2025-02-11,35.1293,71.8156,2.7,1.0,24.8,3189,Loam,4,0,Dir,KPK,None,0,0
2025-02-15,35.8635,71.7017,0.0,0.0,14.6,1189,Rocky,2,0,Chitral,KPK,None,0,0
2025-02-19,35.8321,74.2878,9.0,5.9,25.9,3865,Sandy Loam,3,0,Gilgit,GB,None,0,0
2025-02-23,35.2957,71.979,11.0,4.0,25.0,1548,Clay,2,0,Dir,KPK,None,0,0
2025-02-27,35.8866,71.7167,10.3,6.2,29.0,1491,Clay,0,0,Chitral,KPK,None,0,0
2025-03-03,35.7723,71.7602,27.3,12.3,20.0,3335,Sandy Loam,2,0,Chitral,KPK,None,0,0
2025-03-07,35.9221,74.2653,4.4,1.8,12.6,2480,Clay,0,0,Gilgit,GB,None,0,0
2025-03-11,35.1317,71.9296,0.0,0.0,14.2,1088,Loam,1,0,Dir,KPK,None,0,0
2025-03-12,35.8491,71.8225,54.2,42.2,48.6,3485,Clay,13,1,Chitral,KPK,Snowmelt,9,500
2025-03-13,35.8448,71.7693,38.6,34.0,49.6,2537,Clay,14,1,Chitral,KPK,Snowmelt,0,500
2025-03-14,35.869,71.7731,19.3,10.0,48.5,1265,Rocky,4,1,Chitral,KPK,Snowmelt,0,500
2025-03-15,35.8697,71.8233,7.3,3.4,18.9,2706,Clay,3,0,Chitral,KPK,None,0,0
2025-03-19,35.8931,74.2901,0.0,0.0,13.2,2607,Clay,4,0,Gilgit,GB,None,0,0
2025-03-23,35.2661,71.8296,0.0,0.0,12.6,930,Sandy Loam,3,0,Dir,KPK,None,0,0
2025-03-27,35.8721,71.81,12.1,6.0,26.7,2688,Sandy Loam,2,0,Chitral,KPK,None,0,0
2025-03-31,35.9398,74.3343,26.6,16.2,18.3,2710,Loam,0,0,Gilgit,GB,None,0,0
2025-04-04,36.2277,74.6905,18.6,7.5,13.1,2502,Sandy Loam,3,0,Hunza,GB,None,0,0
2025-04-08,34.3622,73.5553,20.5,7.4,26.6,2960,Clay,1,0,Muzaffarabad,AJK,None,0,0
2025-04-08,36.3212,74.6841,58.3,43.8,59.0,3713,Rocky,7,1,Hunza,GB,Snowmelt,7,900
2025-04-12,35.2744,72.4078,0.0,0.0,18.5,1334,Loam,3,0,Swat,KPK,None,0,0
2025-04-16,36.3919,74.5726,29.7,16.8,24.8,2286,Rocky,4,0,Hunza,GB,None,0,0
2025-04-20,34.4673,73.4831,0.0,0.0,19.7,2865,Clay,4,0,Muzaffarabad,AJK,None,0,0
2025-04-24,35.1753,72.3676,3.1,2.1,16.2,2704,Loam,1,0,Swat,KPK,None,0,0
2025-04-28,36.2294,74.6303,0.0,0.0,15.7,2437,Clay,4,0,Hunza,GB,None,0,0
2025-05-02,35.2143,72.4366,33.6,21.7,45.0,2259,Sandy Loam,13,1,Swat,KPK,Heavy Rain,13,700
2025-05-02,34.3889,73.5428,9.2,3.9,29.4,1032,Silt,1,0,Muzaffarabad,AJK,None,0,0
2025-05-03,35.1852,72.4187,50.6,27.4,42.5,1909,Silt,3,1,Swat,KPK,Heavy Rain,0,700
2025-05-06,35.1952,72.3402,8.8,5.0,10.2,1904,Loam,2,0,Swat,KPK,None,0,0
2025-05-10,36.3813,74.6955,9.0,6.1,29.3,2667,Silt,3,0,Hunza,GB,None,0,0
2025-05-14,34.328,73.4288,6.9,3.2,11.3,2692,Clay,1,0,Muzaffarabad,AJK,None,0,0
2025-05-18,35.244,72.5157,0.0,0.0,29.7,2557,Loam,0,0,Swat,KPK,None,0,0
2025-05-22,36.3461,74.6003,0.0,0.0,13.3,2789,Silt,1,0,Hunza,GB,None,0,0
2025-05-25,35.4668,72.9963,83.9,58.0,51.8,2145,Sandy Loam,9,1,Kohistan,KPK,Heavy Rain,22,1500
2025-05-26,34.2885,73.5215,0.0,0.0,19.4,2739,Clay,4,0,Muzaffarabad,AJK,None,0,0
2025-05-26,35.4787,72.9591,61.2,31.3,56.0,2334,Loam,6,1,Kohistan,KPK,Heavy Rain,0,1500
2025-05-27,35.5106,73.0097,53.3,40.5,55.7,2555,Sandy Loam,8,1,Kohistan,KPK,Heavy Rain,0,1500
2025-05-30,35.2706,72.3808,3.3,1.4,27.3,1029,Loam,1,0,Swat,KPK,None,0,0
2025-06-03,35.815,71.8119,11.7,5.5,11.7,2751,Clay,0,0,Chitral,KPK,None,0,0
2025-06-07,35.9848,74.2189,1.9,1.3,20.1,3958,Silt,4,0,Gilgit,GB,None,0,0
2025-06-11,35.1837,71.8223,24.0,10.4,20.5,3470,Sandy Loam,2,0,Dir,KPK,None,0,0
2025-06-15,35.19,71.8801,96.7,72.6,48.0,899,Clay,7,1,Dir,KPK,Monsoon Rain,17,1000
2025-06-15,35.8398,71.8834,0.0,0.0,29.4,2087,Loam,2,0,Chitral,KPK,None,0,0
2025-06-19,35.9433,74.3717,19.4,13.1,28.0,2033,Clay,4,0,Gilgit,GB,None,0,0
2025-06-23,35.1272,71.8196,10.9,3.4,10.6,2749,Sandy Loam,1,0,Dir,KPK,None,0,0
2025-06-27,35.8876,71.7615,8.2,3.1,22.4,2263,Clay,0,0,Chitral,KPK,None,0,0
2025-07-01,35.8524,74.3786,0.0,0.0,28.5,3978,Loam,1,0,Gilgit,GB,None,0,0
2025-07-01,34.6383,72.5305,61.2,52.7,50.8,962,Clay,8,1,Shangla,KPK,Monsoon Rain,25,1800
2025-07-05,35.155,71.8649,0.0,0.0,27.8,1186,Clay,1,0,Dir,KPK,None,0,0
2025-07-09,35.7511,71.8766,0.0,0.0,23.0,3208,Clay,1,0,Chitral,KPK,None,0,0
2025-07-13,35.891,74.2522,6.7,3.1,21.6,2625,Sandy Loam,2,0,Gilgit,GB,None,0,0
2025-07-17,35.1083,71.9315,0.0,0.0,16.6,828,Clay,3,0,Dir,KPK,None,0,0
2025-07-18,34.3639,73.4875,91.6,50.9,47.7,798,Loam,14,1,Muzaffarabad,AJK,Monsoon Rain,13,900
2025-07-19,34.4067,73.4567,73.0,59.9,45.9,2120,Loam,7,1,Muzaffarabad,AJK,Monsoon Rain,0,900
2025-07-21,35.9483,71.7515,0.0,0.0,22.8,1002,Clay,1,0,Chitral,KPK,None,0,0
2025-07-25,35.8431,74.3109,28.1,12.5,14.6,2058,Silt,4,0,Gilgit,GB,None,0,0
2025-07-29,35.2839,71.9388,6.6,4.2,16.6,1609,Loam,3,0,Dir,KPK,None,0,0
2025-08-02,35.9171,74.2877,72.3,50.0,61.7,2337,Sandy Loam,10,1,Gilgit,GB,Monsoon Rain,10,600
2025-08-02,34.3943,73.5436,0.7,0.4,24.7,1713,Loam,0,0,Muzaffarabad,AJK,None,0,0
2025-08-03,35.8814,74.2728,75.7,39.6,61.6,4801,Loam,13,1,Gilgit,GB,Monsoon Rain,0,600
2025-08-06,35.1374,72.4114,0.0,0.0,11.9,2910,Clay,1,0,Swat,KPK,None,0,0
2025-08-10,36.3026,74.5694,21.7,10.6,11.2,1411,Loam,0,0,Hunza,GB,None,0,0
2025-08-14,34.4448,73.4132,0.0,0.0,16.7,2940,Rocky,1,0,Muzaffarabad,AJK,None,0,0
2025-08-18,35.3211,72.4326,0.0,0.0,19.4,2032,Sandy Loam,3,0,Swat,KPK,None,0,0
2025-08-18,34.6087,73.951,98.7,87.1,55.1,2058,Loam,4,1,Neelum Valley,AJK,Monsoon Rain,9,500
2025-08-19,34.5461,73.9451,59.4,33.9,55.5,1967,Silt,6,1,Neelum Valley,AJK,Monsoon Rain,0,500
2025-08-22,36.2236,74.5829,11.6,4.9,24.3,2665,Loam,3,0,Hunza,GB,None,0,0
2025-08-26,34.3828,73.4164,20.4,13.3,13.2,2018,Sandy Loam,1,0,Muzaffarabad,AJK,None,0,0
2025-08-30,35.2856,72.4563,29.1,10.6,11.3,989,Loam,1,0,Swat,KPK,None,0,0
2025-09-03,35.8006,71.7699,5.9,2.7,26.8,1007,Silt,3,0,Chitral,KPK,None,0,0
2025-09-05,35.4979,76.7328,45.8,31.1,66.3,3062,Clay,7,1,Ghanche,GB,Heavy Rain,7,350
2025-09-06,35.4488,76.7856,63.0,47.2,67.8,2446,Clay,3,1,Ghanche,GB,Heavy Rain,0,350
2025-09-07,35.835,74.3887,0.0,0.0,21.5,4195,Loam,1,0,Gilgit,GB,None,0,0
2025-09-07,35.4888,76.7384,36.8,32.2,64.1,1979,Clay,11,1,Ghanche,GB,Heavy Rain,0,350
2025-09-11,35.1388,71.8978,0.0,0.0,13.0,1973,Rocky,1,0,Dir,KPK,None,0,0
2025-09-15,35.9364,71.8386,0.0,0.0,28.2,1992,Clay,4,0,Chitral,KPK,None,0,0
2025-09-19,35.8682,74.3225,9.2,6.4,17.1,2674,Silt,2,0,Gilgit,GB,None,0,0
2025-09-23,35.2378,71.9503,23.5,10.1,18.1,1335,Silt,1,0,Dir,KPK,None,0,0
2025-09-27,35.7601,71.7018,0.0,0.0,12.1,1391,Sandy Loam,4,0,Chitral,KPK,None,0,0
2025-10-01,35.8877,74.2461,0.8,0.5,28.5,1817,Silt,1,0,Gilgit,GB,None,0,0
2025-10-05,35.1231,71.9088,9.2,3.2,27.3,1050,Silt,4,0,Dir,KPK,None,0,0
2025-10-09,35.8032,71.8338,28.8,19.7,29.9,2939,Sandy Loam,0,0,Chitral,KPK,None,0,0
2025-10-12,27.7766,66.6164,88.7,56.0,37.9,1362,Loam,6,1,Khuzdar,Balochistan,Heavy Rain,4,280
2025-10-13,35.864,74.4034,24.5,7.5,15.1,4166,Clay,1,0,Gilgit,GB,None,0,0
2025-10-17,35.1008,71.9143,0.0,0.0,17.3,1288,Clay,3,0,Dir,KPK,None,0,0
2025-10-21,35.9095,71.8066,0.0,0.0,25.0,3220,Sandy Loam,2,0,Chitral,KPK,None,0,0
2025-10-25,35.9585,74.2935,0.0,0.0,29.6,4611,Clay,4,0,Gilgit,GB,None,0,0
2025-10-29,35.2796,71.8112,7.8,2.6,18.5,3079,Clay,1,0,Dir,KPK,None,0,0
2025-11-02,34.4324,73.4019,0.0,0.0,16.3,1346,Sandy Loam,4,0,Muzaffarabad,AJK,None,0,0
2025-11-06,35.2217,72.495,25.4,10.8,26.7,1541,Loam,0,0,Swat,KPK,None,0,0
2025-11-10,36.3988,74.6362,1.2,0.6,28.0,3944,Rocky,1,0,Hunza,GB,None,0,0
2025-11-14,34.4623,73.5099,0.0,0.0,29.7,2634,Loam,1,0,Muzaffarabad,AJK,None,0,0
2025-11-18,35.1443,72.4792,10.2,6.6,29.5,865,Rocky,3,0,Swat,KPK,None,0,0
2025-11-22,36.3459,74.5579,24.5,12.6,14.4,4842,Silt,4,0,Hunza,GB,None,0,0
2025-11-26,34.283,73.4012,0.6,0.4,17.9,2819,Clay,0,0,Muzaffarabad,AJK,None,0,0
2025-11-30,35.2423,72.3848,22.7,7.8,14.9,2341,Loam,2,0,Swat,KPK,None,0,0
2025-12-04,36.3582,74.7241,4.2,2.5,26.9,4051,Loam,1,0,Hunza,GB,None,0,0
2025-12-08,34.4673,73.4829,0.0,0.0,11.7,1353,Clay,3,0,Muzaffarabad,AJK,None,0,0
2025-12-12,35.1421,72.4076,0.0,0.0,26.6,2457,Rocky,4,0,Swat,KPK,None,0,0
2025-12-16,36.3356,74.5984,18.0,9.4,17.6,1915,Loam,3,0,Hunza,GB,None,0,0
2025-12-20,34.3088,73.4749,0.0,0.0,13.3,2087,Loam,0,0,Muzaffarabad,AJK,None,0,0
2025-12-24,35.2513,72.4072,1.5,0.5,19.4,3419,Loam,2,0,Swat,KPK,None,0,0
2025-12-28,36.2716,74.7411,16.7,11.1,17.5,4392,Clay,0,0,Hunza,GB,None,0,0
